,Authority,Event-code,Influence,Description ENG,Description ORI,Event-class,Event-class Description,mapped_status,is_granted
0,AR,FA,-,ABANDONMENT OR WITHDRAWAL,ABANDONO O RETIRO,B,APPLICATION DISCONTINUATION,DEAD,False
1,AR,FB,-,SUSPENSION OF GRANTING PROCEDURE,SUSPENSION DEL PROCESO DE CONCESION,T,ADMINISTRATIVE PROCEDURE ADJUSTMENT,PENDING,False
2,AR,FC,-,REFUSAL,DENEGACION,B,APPLICATION DISCONTINUATION,DEAD,False
3,AR,FD,-,"APPLICATION DECLARED VOID OR LAPSED, E.G., DUE TO NON-PAYMENT OF FEE","SOLICITUD DECLARADA NULA O CADUCADA, POR EJEMPLO, POR IMPAGO DE LAS TASAS",B,APPLICATION DISCONTINUATION,DEAD,False
4,AR,FG,+,"GRANT, REGISTRATION","CONCESION, REGISTRO",F,IP RIGHT GRANT,ALIVE,False
5,AT,A1AW,-,REVOCATION OF PUBLISHED EXAMINED APPLICATION,AUFGEBOTSWIDERRUF,B,APPLICATION DISCONTINUATION,DEAD,False
6,AT,A1B,,CORRECTION,BERICHTIGUNG,,,NEUTRAL,False
7,AT,A1J,-,WITHDRAWAL PARAGRAPH 166 LIT. 6,ZURUECKGENOMMEN PAR. 166 ABS. 6,B,APPLICATION DISCONTINUATION,DEAD,False
8,AT,A1V,-,REFUSAL,PATENTVERSAGUNG,B,APPLICATION DISCONTINUATION,DEAD,False
9,AT,A1WE,+,CONCESSION OF RESTITUTION,WIEDEREINSETZUNGSBEWILLIGUNG,C,APPLICATION REVIVAL,ALIVE,False
10,AT,A1WR,-,REVOCATION,WIDERRUF,,,DEAD,False
11,AT,A1Z,-,WITHDRAWN,ZURUECKGEZOGEN,B,APPLICATION DISCONTINUATION,DEAD,False
12,AT,AJI,+,ERRONEOUS WITHDRAWAL,IRRTUEMLICH ZURUECKGENOMMEN,Y,CORRECTION AND DELETION OF EVENT INFORMATION,NEUTRAL,False
13,AT,AZ,-,WITHDRAWN,ZURUECKGEZOGEN,B,APPLICATION DISCONTINUATION,DEAD,False
14,AT,EB,,CORRECTION OF GRANT,BERICHTIGUNG EINER ERTEILUNG,,,NEUTRAL,False
15,AT,EBA,,NOTIFICATION SUSPENDED (E-SERIES),BEKANNTMACHUNG AUFGEHOBEN (E-SERIE),T,ADMINISTRATIVE PROCEDURE ADJUSTMENT,NEUTRAL,False
16,AT,EDES,-,AT NOT NOMINATED AS A DESIGNATED STATE,AT NICHT ALS VERTRAGSSTAAT BENANNT,W,OTHER,UNKNOWN,False
17,AT,EEB,,CORRECTION OF GRANT,BERICHTIGUNG EINER ERTEILUNG,,,NEUTRAL,False
18,AT,EECC,,CORRECTIONS OF CLAIMS AS TO PAR. 4/2 FILED,BERICHTIGUNG DER PATENTANSPRUECHE GEMAESS PAR. 4/2 EINGEREICHT,W,OTHER,NEUTRAL,False
19,AT,EEFA,,CHANGE OF THE COMPANY NAME,FIRMENAENDERUNG,R,PARTY DATA CHANGE,NEUTRAL,False
20,AT,EEGN,-,PATENT NOT VALID IN AUSTRIA,GILT ALS NICHT ERTEILT,W,OTHER,UNKNOWN,False
21,AT,EEIH,,CHANGE IN THE PERSON OF PATENT OWNER,AENDERUNG IN DER PERSON DES INHABERS,R,PARTY DATA CHANGE,NEUTRAL,False
22,AT,EEK,-,PROCLAMATION AS TO PARAGRAPH 128 PATENT LAW,KUNDMACHUNG GEM. PAR. 128 PATG.,Y,CORRECTION AND DELETION OF EVENT INFORMATION,NEUTRAL,False
23,AT,EEK1,,PROCLAMATION AS TO PARAGRAPH 128 PATENT LAW,KUNDMACHUNG GEM. PARAGRAPH 128 PATG,Y,CORRECTION AND DELETION OF EVENT INFORMATION,NEUTRAL,False
24,AT,EELA,-,CANCELLED DUE TO LAPSE OF TIME,ERLOSCHEN DURCH ZEITABLAUF,H,IP RIGHT CESSATION,DEAD,False
25,AT,EELB,,CORRECTION OF A CANCELLATION,BERICHTIGUNG EINER LOESCHUNG,Y,CORRECTION AND DELETION OF EVENT INFORMATION,NEUTRAL,False
26,AT,EELI,+,ERRONEOUS LAPSE OF AN EP NUMBER,IRRTUEMLICHE LOESCHUNG EINER EP NUMMER,Y,CORRECTION AND DELETION OF EVENT INFORMATION,NEUTRAL,False
27,AT,EELJ,-,LAPSED DUE TO NON-PAYMENT OF THE ANNUAL FEE,ERLOSCHEN DURCH NICHTZ. D. JAHRESGEB.,,,DEAD,False
28,AT,EELV,-,LAPSED DUE TO WITHDRAWAL,ERLOSCHEN DURCH VERZICHT,B,APPLICATION DISCONTINUATION,DEAD,False
29,AT,EEN,-,DECLARATION OF NULLIFICATION,NICHTIGERKLAERUNG,H,IP RIGHT CESSATION,DEAD,False
30,AT,EENE,,NOMINATION OF INVENTOR,NENNUNG ALS ERFINDER,R,PARTY DATA CHANGE,NEUTRAL,False
31,AT,EEPA,,CORRECTION: FIRST CLAIM,BERICHTIGUNG: PATENTANSPRUCH 1,,,NEUTRAL,False
32,AT,EETN,-,DECLARATION OF NULLIFICATION IN PART,TEILNICHTIGERKLAERUNG,M,IP RIGHT MAINTENANCE,DEAD,False
33,AT,EETR,,CORRECTION OF THE TRANSLATION AS TO PAR. 6/3 PATV-EG,BERICHTIGUNG DER UEBERSETZUNG GEM. PAR. 6 ABS. 3 PATV-EG,P,RE-PUBLICATION OF DOCUMENT AFTER MODIFICATION,PENDING,False
34,AT,EETV,-,PARTIALLY WITHDRAWN,TEILVERZICHT,M,IP RIGHT MAINTENANCE,UNKNOWN,False
35,AT,EEVS,,CORRECTION: LANGUAGE OF PUBLICATION,BERICHTIGUNG: VEROEFFENTLICHUNGSSPRACHE,,,PENDING,False
36,AT,EEWE,+,AUTHORIZATION FOR RESTITUTION,WIEDEREINSETZUNGSBEWILLIGUNG,K,IP RIGHT REVIVAL,ALIVE,False
37,AT,EEZF,+,GRANT FOR A CERTIFICATE OF PROTECTION (E-SERIES),ERTEILUNG EINES SCHUTZZERTIFIKATES (E-SERIE),G,PROTECTION BEYOND IP RIGHT TERM,ALIVE,False
38,AT,EFA,,CHANGE IN THE COMPANY NAME,FIRMENAENDERUNG,R,PARTY DATA CHANGE,NEUTRAL,False
39,AT,EGA,-,DECISION OF GRANT WAS REVOKED,DIE ERTEILUNG WURDE AUFGEHOBEN,F,IP RIGHT GRANT,DEAD,False
40,AT,EIH,,CHANGE IN THE PERSON OF PATENT OWNER,AENDERUNG IN DER PERSON DES INHABERS,R,PARTY DATA CHANGE,NEUTRAL,False
41,AT,EK,+,PROCLAMATION AS TO PARAGRAPH 128 PATENT LAW (REINSTATEMENT AFTER ERRONEOUS INVALIDATION BY THE PATENT OFFICE),KUNDMACHUNG GEM. PAR. 128 PATG.,Y,CORRECTION AND DELETION OF EVENT INFORMATION,ALIVE,False
42,AT,ELA,-,EXPIRED DUE TO LAPSE OF TIME,ERLOSCHEN DURCH ZEITABLAUF,H,IP RIGHT CESSATION,DEAD,False
43,AT,ELI,+,ERRONEOUS LAPSE,IRRTUEMLICHE LOESCHUNG,Y,CORRECTION AND DELETION OF EVENT INFORMATION,NEUTRAL,False
44,AT,ELJ,-,CEASED DUE TO NON-PAYMENT OF THE ANNUAL FEE,ERLOSCHEN DURCH NICHTZ. D. JAHRESGEB.,H,IP RIGHT CESSATION,DEAD,False
45,AT,ELV,-,CEASED DUE TO RENUNCIATION,ERLOSCHEN DURCH VERZICHT,H,IP RIGHT CESSATION,DEAD,False
46,AT,EN,-,DECLARATION OF NULLIFICATION,NICHTIGERKLAERUNG,H,IP RIGHT CESSATION,DEAD,False
47,AT,ENE,,INVENTOR NAMED,NENNUNG ALS ERFINDER,R,PARTY DATA CHANGE,NEUTRAL,False
48,AT,EPS,-,PROCESS SUSPENDED BEFORE GRANT OF PATENT,DAS VERFAHREN WURDE VOR DER PATENTERTEILUNG AUSGESETZT,T,ADMINISTRATIVE PROCEDURE ADJUSTMENT,UNKNOWN,True
49,AT,ESZA,+,APPLICATION FILED FOR A CERTIFICATE OF PROTECTION (E-SERIES),ANMELDUNG EINES SCHUTZZERTIFIKATES (E-SERIE),G,PROTECTION BEYOND IP RIGHT TERM,PENDING,False
50,AT,ESZL,-,CERTIFICATE OF PROTECTION EXPIRED (E-SERIES),SCHUTZZERTIFIKAT ERLOSCHEN (E-SERIE),H,IP RIGHT CESSATION,DEAD,False
51,AT,ESZP,,APPLICATION FOR PROLONGATION OF SPC,ANTRAG AUF VERLAENGERUNG DER LAUFZEIT EINES SCHUTZZERTIFIKATS,G,PROTECTION BEYOND IP RIGHT TERM,PENDING,False
52,AT,ESZW,-,CERTIFICATE OF PROTECTION REJECTED (E-SERIES),SCHUTZZERTIFIKAT ZURUECKGEWIESEN (E-SERIE),G,PROTECTION BEYOND IP RIGHT TERM,NEUTRAL,False
53,AT,ESZX,,CORRECTION TO GRANTED SPC,BERICHTIGUNG ZU ERTEILTEM SCHUTZZERTIFIKAT,P,RE-PUBLICATION OF DOCUMENT AFTER MODIFICATION,PENDING,False
54,AT,ESZZ,-,CERTIFICATE OF PROTECTION WITHDRAWN (E-SERIES),SCHUTZZERTIFIKAT ZURUECKGEZOGEN (E-SERIE),G,PROTECTION BEYOND IP RIGHT TERM,NEUTRAL,False
55,AT,ETN,-,DECLARATION OF NULLIFICATION IN PART,TEILNICHTIGERKLAERUNG,M,IP RIGHT MAINTENANCE,DEAD,False
56,AT,ETV,-,PARTIAL RENUNCIATION,TEILVERZICHT,M,IP RIGHT MAINTENANCE,DEAD,False
57,AT,EWE,+,AUTHORIZATION FOR RESTITUTION,WIEDEREINSETZUNGSBEWILLIGUNG,K,IP RIGHT REVIVAL,ALIVE,False
58,AT,EZF,+,GRANT OF A CERTIFICATE OF PROTECTION,ERTEILUNG EINES SCHUTZZERTIFIKATES,G,PROTECTION BEYOND IP RIGHT TERM,ALIVE,False
59,AT,HA,,CHANGE OR ADDITION OF NEW INVENTOR,AENDERUNG DER ERFINDERNENNUNG,R,PARTY DATA CHANGE,NEUTRAL,False
60,AT,HA9K,,MENTION OF THE INVENTOR,NENNUNG ALS ERFINDER,R,PARTY DATA CHANGE,NEUTRAL,False
61,AT,HC,,CHANGE OF THE FIRM NAME OR FIRM ADDRESS,FIRMENAENDERUNG,R,PARTY DATA CHANGE,NEUTRAL,False
62,AT,MA03,-,REVOCATION OF THE PATENT,LOESCHUNG WEGEN WIDERRUF,H,IP RIGHT CESSATION,DEAD,False
63,AT,MA04,-,WITHDRAWAL (RENUNCIATION),LOESCHUNG WEGEN VERZICHT,H,IP RIGHT CESSATION,DEAD,False
64,AT,MA9K,-,CEASED DUE TO RENUNCIATION,ERLOESCHUNG INFOLGE VERZICHTERKLAERUNG,H,IP RIGHT CESSATION,DEAD,False
65,AT,MF02,-,NULLIFICATION OF THE PATENT,LOESCHUNG WEGEN NICHTIGKEIT,H,IP RIGHT CESSATION,DEAD,False
66,AT,MK05,-,DELETION ACC. TO PAR. 5 (WITHDRAWAL OF THE TRANSLATION OF THE EP PATENT),LOESCHUNG GEMAESS PAR. 5 (ZURUECKZIEHUNG DER UEBERSETZUNG DES EP PATENTS),H,IP RIGHT CESSATION,DEAD,False
67,AT,MK07,-,EXPIRY,LOESCHUNG WEGEN ZEITABLAUFS,H,IP RIGHT CESSATION,DEAD,False
68,AT,MM01,-,LAPSE BECAUSE OF NOT PAYING ANNUAL FEES,LOESCHUNG WEGEN NICHTZAHLUNG DER JAEHRLICHEN GEBUEHR,H,IP RIGHT CESSATION,DEAD,False
69,AT,MM9K,-,LAPSE DUE TO NON-PAYMENT OF RENEWAL FEE,ERLOESCHUNG INFOLGE UNTERLASSUNG DER ZAHLUNG DER JAHRESGEBUEHR,H,IP RIGHT CESSATION,DEAD,False
70,AT,MN9K,-,CANCELLED DUE TO LAPSE OF TIME,ERLOESCHUNG INFOLGE ABLAUFES DER GESETZLICHEN SCHUTZDAUER,H,IP RIGHT CESSATION,DEAD,False
71,AT,NF05,+,REINSTATEMENT AFTER FORMER REVOCATION OF TRANSLATION OF EP PATENT,WIEDEREINSETZUNG EP PATENTS GEMAESS PAR 5 (NACH VORHERIGER ZURUECKZIEHUNG DER UEBERSETZUNG DES EP PATENTS),K,IP RIGHT REVIVAL,ALIVE,False
72,AT,NF8K,+,REINSTATED - DUE TO THE ACCEPTANCE OF A LATE YEAR MAINTENANCE FEE,WIEDEREINSETZUNGSBEWILLIGUNG - WEGEN VERSAEUMUNG DER FRIST ZUR ZAHLUNG EINER JAHRESGEBUEHR,K,IP RIGHT REVIVAL,ALIVE,False
73,AT,NF9K,+,REINSTATEMENT,WIEDEREINSETZUNGSBEWILLIGUNG,K,IP RIGHT REVIVAL,ALIVE,False
74,AT,NFJG,+,REINSTATEMENT AFTER LATE PAYMENT OF ANNUAL FEES,WIEDEREINSETZUNG NACH VERSPAETETER ZAHLUNG DER JAHRESGEBUEHR,K,IP RIGHT REVIVAL,ALIVE,False
75,AT,PC,,CHANGE OF THE OWNER,AENDERUNG AN DER PERSON DES PATENTINHABERS,R,PARTY DATA CHANGE,NEUTRAL,False
76,AT,PD9K,,CHANGE OF OWNER OF UTILITY MODEL,AENDERUNGEN IN DER PERSON DES GEBRAUCHSMUSTERINHABERS,R,PARTY DATA CHANGE,NEUTRAL,False
77,AT,PTA,-,MAINTAINED IN AMEND FORM AFTER OPPOSITION,NACH EINSPRUCH IM EINGESCHRAENKTEN UMFANG AUFRECHTERHALTEN,M,IP RIGHT MAINTENANCE,UNKNOWN,False
78,AT,PW9K,-,PARTIAL RENOUNCEMENT,TEILVERZICHT,M,IP RIGHT MAINTENANCE,UNKNOWN,False
79,AT,PWDR,-,PARTLY WITHDRAWN,TEILWEISE WIDERRUFEN,M,IP RIGHT MAINTENANCE,UNKNOWN,False
80,AT,R90,-,INTERRUPTION IN THE CASE REFERRED TO IN RULE 90,UNTERBRECHUNG GEM. REGEL 90,,,UNKNOWN,False
81,AT,REF,+,REFERENCE TO AT NUMBER (EP PATENT VALIDATED IN AUSTRIA),NENNUNG DER E-NUMMER (EP PATENT TRITT IN AT NATIONALE PHASE EIN),W,OTHER,ALIVE,True
82,AT,REJ,,REJECTION,ZURUECKWEISUNG,B,APPLICATION DISCONTINUATION,PENDING,False
83,AT,REJO,-,OPPOSITION ACCEPTED [PATENT REVOKED],EINSPRUCH STATTGEGEBEN,L,IP RIGHT REVIEW REQUEST,DEAD,False
84,AT,REN,-,CEASED DUE TO NON-PAYMENT OF THE ANNUAL FEE,ERLOSCHEN INFOLGE NICHTZ. D. JAHRESGEB.,H,IP RIGHT CESSATION,DEAD,False
85,AT,RER,-,CEASED AS TO PARAGRAPH 5 LIT. 3 LAW INTRODUCING PATENT TREATIES,ERLOSCHEN GEM. PAR. 5 ABS. 3 PATVEG.,H,IP RIGHT CESSATION,DEAD,False
86,AT,REZ,-,DELETED DUE TO WITHDRAWAL,GELOESCHT INFOLGE ZURUECKNAHME,H,IP RIGHT CESSATION,DEAD,False
87,AT,RH,-,DECLARED NULL AND VOID,NICHTIGERKLAERUNG,H,IP RIGHT CESSATION,DEAD,False
88,AT,RRZN,+,REVOCATION OF REVOCATION,WIDERRUF DES WIDERRUF,K,IP RIGHT REVIVAL,ALIVE,False
89,AT,RVE,-,REJECTION DUE TO AN OPPOSITION FILED WITH THE EPO,VERSAGUNG AUF GRUND EINES EINSPRUCHES IM EPA,,,UNKNOWN,False
90,AT,RXX,,MISCELLANEOUS,VERSCHIEDENES,,,NEUTRAL,False
91,AT,RZN,-,PATENT REVOKED,WIDERRUF DES PATENTS,H,IP RIGHT CESSATION,DEAD,False
92,AT,SPCC,,CORRECTION TO AN SPC,BERICHTIGUNG EINES SCHUTZZERTIFIKATS,P,RE-PUBLICATION OF DOCUMENT AFTER MODIFICATION,PENDING,False
93,AT,SPCE,+,FILING FOR EXTENDING AN SPC (PAEDIATRIC MEDICAMENT),ANMELDUNG EINER VERLAENGERUNG EINES SCHUTZZERTIFIKATS (MEDIKAMENT BEI KINDERN),G,PROTECTION BEYOND IP RIGHT TERM,NEUTRAL,False
94,AT,SPCF,+,FILING AN SPC,ANMELDUNG EINES SCHUTZZERTIFIKATS,G,PROTECTION BEYOND IP RIGHT TERM,NEUTRAL,False
95,AT,SPCG,+,GRANT OF AN SPC,ERTEILUNG EINES SCHUTZZERTIFIKATS,G,PROTECTION BEYOND IP RIGHT TERM,ALIVE,False
96,AT,SPCI,+,REINSTATEMENT AFTER LATE PAYMENT OF ANNUAL FEES FOR AN SPC,WIEDEREINSETZUNG EINES SCHUTZZERTIFIKATS NACH VERSPAETETER ZAHLUNG DER JAHRESGEBUEHR,K,IP RIGHT REVIVAL,ALIVE,False
97,AT,SPCL,-,LAPSE OF AN SPC,AUSLAUFEN DES SCHUTZZERTIFIKATS WEGEN NICHTZAHLUNG DER JAHRESGEBUEHR,H,IP RIGHT CESSATION,DEAD,False
98,AT,SPCN,-,NULLIFICATION OF AN SPC,LOESCHUNG DES SCHUTZZERTIFIKATS WEGEN NICHTIGKEIT,H,IP RIGHT CESSATION,DEAD,False
99,AT,SPCR,-,REVOCATION OF AN SPC,ZURUECKWEISUNG EINES SCHUTZZERTIFIKATS,H,IP RIGHT CESSATION,DEAD,False
100,AT,SPCT,,CHANGE OF THE OWNER OF AN SPC,AENDERUNG DES INHABERS EINES SCHUTZZERTIFIKATS,R,PARTY DATA CHANGE,NEUTRAL,False
101,AT,SPCU,,CHANGE IN THE NAME OR ADDRESS OF THE FIRM OWNING AN SPC,FIRMENAENDERUNG FUER EIN SCHUTZZERTIFIKAT,R,PARTY DATA CHANGE,NEUTRAL,False
102,AT,SPCW,-,WITHDRAWAL (RENUNCIATION) OF AN SPC,ZURUECKZIEHUNG DES SCHUTZZERTIFIKATS,H,IP RIGHT CESSATION,DEAD,False
103,AT,SPCX,-,EXPIRY OF AN SPC,LOESCHUNG WEGEN ZEITABLAUFS DES SCHUTZZERTIFIKATS,H,IP RIGHT CESSATION,DEAD,False
104,AT,SPCY,-,REJECTION OF THE EXTENSION OF AN SPC,VERWEIGERUNG DER VERLAENGERUNG DES SCHUTZZERTIFIKATS,,,UNKNOWN,False
105,AT,SPCZ,+,GRANT OF EXTENSION FOR AN SPC (PAEDIATRIC MEDICAMENT),ERTEILUNG DER VERLAENGERUNG EINES SCHUTZZERTIFIKATS (MEDIKAMENT BEI KINDERN),G,PROTECTION BEYOND IP RIGHT TERM,ALIVE,False
106,AT,SZA,+,APPLICATION FILED FOR A CERTIFICATE OF PROTECTION,ANMELDUNG EINES SCHUTZZERTIFIKATES,G,PROTECTION BEYOND IP RIGHT TERM,PENDING,False
107,AT,SZV,+,SPC PROLONGED,SCHUTZZERTIFIKAT VERLAENGERT,G,PROTECTION BEYOND IP RIGHT TERM,NEUTRAL,False
108,AT,SZW,-,CERTIFICATE OF PROTECTION REJECTED,SCHUTZZERTIFIKAT ZURUECKGEWIESEN,G,PROTECTION BEYOND IP RIGHT TERM,NEUTRAL,False
109,AT,SZZ,-,CERTIFICATE OF PROTECTION WITHDRAWN,SCHUTZZERTIFIKAT ZURUECKGEZOGEN,G,PROTECTION BEYOND IP RIGHT TERM,NEUTRAL,False
110,AT,TC9K,,CHANGE OF COMPANY,FIRMENAENDERUNG,R,PARTY DATA CHANGE,NEUTRAL,False
111,AT,UEP,+,PUBLICATION OF TRANSLATION OF EUROPEAN PATENT SPECIFICATION,UEBERSETZUNG DER EUROPAEISCHEN PATENTSCHRIFT AUSGEGEBEN,Q,DOCUMENT PUBLICATION,PENDING,False
112,AT,UW,,CHANGE OF INTELLECTUAL PROPERTY RIGHT,UMWANDLUNG,F,IP RIGHT GRANT,NEUTRAL,False
113,AT,XX,,MISCELLANEOUS:,DIVERSES:,,,NEUTRAL,False
114,AU,ADV,,ADVERTISEMENT,ADVERTISEMENT,Z,CLASSIFICATION PENDING,NEUTRAL,False
115,AU,AMFD,,AMENDMENT OF FILING DATE,AMENDMENT OF FILING DATE,P,RE-PUBLICATION OF DOCUMENT AFTER MODIFICATION,PENDING,False
116,AU,BG,,"COMPLETE SPECIFICATIONS TREATED AS PROVISIONAL SPECIFICATIONS, SECTION 37","COMPLETE SPECIFICATIONS TREATED AS PROVISIONAL SPECIFICATIONS, SECTION 37",D,SEARCH AND EXAMINATION,PENDING,False
117,AU,BH,,COMPLETE SPECIFICATION TREATED AS INNOVATION SPECIFICATION,COMPLETE SPECIFICATION TREATED AS INNOVATION SPECIFICATION,D,SEARCH AND EXAMINATION,PENDING,False
118,AU,CB,-,OPPOSITION FILED,OPPOSITION LODGED BY,E,PRE-GRANT REVIEW REQUEST,PENDING,False
119,AU,CB4,-,OPPOSITION FILED UNDER SECTION 104(4),OPPOSITION UNDER SECTION 104(4) LODGED,E,PRE-GRANT REVIEW REQUEST,PENDING,False
120,AU,CC,+,OPPOSITION DISMISSED,OPPOSITION DISMISSED,E,PRE-GRANT REVIEW REQUEST,ALIVE,False
121,AU,CC1,+,OPPOSITION REFUSED - PROCEED TO GRANT,OPPOSITION DISMISSED - PROCEED TO GRANT,E,PRE-GRANT REVIEW REQUEST,ALIVE,False
122,AU,CC4,+,OPPOSITION UNDER SECTION 104(4) REFUSED,OPPOSITION UNDER SECTION 104(4) DISMISSED,E,PRE-GRANT REVIEW REQUEST,ALIVE,False
123,AU,CFC,-,OPPOSITION PROCEEDINGS - APPLICATION WITHDRAWN,APPLICATION WITHDRAWN - OPPOSITION PROCEEDINGS,L,IP RIGHT REVIEW REQUEST,PENDING,False
124,AU,CH,+,OPPOSITION WITHDRAWN,OPPOSITION WITHDRAWN,E,PRE-GRANT REVIEW REQUEST,ALIVE,False
125,AU,CH4,+,OPPOSITION UNDER SECTION 104(4) WITHDRAWN,OPPOSITION UNDER SECTION 104(4) WITHDRAWN,E,PRE-GRANT REVIEW REQUEST,ALIVE,False
126,AU,CHRG,,CHARGES [MORTGAGE] REGISTERED,CHARGES REGISTERED,S,INFORMATION ON LICENSING AND SIMILAR TRANSACTIONS,NEUTRAL,False
127,AU,CLAC,,OPPOSITION PROCEEDINGS CLOSED DUE TO NON-PAYMENT OF CONTINUATION FEE,LAPSED CONTINUATION FEE - OPPOSITION PROCEEDINGS,L,IP RIGHT REVIEW REQUEST,NEUTRAL,False
128,AU,CNC5,-,NOTICE OF OPPOSITION UNDER SECTION 223(6) AND CHAPTER 5,NOTICE OF OPPOSITION UNDER SECTION 223(6) AND CHAPTER 5,E,PRE-GRANT REVIEW REQUEST,PENDING,False
129,AU,CR,+,OPPOSITION PROCEEDINGS - APPLICATION REFUSED,OPPOSITION PROCEEDINGS - APPLICATION REFUSED,L,IP RIGHT REVIEW REQUEST,PENDING,False
130,AU,CSOP,,COMPLETE SPECIFICATION OPEN TO PUBLIC INSPECTION ACCORDING SECT. 54 PATENTS ACT 1990,COMPLETE SPECIFICATION OPEN TO PUBLIC INSPECTION ACCORDING SECT. 54 PATENTS ACT 1990,Q,DOCUMENT PUBLICATION,PENDING,False
131,AU,CSPA,+,PROVISION UNDER SECT. 173 (PUBLICATION FORBIDDEN) REVOKED: COMPLETE SPECIFICATION ACCEPTED,PROVISION UNDER SECT. 173 (PUBLICATION FORBIDDEN) REVOKED: COMPLETE SPECIFICATION ACCEPTED,,,PENDING,False
132,AU,CSPF,,PROVISION UNDER SECT. 173 (PUBLICATION FORBIDDEN) REVOKED: COMPLETE SPECIFICATION LODGED,PROVISION UNDER SECT. 173 (PUBLICATION FORBIDDEN) REVOKED: COMPLETE SPECIFICATION LODGED,Q,DOCUMENT PUBLICATION,PENDING,False
133,AU,CSPL,-,PROVISION UNDER SECT. 173 (PUBLICATION FORBIDDEN) REVOKED: COMPLETE SPECIFICATION LAPSED,PROVISION UNDER SECT. 173 (PUBLICATION FORBIDDEN) REVOKED: COMPLETE SPECIFICATION LAPSED,,,DEAD,False
134,AU,CSPO,,PROVISION UNDER SECT. 173 (PUBLICATION FORBIDDEN) REVOKED: COMPLETE SPECIFICATION OPEN TO PUBLIC INSPECTION,PROVISION UNDER SECT. 173 (PUBLICATION FORBIDDEN) REVOKED: COMPLETE SPECIFICATION OPEN TO PUBLIC INSPECTION,Q,DOCUMENT PUBLICATION,PENDING,False
135,AU,CTIS,,COMPLETE SPECIFICATION TREATED AS INNOVATON SPECIFICATION (SECTION 104),COMPLETE SPECIFICATION TREATED AS INNOVATON SPECIFICATION (SECTION 104),D,SEARCH AND EXAMINATION,PENDING,False
136,AU,CW,+,OPPOSITION WITHDRAWN - PROCEED TO GRANT,OPPOSITION WITHDRAWN - PROCEED TO GRANT,F,IP RIGHT GRANT,ALIVE,False
137,AU,DA2,,APPLICATIONS FOR AMENDMENT SECTION 104,APPLICATIONS FOR AMENDMENT SECTION 104,P,RE-PUBLICATION OF DOCUMENT AFTER MODIFICATION,PENDING,False
138,AU,DA3,,AMENDMENTS MADE SECTION 104,AMENDMENTS MADE SECTION 104,P,RE-PUBLICATION OF DOCUMENT AFTER MODIFICATION,PENDING,False
139,AU,DA4,,NOTICE OF INTENTION TO AMEND COMPL. SPEC./ LETTER PATENT ETC. PURSUANT TO ORDER 58 RULE 10 OF FED. COURT RULES,NOTICE OF INTENTION TO AMEND COMPL. SPEC./ LETTER PATENT ETC. PURSUANT TO ORDER 58 RULE 10 OF FED. COURT RULES,P,RE-PUBLICATION OF DOCUMENT AFTER MODIFICATION,PENDING,False
140,AU,DA5,,AMENDMENT SECTION 105 PATENTS ACT 1990 - AMENDMENT DIRECTED BY COURT,AMENDMENT SECTION 105 PATENTS ACT 1990 - AMENDMENT DIRECTED BY COURT,P,RE-PUBLICATION OF DOCUMENT AFTER MODIFICATION,PENDING,False
141,AU,DA6,,"AMENDMENTS SECTION 104, APPLICATION FOR AMENDMENT WITHDRAWN","AMENDMENTS SECTION 104, APPLICATION FOR AMENDMENT WITHDRAWN",P,RE-PUBLICATION OF DOCUMENT AFTER MODIFICATION,PENDING,False
142,AU,FF,+,CERTIFIED INNOVATION PATENT,CERTIFIED INNOVATION PATENT,F,IP RIGHT GRANT,ALIVE,False
143,AU,FGA,+,LETTERS PATENT SEALED OR GRANTED (STANDARD PATENT),LETTERS PATENT SEALED OR GRANTED (STANDARD PATENT),F,IP RIGHT GRANT,ALIVE,True
144,AU,FGD,+,DUPLICATE LETTERS PATENT SEALED OR GRANTED,DUPLICATE LETTERS PATENT SEALED OR GRANTED,F,IP RIGHT GRANT,ALIVE,True
145,AU,FGF,+,PATENT SEALED OR GRANTED (PETTY PATENT),PATENT SEALED OR GRANTED (PETTY PATENT),F,IP RIGHT GRANT,ALIVE,True
146,AU,FGI,+,LETTERS PATENT SEALED OR GRANTED (INNOVATION PATENT),LETTERS PATENT SEALED OR GRANTED (INNOVATION PATENT),F,IP RIGHT GRANT,ALIVE,True
147,AU,GC,,CANCELLATION OF LICENCE AGREEMENT,CANCELLATION OF LICENCE AGREEMENT,S,INFORMATION ON LICENSING AND SIMILAR TRANSACTIONS,NEUTRAL,False
148,AU,GD,,LICENCE REGISTERED,LICENCE REGISTERED,S,INFORMATION ON LICENSING AND SIMILAR TRANSACTIONS,NEUTRAL,False
149,AU,GDD,,DISCHARGE OF A LICENCE,DISCHARGE OF A LICENCE,S,INFORMATION ON LICENSING AND SIMILAR TRANSACTIONS,NEUTRAL,False
150,AU,GM,,MORTGAGES REGISTERED,MORTGAGES REGISTERED,S,INFORMATION ON LICENSING AND SIMILAR TRANSACTIONS,NEUTRAL,False
151,AU,GMD,,DISCHARGE OF A MORTGAGE,DISCHARGE OF A MORTGAGE,S,INFORMATION ON LICENSING AND SIMILAR TRANSACTIONS,NEUTRAL,False
152,AU,HB,,ALTERATION OF NAME IN REGISTER,ALTERATION OF NAME IN REGISTER,R,PARTY DATA CHANGE,NEUTRAL,False
153,AU,HC1,,"CHANGE OF APPLICANT'S NAME (SECT. 215), DEATH OF APPLICANT","CHANGE OF APPLICANT'S NAME (SECT. 215), DEATH OF APPLICANT",R,PARTY DATA CHANGE,NEUTRAL,False
154,AU,HGD,,CHANGE OF NAME OF LICENSEE,CHANGE OF NAME OF LICENSEE,R,PARTY DATA CHANGE,NEUTRAL,False
155,AU,MAK,-,OFFER TO SURRENDER LETTERS PATENT,OFFER TO SURRENDER LETTERS PATENT,H,IP RIGHT CESSATION,DEAD,False
156,AU,MAL,-,SURRENDER AND REVOCATION OF LETTERS PATENT,SURRENDER AND REVOCATION OF LETTERS PATENT,H,IP RIGHT CESSATION,DEAD,False
157,AU,MAY,-,OFFER TO SURRENDER PETTY PATENT,OFFER TO SURRENDER PETTY PATENT,H,IP RIGHT CESSATION,DEAD,False
158,AU,MFS,-,SURRENDER AND REVOCATION OF PETTY PATENT,SURRENDER AND REVOCATION OF PETTY PATENT,H,IP RIGHT CESSATION,DEAD,False
159,AU,MK1,-,APPLICATION LAPSED SECTION 142(2)(A) - NO REQUEST FOR EXAMINATION IN RELEVANT PERIOD,APPLICATION LAPSED SECTION 142(2)(A) - NO REQUEST FOR EXAMINATION IN RELEVANT PERIOD,B,APPLICATION DISCONTINUATION,DEAD,False
160,AU,MK10,-,APPLICATION LAPSED SECTION 142(4)(B) - PETTY PATENT: APPLICANT DIDN'T COMPLY WITH A NOTICE FROM COMMISSIONER,APPLICATION LAPSED SECTION 142(4)(B) - PETTY PATENT: APPLICANT DIDN'T COMPLY WITH A NOTICE FROM COMMISSIONER,B,APPLICATION DISCONTINUATION,DEAD,False
161,AU,MK12,-,APPLICATION LAPSED SECTION 141(1)/REG 8.3(2) - APPLICANT FILED A WRITTEN NOTICE OF WITHDRAWAL,APPLICATION LAPSED SECTION 141(1)/REG 8.3(2) - APPLICANT FILED A WRITTEN NOTICE OF WITHDRAWAL,B,APPLICATION DISCONTINUATION,DEAD,False
162,AU,MK13,-,"APPLICATION WITHDRAWN SECTION 141(2)/REG 8.3(2) - PCT APPL. NON-ENTERING NAT. PHASE, WITHDRAWN BY APPLICANT","APPLICATION WITHDRAWN SECTION 141(2)/REG 8.3(2) - PCT APPL. NON-ENTERING NAT. PHASE, WITHDRAWN BY APPLICANT",B,APPLICATION DISCONTINUATION,DEAD,False
163,AU,MK14,-,PATENT CEASED SECTION 143(A) (ANNUAL FEES NOT PAID) OR EXPIRED,PATENT CEASED SECTION 143(A) (ANNUAL FEES NOT PAID) OR EXPIRED,H,IP RIGHT CESSATION,DEAD,False
164,AU,MK16,-,APPLICATION REFUSED,APPLICATION REFUSED,B,APPLICATION DISCONTINUATION,DEAD,False
165,AU,MK17,-,APPLICATION LAPSED REG. 22.2B(2) - NON-PAYMENT OF FILING FEES,APPLICATION LAPSED SECTION 227(5)(6)(C),B,APPLICATION DISCONTINUATION,DEAD,False
166,AU,MK18,-,"APPLICATION LAPSED REG. 3.2B(3),(5) OR (6) - NON-COMPLIANCE WITH FORMALITIES DIRECTION WITHIN PRESCRIBED TIME LIMITS","APPLICATION LAPSED REG. 3.2B(3),(5) OR (6) - NON-COMPLIANCE WITH FORMALITIES DIRECTION WITHIN PRESCRIBED TIME LIMITS",B,APPLICATION DISCONTINUATION,DEAD,False
167,AU,MK19,-,PATENT CEASED SECTION 143(A)/REG. 22.2B(2) - FEE FOR FILING A REQUEST FOR THE INNOVATION PATENT HAS NOT BEEN PAID IN TIME,PATENT CEASED SECTION 143(A)/REG. 22.2B(2) - FEE FOR FILING A REQUEST FOR THE INNOVATION PATENT HAS NOT BEEN PAID IN TIME,,,DEAD,False
168,AU,MK20,-,PATENT CEASED SECTION 143A(B)/REG. 22.2D(2) OR (4) - NON-PAYMENT OF EXAMINATION FEES WITHIN THE PRESCRIBED PERIOD,PATENT CEASED SECTION 143A(B)/REG. 22.2D(2) OR (4) - NON-PAYMENT OF EXAMINATION FEES WITHIN THE PRESCRIBED PERIOD,H,IP RIGHT CESSATION,DEAD,False
169,AU,MK21,-,PATENT CEASED SECTION 101C(B)/SECTION 143A(C)/REG. 9A.4 - EXAMINATION UNDER SECTION 101B HAD NOT BEEN CARRIED OUT WITHIN THE PERIOD PRESCRIBED,PATENT CEASED SECTION 101C(B)/SECTION 143A(C)/REG. 9A.4 - >EXAMINATION UNDER SECTION 101B HAD NOT BEEN CARRIED OUT WITHIN THE PERIOD PRESCRIBED,H,IP RIGHT CESSATION,DEAD,False
170,AU,MK22,-,"PATENT CEASED SECTION 143A(D), OR EXPIRED - NON PAYMENT OF RENEWAL FEE OR EXPIRY","PATENT CEASED SECTION 143A(D), OR EXPIRED - NON PAYMENT OF RENEWAL FEE OR EXPIRY",H,IP RIGHT CESSATION,DEAD,False
171,AU,MK24,-,APPLICATION LAPSED REG. 22.2E(2) - FAILURE TO PAY RESPONSE FEE,APPLICATION LAPSED REG. 22.2E(2) - FAILURE TO PAY RESPONSE FEE,B,APPLICATION DISCONTINUATION,DEAD,False
172,AU,MK25,-,APPLICATION LAPSED REG. 22.2I(2) - FAILURE TO PAY ACCEPTANCE FEE,APPLICATION LAPSED REG. 22.2I(2) - FAILURE TO PAY ACCEPTANCE FEE,B,APPLICATION DISCONTINUATION,DEAD,False
173,AU,MK3,-,APPLICATION LAPSED SECTION 142(2)(C) - EXAMINATION DEFERRED UNDER SECTION 46 NO REQUEST FOR EXAMINATION,APPLICATION LAPSED SECTION 142(2)(C) - EXAMINATION DEFERRED UNDER SECTION 46 NO REQUEST FOR EXAMINATION,B,APPLICATION DISCONTINUATION,DEAD,False
174,AU,MK4,-,APPLICATION LAPSED SECTION 142(2)(D) - NO CONTINUATION FEE PAID FOR THE APPLICATION,APPLICATION LAPSED SECTION 142(2)(D) - NO CONTINUATION FEE PAID FOR THE APPLICATION,B,APPLICATION DISCONTINUATION,DEAD,False
175,AU,MK5,-,APPLICATION LAPSED SECTION 142(2)(E) - PATENT REQUEST AND COMPL. SPECIFICATION NOT ACCEPTED,APPLICATION LAPSED SECTION 142(2)(E) - PATENT REQUEST AND COMPL. SPECIFICATION NOT ACCEPTED,B,APPLICATION DISCONTINUATION,DEAD,False
176,AU,MK6,-,APPLICATION LAPSED SECTION 142(2)(F)/REG. 8.3(3) - PCT APPLIC. NOT ENTERING NATIONAL PHASE,APPLICATION LAPSED SECTION 142(2)(F)/REG. 8.3(3) - PCT APPLIC. NOT ENTERING NATIONAL PHASE,B,APPLICATION DISCONTINUATION,DEAD,False
177,AU,MK7,-,APPLICATION LAPSED REG. 3.2A(3) - APPLICANT DID NOT COMPLY WITH FORMALITIES DIRECTION WITHIN PRESCRIBED TIME,APPLICATION LAPSED REG. 3.2A(3) - APPLICANT DID NOT COMPLY WITH FORMALITIES DIRECTION WITHIN PRESCRIBED TIME,B,APPLICATION DISCONTINUATION,DEAD,False
178,AU,NA,,"APPLICATIONS RECEIVED FOR EXTENSIONS OF TIME, SECTION 223","APPLICATIONS RECEIVED FOR EXTENSIONS OF TIME, SECTION 223",T,ADMINISTRATIVE PROCEDURE ADJUSTMENT,PENDING,False
179,AU,NAA1,,APPLICATION DESIGNATING AUSTRALIA AND CLAIMING PRIORITY FROM AUSTRALIAN DOCUMENT,APPLICATION DESIGNATING AUSTRALIA AND CLAIMING PRIORITY FROM AUSTRALIAN DOCUMENT,A,APPLICATION FILING,PENDING,False
180,AU,NB,,APPLICATIONS ALLOWED -  EXTENSIONS OF TIME SECTION 223(2),APPLICATIONS ALLOWED -  EXTENSIONS OF TIME SECTION 223(2),T,ADMINISTRATIVE PROCEDURE ADJUSTMENT,PENDING,False
181,AU,NBA,,ALLOWANCES -  EXTENSIONS OF TIME- SECTION 223(1),ALLOWANCES -  EXTENSIONS OF TIME- SECTION 223(1),T,ADMINISTRATIVE PROCEDURE ADJUSTMENT,NEUTRAL,False
182,AU,NBW,-,APPLICATION FOR EXTENSION OF TIME UNDER SECTION 223 WITHDRAWN,APPLICATION OF EXTENSION OF TIME UNDER SECTION 223 WITHDRAWN,T,ADMINISTRATIVE PROCEDURE ADJUSTMENT,PENDING,False
183,AU,NC,+,EXTENSION OF TERM  FOR STANDARD PATENT REQUESTED (SECT. 70),EXTENSION OF TERM REQUESTED FOR STANDARD PATENT (SECT. 70),G,PROTECTION BEYOND IP RIGHT TERM,NEUTRAL,False
184,AU,NCF,+,EXTENSION OF TERM FOR PETTY PATENT REQUESTED (SECT. 69),EXTENSION OF TERM REQUESTED FOR PETTY PATENT (SECT. 69),G,PROTECTION BEYOND IP RIGHT TERM,NEUTRAL,False
185,AU,NCW,-,APPLICATION FOR EXTENSION OF TERM WITHDRAWN (UNDER SECTION 73 PATENTS ACT 1990),APPLICATION FOR EXTENSION OF TERM WITHDRAWN UNDER SECTION 73 (PATENTS ACT 1990),G,PROTECTION BEYOND IP RIGHT TERM,PENDING,False
186,AU,ND,+,APPLICATION OF EXTENSION OF TERM ACCEPTED,APPLICATION OF EXTENSION OF TERM ACCEPTED,G,PROTECTION BEYOND IP RIGHT TERM,PENDING,False
187,AU,NDA,+,EXTENSION OF TERM FOR STANDARD PATENT ACCEPTED (SECT.70),EXTENSION OF TERM FOR STANDARD PATENT ACCEPTED (SECT.70),G,PROTECTION BEYOND IP RIGHT TERM,NEUTRAL,False
188,AU,NDB,+,EXTENSION OF TERM FOR STANDARD PATENT GRANTED (SECT.76),EXTENSION OF TERM FOR STANDARD PATENT GRANTED (SECT.76),G,PROTECTION BEYOND IP RIGHT TERM,ALIVE,True
189,AU,NDF,+,EXTENSION OF TERM GRANTED FOR PETTY PATENT (SECT. 69),EXTENSION OF TERM GRANTED FOR PETTY PATENT (SECT. 69),G,PROTECTION BEYOND IP RIGHT TERM,ALIVE,False
190,AU,NDP,,DECISION ON APPLICATION TO EXTEND THE TERM OF A PETTY PATENT,DECISION ON APPLICATION TO EXTEND THE TERM OF A PETTY PATENT,G,PROTECTION BEYOND IP RIGHT TERM,PENDING,False
191,AU,NDR,-,"EXTENSION OF TERM OF STANDARD PATENTS, SECTION 70: REFUSAL","EXTENSION OF TERM OF STANDARD PATENTS, SECTION 70: REFUSAL",G,PROTECTION BEYOND IP RIGHT TERM,NEUTRAL,False
192,AU,NREF,-,REFUSAL OF SECTION 223 (EXTENSION OF TIME),REFUSAL OF SECTION 223 (EXTENSION OF TIME),T,ADMINISTRATIVE PROCEDURE ADJUSTMENT,UNKNOWN,False
193,AU,ON,,DECISION OF A DELEGATE OR DEPUTY OF THE COMMISSIONER OF PATENTS (RESULT OF PATENT OFFICE HEARING),DECISION OF A DELEGATE OR DEPUTY OF THE COMMISSIONER OF PATENTS (RESULT OF PATENT OFFICE HEARING),V,APPEAL,NEUTRAL,False
194,AU,PAF,,PROVISION UNDER SECT. 173 (PUBLICATION FORBIDDEN) REVOKED: PROVISIONAL APPLICATION FILED,PROVISION UNDER SECT. 173 (PUBLICATION FORBIDDEN) REVOKED: PROVISIONAL APPLICATION FILED,,,PENDING,False
195,AU,PC,,ASSIGNMENT REGISTERED,ASSIGNMENT REGISTERED TO,R,PARTY DATA CHANGE,NEUTRAL,False
196,AU,PC1,,ASSIGNMENT BEFORE GRANT (SECT. 113),ASSIGNMENT BEFORE GRANT (SECT. 113) TO,R,PARTY DATA CHANGE,NEUTRAL,False
197,AU,PCD,-,PROCEEDING UNDER SECTION 215 (DEATH OF APPLICANT OR NOMINATED PERSON),PROCEEDING UNDER SECTION 215 (DEATH OF APPLICANT OR NOMINATED PERSON),R,PARTY DATA CHANGE,UNKNOWN,False
198,AU,RIS,,RE-ISSUE,RE-ISSUE,Q,DOCUMENT PUBLICATION,PENDING,False
199,AU,ROP,-,REVOCATION OF PATENT,REVOCATION OF PATENT,H,IP RIGHT CESSATION,DEAD,False
200,AU,S32,,PROCEEDING UNDER SECTION 32 - DISPUTES BETWEEN APPLICANTS ETC.,PROCEEDING UNDER SECTION 32 - DISPUTES BETWEEN APPLICANTS ETC.,E,PRE-GRANT REVIEW REQUEST,PENDING,False
201,AU,S37I,,"INNOVATION PATENT APPLICATION TREATED AS PROVISIONAL SPECIFICATION, ACCORDING SECT. 37","INNOVATION PATENT APPLICATION TREATED AS PROVISIONAL SPECIFICATION, ACCORDING SECT. 37",,,PENDING,False
202,AU,SREP,,SPECIFICATION REPUBLISHED,SPECIFICATION REPUBLISHED,Q,DOCUMENT PUBLICATION,PENDING,False
203,AU,TC,,CHANGE OF APPLICANT'S NAME (SEC. 104),CHANGE OF APPLICANT'S NAME (SEC. 104),R,PARTY DATA CHANGE,NEUTRAL,False
204,AU,TH,,CORRIGENDA,CORRECTION,Y,CORRECTION AND DELETION OF EVENT INFORMATION,NEUTRAL,False
205,AU,WETP,-,EXTENSION OF TERM OF PETTY PATENT WITHDRAWN,EXTENSION OF TERM OF PETTY PATENT WITHDRAWN,G,PROTECTION BEYOND IP RIGHT TERM,NEUTRAL,False
206,BE,CA,,CHANGE OF ADDRESS OF THE OWNER OF THE PATENT,CHANGEMENT D' ADRESSE DE TITULAIRE DE BREVET,R,PARTY DATA CHANGE,NEUTRAL,False
207,BE,CCCA,,CHANGE OF ADDRESS OF THE OWNER OF A SUPPLEMENTARY PROTECTION CERTIFICATE,CHANGEMENT D' ADRESSE DE TITULAIRE DE CCP,R,PARTY DATA CHANGE,NEUTRAL,False
208,BE,CCCH,,CHANGE OF OWNERSHIP OF THE SUPPLEMENTARY PROTECTION CERTIFICATE,CHANGEMENT DE TITULAIRE DE BREVET DE CCP,R,PARTY DATA CHANGE,NEUTRAL,False
209,BE,CCCN,,CHANGE OF THE NAME OF THE OWNER OF THE SUPPLEMENTARY PROTECTION CERTIFICATE,CHANGEMENT DE NOM DE TITULAIRE DE CCP,R,PARTY DATA CHANGE,NEUTRAL,False
210,BE,CCLA,-,LAPSE OF A SUPPLEMENTARY PROTECTION CERTIFICATE,DECHEANCE DE CERTIFICAT COMPLEMENTAIRE DE PROTECTION,H,IP RIGHT CESSATION,DEAD,False
211,BE,CCPA,,APPLICATION FOR A SUPPLEMENTARY PROTECTION CERTIFICATE,DEMANDE POUR UN CERTIFICAT COMPLEMENTAIRE DE PROTECTION,G,PROTECTION BEYOND IP RIGHT TERM,PENDING,False
212,BE,CCPT,-,WITHDRAWAL OF A SUPPLEMENTARY PROTECTION CERTIFICATE,CERTIFICAT COMPLEMENTAIRE DE PROTECTION RETIRE,,,DEAD,False
213,BE,CCPV,+,GRANT OF A SUPPLEMENTARY PROTECTION CERTIFICATE,DELIVRANCE D'UN CERTIFICAT COMPLEMENTAIRE DE PROTECTION,G,PROTECTION BEYOND IP RIGHT TERM,ALIVE,False
214,BE,CCRE,-,EXPIRY OF A SUPPLEMENTARY PROTECTION CERTIFICATE,CERTIFICAT COMPLEMENTAIRE DE PROTECTION DECHU,H,IP RIGHT CESSATION,DEAD,False
215,BE,CH,,CHANGE OF PATENT OWNER,CHANGEMENT DE TITULAIRE DE BREVET,R,PARTY DATA CHANGE,NEUTRAL,False
216,BE,CN,,CHANGE OF PATENT OWNER'S NAME,CHANGEMENT DE NOM DE TITULAIRE DE BREVET,R,PARTY DATA CHANGE,NEUTRAL,False
217,BE,E20,-,PATENT EXPIRED,BREVET ECHU,H,IP RIGHT CESSATION,DEAD,False
218,BE,ECH,,CHANGE OF PATENT OWNER,CHANGEMENT DE TITULAIRE DE BREVET,,,NEUTRAL,False
219,BE,ERE,-,PATENT LAPSED,BREVET DECHU,H,IP RIGHT CESSATION,DEAD,False
220,BE,FG,+,PATENT GRANTED,[NO DESCRIPTION IN ORIGINAL LANGUAGE],F,IP RIGHT GRANT,ALIVE,True
221,BE,FP,,TRANSLATION FOR EP FILED (ENTRY OF EP INTO COUNTRY),[NO DESCRIPTION IN ORIGINAL LANGUAGE],W,OTHER,NEUTRAL,False
222,BE,HC,,CHANGE OF NAME OF THE OWNERS,[NO DESCRIPTION IN ORIGINAL LANGUAGE],R,PARTY DATA CHANGE,NEUTRAL,False
223,BE,LC,,PATENT REVOCATION (PARTIAL),[NO DESCRIPTION IN ORIGINAL LANGUAGE],M,IP RIGHT MAINTENANCE,NEUTRAL,False
224,BE,LD,,PARTIAL SURRENDER OF PATENT BY THE PROPRIETOR,[NO DESCRIPTION IN ORIGINAL LANGUAGE],M,IP RIGHT MAINTENANCE,NEUTRAL,False
225,BE,MA,-,PATENT TOTALLY RENOUNCED (LAPSED DUE TO RESIGNATION BY THE PROPRIETOR),[NO DESCRIPTION IN ORIGINAL LANGUAGE],H,IP RIGHT CESSATION,DEAD,False
226,BE,MC,-,PATENT REVOKED,[NO DESCRIPTION IN ORIGINAL LANGUAGE],H,IP RIGHT CESSATION,DEAD,False
227,BE,MF,-,PATENT INVALIDATED AT REQUEST OF THIRD PARTY (E.G. OPPOSITION PROCEEDINGS),ANNULMENT TRIGGERED BY 3RD PARTY (E.G. OPPOSITION),H,IP RIGHT CESSATION,DEAD,False
228,BE,MK,-,PATENT EXPIRED BECAUSE OF REACHING THE MAXIMUM LIFETIME OF A PATENT,[NO DESCRIPTION IN ORIGINAL LANGUAGE],H,IP RIGHT CESSATION,DEAD,False
229,BE,MM,-,LAPSED BECAUSE OF NON-PAYMENT OF THE ANNUAL FEE,[NO DESCRIPTION IN ORIGINAL LANGUAGE],H,IP RIGHT CESSATION,DEAD,False
230,BE,NE,,RESTORATION REQUESTED,[NO DESCRIPTION IN ORIGINAL LANGUAGE],K,IP RIGHT REVIVAL,NEUTRAL,False
231,BE,NF,+,PATENT RESTORED AFTER LAPSE,[NO DESCRIPTION IN ORIGINAL LANGUAGE],K,IP RIGHT REVIVAL,ALIVE,False
232,BE,NG,+,PATENT RESTORED AFTER RULED-OUT OPPOSITION,[NO DESCRIPTION IN ORIGINAL LANGUAGE],K,IP RIGHT REVIVAL,ALIVE,False
233,BE,PD,,CHANGE OF OWNERSHIP,[NO DESCRIPTION IN ORIGINAL LANGUAGE],R,PARTY DATA CHANGE,NEUTRAL,False
234,BE,QB,,LICENCE REGISTERED,[NO DESCRIPTION IN ORIGINAL LANGUAGE],S,INFORMATION ON LICENSING AND SIMILAR TRANSACTIONS,NEUTRAL,False
235,BE,QC,,LICENCE AGREEMENT ENDED,[NO DESCRIPTION IN ORIGINAL LANGUAGE],S,INFORMATION ON LICENSING AND SIMILAR TRANSACTIONS,NEUTRAL,False
236,BE,RC,,PLEDGE ESTABLISHED (PAWNING),[NO DESCRIPTION IN ORIGINAL LANGUAGE],S,INFORMATION ON LICENSING AND SIMILAR TRANSACTIONS,NEUTRAL,False
237,BE,RE,-,PATENT LAPSED,BREVET DECHU,H,IP RIGHT CESSATION,DEAD,False
238,BE,RE1,-,CONFISCATION,[NO DESCRIPTION IN ORIGINAL LANGUAGE],S,INFORMATION ON LICENSING AND SIMILAR TRANSACTIONS,UNKNOWN,False
239,BE,RE20,-,PATENT EXPIRED,BREVET ECHU,H,IP RIGHT CESSATION,DEAD,False
240,BE,RF,,SEIZURE TERMINATED,[NO DESCRIPTION IN ORIGINAL LANGUAGE],S,INFORMATION ON LICENSING AND SIMILAR TRANSACTIONS,NEUTRAL,False
241,BE,RR,+,PATENT REESTABLISHED AFTER LAPSE,BREVET DECHU DONT LA RESTAURATION A ETE OBTENUE,K,IP RIGHT REVIVAL,ALIVE,False
242,BE,SPCA,-,REQUEST FOR SUPPLEMENTARY PROTECTION CERTIFICATE (SPC) WITHDRAWN,[NO DESCRIPTION IN ORIGINAL LANGUAGE],G,PROTECTION BEYOND IP RIGHT TERM,NEUTRAL,False
243,BE,SPCB,-,REQUEST FOR AN EXTENSION OF SUPPLEMENTARY PROTECTION CERTIFICATE (SPC) WITHDRAWN,[NO DESCRIPTION IN ORIGINAL LANGUAGE],G,PROTECTION BEYOND IP RIGHT TERM,NEUTRAL,False
244,BE,SPCC,,REGISTERED LICENCE OF A SUPPLEMENTARY PROTECTION CERTIFICATE,[NO DESCRIPTION IN ORIGINAL LANGUAGE],S,INFORMATION ON LICENSING AND SIMILAR TRANSACTIONS,NEUTRAL,False
245,BE,SPCD,-,SUPPLEMENTARY PROTECTION CERTIFICATE REJECTED,[NO DESCRIPTION IN ORIGINAL LANGUAGE],G,PROTECTION BEYOND IP RIGHT TERM,DEAD,False
246,BE,SPCE,,FILING FOR A PAEDIATRIC EXTENSION OF A SUPPLEMENTARY PROTECTION CERTIFICATE,[NO DESCRIPTION IN ORIGINAL LANGUAGE],G,PROTECTION BEYOND IP RIGHT TERM,NEUTRAL,False
247,BE,SPCF,,SUPPLEMENTARY PROTECTION CERTIFICATE FILED,[NO DESCRIPTION IN ORIGINAL LANGUAGE],G,PROTECTION BEYOND IP RIGHT TERM,NEUTRAL,False
248,BE,SPCG,+,SUPPLEMENTARY PROTECTION CERTIFICATE GRANTED,DELIVRANCE DE CERTIFICAT COMPLEMENTAIRE,G,PROTECTION BEYOND IP RIGHT TERM,ALIVE,False
249,BE,SPCI,+,REINSTATEMENT OF RIGHTS,[NO DESCRIPTION IN ORIGINAL LANGUAGE],K,IP RIGHT REVIVAL,ALIVE,False
250,BE,SPCL,-,SUPPLEMENTARY PROTECTION CERTIFICATE LAPSED,[NO DESCRIPTION IN ORIGINAL LANGUAGE],H,IP RIGHT CESSATION,DEAD,False
251,BE,SPCR,-,SUPPLEMENTARY PROTECTION CERTIFICATE REVOKED,[NO DESCRIPTION IN ORIGINAL LANGUAGE],H,IP RIGHT CESSATION,DEAD,False
252,BE,SPCT,,SUPPLEMENTARY PROTECTION CERTIFICATE CHANGE OF OWNERSHIP,[NO DESCRIPTION IN ORIGINAL LANGUAGE],R,PARTY DATA CHANGE,NEUTRAL,False
253,BE,SPCV,,NOTIFICATION OF A SUPPLEMENTARY PROTECTION CERTIFICATE (MANUFACTURING WAIVER),[NO DESCRIPTION IN ORIGINAL LANGUAGE],S,INFORMATION ON LICENSING AND SIMILAR TRANSACTIONS,NEUTRAL,False
254,BE,SPCW,-,SUPPLEMENTARY PROTECTION CERTIFICATE RENOUNCED,[NO DESCRIPTION IN ORIGINAL LANGUAGE],H,IP RIGHT CESSATION,DEAD,False
255,BE,SPCX,-,EXPIRY OF A SUPPLEMENTARY PROTECTION CERTIFICATE,[NO DESCRIPTION IN ORIGINAL LANGUAGE],H,IP RIGHT CESSATION,DEAD,False
256,BE,SPCY,-,PAEDIATRIC EXTENSION OF SUPPLEMENTARY PROTECTION CERTIFICATE REJECTED,[NO DESCRIPTION IN ORIGINAL LANGUAGE],G,PROTECTION BEYOND IP RIGHT TERM,DEAD,False
257,BE,SPCZ,+,GRANT OF PAEDIATRIC EXTENSION OF A SUPPLEMENTARY PROTECTION CERTIFICATE,[NO DESCRIPTION IN ORIGINAL LANGUAGE],G,PROTECTION BEYOND IP RIGHT TERM,ALIVE,False
258,BR,AN,,PROCESSING APPLICATIONS ACCORDING TO ARTICLES 230 AND 231 OF LAW 9279/96: NOTIFICATION OF FILING AN APPLICATION,PROCESSAMENTO DE PEDIDOS SEGUNDO ARTIGOS 230 E 231 DA LEI 9279/96: NOTIFICACAO DE PEDIDO DEPOSITO,A,APPLICATION FILING,PENDING,False
259,BR,B01A,,PCT PUBLICATION - REQUEST FOR ENTRY INTO THE NATIONAL PHASE [CHAPTER 1.1 PATENT GAZETTE],COMUNICACAO DA PUBLICACAO INTERNACIONAL PCT. APRESENTACAO DE PETICAO DE REQUERIMENTO DE ENTRADA NA FASE NACIONAL [CODIGO 1.1 RPI],A,APPLICATION FILING,PENDING,False
260,BR,B01D,+,REINSTATEMENT OF RIGHTS TO ENTER THE PCT NATIONAL PHASE ACCEPTED [CHAPTER 3.1 PATENT GAZETTE],RESTABELECIMENTO DE DIREITO PARA ENTRADA NA FASE NACIONAL DO PCT CONCEDIDO [CODIGO 3.1 RPI],C,APPLICATION REVIVAL,ALIVE,False
261,BR,B01E,-,NATIONAL PHASE ENTRY SUSPENDED (PCT PROCEDURE) [CHAPTER 1.5 PATENT GAZETTE],SUSPENSAO DO ANDAMENTO DE ENTRADA NA FASE NACIONAL BRASILEIRA DO PEDIDO INTERNACIONAL DE PATENTE [CODIGO 1.5 RPI],T,ADMINISTRATIVE PROCEDURE ADJUSTMENT,UNKNOWN,False
262,BR,B01X,-,DECISION OF REINSTATEMENT OF RIGHTS TO ENTER THE PCT NATIONAL PHASE IS CANCELLED [CHAPTER 1.4.4 PATENT GAZETTE],ANULACAO DA DECISAO DA CONCESSAO DE DEVOLUCAO DE PRAZO PARA O RESTABELECIMENTO DE DIREITO PARA ENTRADA NA FASE NACIONAL [CODIGO 1.4.4 RPI],Z,CLASSIFICATION PENDING,DEAD,False
263,BR,B01Y,-,REQUIREMENT CANCELLED [CHAPTER 1.5.3 PATENT GAZETTE],ANULACAO DA EXIGENCIA POR TER SIDO INDEVIDA [CODIGO 1.5.3 RPI],Y,CORRECTION AND DELETION OF EVENT INFORMATION,DEAD,False
264,BR,B01Z,-,REQUEST FOR REINSTATEMENT OF RIGHTS TO ENTER THE PCT NATIONAL PHASE REJECTED [CHAPTER 1.4.1 PATENT GAZETTE],RESTABELECIMENTO DE DIREITO PARA ENTRADA NA FASE NACIONAL DO PCT NEGADO [CODIGO 1.4.1 RPI],C,APPLICATION REVIVAL,PENDING,False
265,BR,B03A,,PUBLICATION OF A PATENT APPLICATION OR OF A CERTIFICATE OF ADDITION OF INVENTION [CHAPTER 3.1 PATENT GAZETTE],PUBLICACAO DO PEDIDO: PUBLICACAO DO PEDIDO DE PATENTE OU DE CERTIFICADO DE ADICAO DE INVENCAO [CODIGO 3.1 RPI],Q,DOCUMENT PUBLICATION,PENDING,False
266,BR,B03B,,PUBLICATION OF AN APPLICATION: PUBLICATION ANTICIPATED [CHAPTER 3.2 PATENT GAZETTE],PUBLICACAO DO PEDIDO: PUBLICACAO ANTECIPADA [CODIGO 3.2 RPI],Q,DOCUMENT PUBLICATION,PENDING,False
267,BR,B03E,,PUBLICATION OF APPLICATION WITHDRAWN [CHAPTER 3.5 PATENT GAZETTE],PUBLICACAO DO PEDIDO: PUBLICACAO DO PEDIDO RETIRADO [CODIGO 3.5 RPI],Q,DOCUMENT PUBLICATION,PENDING,False
268,BR,B03F,,PUBLICATION OF AN APPLICATION: PUBLICATION OF APPLICATION DEFINITELY DISMISSED [CHAPTER 3.6 PATENT GAZETTE],PUBLICACAO DO PEDIDO: PUBLICACAO DO PEDIDO ARQUIVADO DEFINITIVAMENTE [CODIGO 3.6 RPI],Q,DOCUMENT PUBLICATION,PENDING,False
269,BR,B03G,,PUBLICATION OF AN APPLICATION: PUBLICATION CANCELLED [CHAPTER 3.7 PATENT GAZETTE],PUBLICACAO DO PEDIDO: PUBLICACAO ANULADA [CODIGO 3.7 RPI],Q,DOCUMENT PUBLICATION,PENDING,False
270,BR,B03H,,PUBLICATION OF AN APPLICATION: RECTIFICATION [CHAPTER 3.8 PATENT GAZETTE],PUBLICACAO DO PEDIDO: RETIFICACAO [CODIGO 3.8 RPI],P,RE-PUBLICATION OF DOCUMENT AFTER MODIFICATION,PENDING,False
271,BR,B04C,,REQUEST FOR EXAMINATION: APPLICATION REINSTATED [CHAPTER 4.3 PATENT GAZETTE],PEDIDO DE EXAME: DESARQUIVAMENTO - ART. 33 PARAGRAFO UNICO DA LPI [CODIGO 4.3 RPI],C,APPLICATION REVIVAL,PENDING,False
272,BR,B04Z,,REQUEST FOR EXAMINATION: PUBLICATION OF REINSTATEMENT CANCELLED [CHAPTER 4.3.1 PATENT GAZETTE],PEDIDO DE EXAME: PUBLICACAO ANULADA [CODIGO 4.3.1 RPI],Y,CORRECTION AND DELETION OF EVENT INFORMATION,PENDING,False
273,BR,B06A,,PATENT APPLICATION PROCEDURE SUSPENDED [CHAPTER 6.1 PATENT GAZETTE],EXIGENCIAS TECNICAS E FORMAIS: EXIGENCIA - ART. 36 DA LPI - SUSPENSAO DO ANDAMENTO DO PEDIDO [CODIGO 6.1 RPI],T,ADMINISTRATIVE PROCEDURE ADJUSTMENT,PENDING,False
274,BR,B06F,,"OBJECTIONS, DOCUMENTS AND/OR TRANSLATIONS NEEDED AFTER AN EXAMINATION REQUEST ACCORDING [CHAPTER 6.6 PATENT GAZETTE]",EXIGENCIAS TECNICAS E FORMAIS: EXIGENCIA - ART. 34 DA LPI [CODIGO 6.6 RPI],D,SEARCH AND EXAMINATION,PENDING,False
275,BR,B06G,,TECHNICAL AND FORMAL REQUIREMENTS: OTHER REQUIREMENTS [CHAPTER 6.7 PATENT GAZETTE],EXIGENCIAS TECNICAS E FORMAIS: OUTRAS EXIGENCIAS [CODIGO 6.7 RPI],T,ADMINISTRATIVE PROCEDURE ADJUSTMENT,NEUTRAL,False
276,BR,B06H,,TECHNICAL AND FORMAL REQUIREMENTS: REQUIREMENT CANCELLED [CHAPTER 6.8 PATENT GAZETTE],EXIGENCIAS TECNICAS E FORMAIS: EXIGENCIA ANULADA [CODIGO 6.8 RPI],D,SEARCH AND EXAMINATION,PENDING,False
277,BR,B06I,,PUBLICATION OF REQUIREMENT CANCELLED [CHAPTER 6.9 PATENT GAZETTE],EXIGENCIAS TECNICAS E FORMAIS: PUBLICACAO ANULADA [CODIGO 6.9 RPI],Y,CORRECTION AND DELETION OF EVENT INFORMATION,PENDING,False
278,BR,B06J,,CORRECTION OF REQUIREMENT [CHAPTER 6.10 PATENT GAZETTE],EXIGENCIAS TECNICAS E FORMAIS: REPUBLICACAO [CODIGO 6.10 RPI],Y,CORRECTION AND DELETION OF EVENT INFORMATION,NEUTRAL,False
279,BR,B06T,,FORMAL REQUIREMENTS BEFORE EXAMINATION [CHAPTER 6.20 PATENT GAZETTE],EXIGENCIA PRE-EXAME ART. 34 DA LPI  [CODIGO 6.20 RPI],D,SEARCH AND EXAMINATION,PENDING,False
280,BR,B06U,,PRELIMINARY REQUIREMENT: REQUESTS WITH SEARCHES PERFORMED BY OTHER PATENT OFFICES: PROCEDURE SUSPENDED [CHAPTER 6.21 PATENT GAZETTE],EXIGENCIA PRELIMINAR PEDIDOS COM BUSCAS REALIZADAS POR OUTROS ESCRITORIOS DE PATENTES: SUSPENSAO DO ANDAMENTO DO PEDIDO DE PATENTE [CODIGO 6.21 RPI],T,ADMINISTRATIVE PROCEDURE ADJUSTMENT,NEUTRAL,False
281,BR,B06V,,PRELIMINARY REQUIREMENT: PATENT APPLICATION PROCEDURE SUSPENDED [CHAPTER 6.22 PATENT GAZETTE],EXIGENCIA PRELIMINAR - PEDIDOS SEM BUSCAS REALIZADAS POR OUTROS ESCRITORIOS DE PATENTES: SUSPENSAO DO ANDAMENTO DO PEDIDO DE PATENTE [CODIGO 6.22 RPI],T,ADMINISTRATIVE PROCEDURE ADJUSTMENT,PENDING,False
282,BR,B06W,-,PATENT APPLICATION SUSPENDED AFTER PRELIMINARY EXAMINATION (FOR PATENTS WITH SEARCHES FROM OTHER PATENT AUTHORITIES) CHAPTER 6.23 PATENT GAZETTE],EXIGENCIA PRELIMINAR - PEDIDOS COM BUSCAS REALIZADAS POR OUTROS ESCRITORIOS DE PATENTES -SUSPENSAO DO ANDAMENTO DO PEDIDO DE PATENTE CODIGO 6.23 RPI,T,ADMINISTRATIVE PROCEDURE ADJUSTMENT,PENDING,False
283,BR,B07A,,APPLICATION SUSPENDED AFTER TECHNICAL EXAMINATION (OPINION)  [CHAPTER 7.1 PATENT GAZETTE],CIENCIA DE PARECER: CONHECIMENTO DE PARECER TECNICO [CODIGO 7.1 RPI],T,ADMINISTRATIVE PROCEDURE ADJUSTMENT,PENDING,False
284,BR,B07B,,TECHNICAL EXAMINATION (OPINION): PUBLICATION CANCELLED [CHAPTER 7.2 PATENT GAZETTE],CIENCIA DE PARECER: PUBLICACAO ANULADA [CODIGO 7.2 RPI],Q,DOCUMENT PUBLICATION,PENDING,False
285,BR,B07C,,TECHNICAL EXAMINATION (OPINION): REPUBLICATION  [CHAPTER 7.3 PATENT GAZETTE],CIENCIA DE PARECER: REPUBLICACAO [CODIGO 7.3 RPI],P,RE-PUBLICATION OF DOCUMENT AFTER MODIFICATION,PENDING,False
286,BR,B07D,,TECHNICAL EXAMINATION (OPINION) RELATED TO ARTICLE 229 OF INDUSTRIAL PROPERTY LAW [CHAPTER 7.4 PATENT GAZETTE],CIENCIA DE PARECER: CIENCIA RELACIONADA COM O ART. 229 DA LPI [CODIGO 7.4 RPI],D,SEARCH AND EXAMINATION,PENDING,False
287,BR,B07E,+,NOTIFICATION OF APPROVAL RELATING TO SECTION 229 INDUSTRIAL PROPERTY LAW [CHAPTER 7.5 PATENT GAZETTE],NOTIFICACAO DE ANUENCIA RELACIONADA COM O ART. 220 DA LPI [CODIGO 7.5 RPI],D,SEARCH AND EXAMINATION,PENDING,False
288,BR,B07F,,NOTIFICATION OF APPROVAL THAT THERE IS NO RELATION TO ART. 229 OF LPI (PIPELINE PATENTS) [CHAPTER 7.6 PATENT GAZETTE],NOTIFICACAO DE NAO ANUENCIA RELACIONADA COM O ART. 229 DA LPI [CODIGO 7.6 RPI],D,SEARCH AND EXAMINATION,PENDING,False
289,BR,B07G,-,GRANT REQUEST DOES NOT FULFILL ARTICLE 229-C LPI (PRIOR CONSENT OF ANVISA) [CHAPTER 7.7 PATENT GAZETTE],NOTIFICACAO DE DEVOLUCAO DO PEDIDO POR NAO SE ENQUADRAR NO ART. 229-C DA LPI [CODIGO 7.7 RPI],Z,CLASSIFICATION PENDING,UNKNOWN,False
290,BR,B08A,,PROOF OF ANNUAL PAYMENT REQUIRED [CHAPTER 8.1 PATENT GAZETTE],ANUIDADE DO PEDIDO: EXIGENCIA DE COMPROVACAO DE ANUIDADE [CODIGO 8.1 RPI],U,PAYMENT,NEUTRAL,False
291,BR,B08E,,APPLICATION FEES: PAYMENT OF ADDITIONAL FEE REQUIRED [CHAPTER 8.5 PATENT GAZETTE],ANUIDADE DO PEDIDO: EXIGENCIA DE COMPLEMENTACAO DE ANUIDADE [CODIGO 8.5 RPI],U,PAYMENT,PENDING,False
292,BR,B08F,-,APPLICATION DISMISSED BECAUSE OF NON-PAYMENT OF ANNUAL FEES [CHAPTER 8.6 PATENT GAZETTE],ANUIDADE DO PEDIDO: ARQUIVAMENTO . ART. 86 DA LPI [CODIGO 8.6 RPI],H,IP RIGHT CESSATION,DEAD,False
293,BR,B08G,+,APPLICATION FEES: RESTORATION [CHAPTER 8.7 PATENT GAZETTE],ANUIDADE DO PEDIDO: RESTAURACAO [CODIGO 8.7 RPI],C,APPLICATION REVIVAL,ALIVE,False
294,BR,B08H,,APPLICATION FEES: DECISION CANCELLED [CHAPTER 8.8 PATENT GAZETTE],ANNUIDADE DE PEDIDO: DESPACHO ANULADO [CODIGO 8.8],Y,CORRECTION AND DELETION OF EVENT INFORMATION,PENDING,False
295,BR,B08I,,PUBLICATION CANCELLED [CHAPTER 8.9 PATENT GAZETTE],PUBLICACAO ANULADA [CODIGO 8.9],Q,DOCUMENT PUBLICATION,PENDING,False
296,BR,B08J,,INCORRECT ENTRY IN THE GAZETTE REPUBLISHED [CHAPTER 8.10 PATENT GAZETTE],ANUIDADE DO PEDIDO: REPUBLICACAO [CODIGO 8.10 RPI],Y,CORRECTION AND DELETION OF EVENT INFORMATION,NEUTRAL,False
297,BR,B08K,-,PATENT LAPSED AS NO EVIDENCE OF PAYMENT OF THE ANNUAL FEE HAS BEEN FURNISHED TO INPI [CHAPTER 8.11 PATENT GAZETTE],MANUTENCAO DO ARQUIVAMENTO [CODIGO 8.11 RPI],H,IP RIGHT CESSATION,DEAD,False
298,BR,B08L,-,PATENT APPLICATION LAPSED BECAUSE OF NON PAYMENT OF ANNUAL FEE [CHAPTER 8.12 PATENT GAZETTE],ARQUIVAMENTO DEFINITIVO [CODIGO 8.12 RPI],H,IP RIGHT CESSATION,DEAD,False
299,BR,B09A,,DECISION: INTENTION TO GRANT [CHAPTER 9.1 PATENT GAZETTE],DECISAO: DEFERIMENTO [CODIGO 9.1 RPI],D,SEARCH AND EXAMINATION,PENDING,False
300,BR,B09B,,PATENT APPLICATION REFUSED [CHAPTER 9.2 PATENT GAZETTE],DECISAO: INDEFERIMENTO [CODIGO 9.2 RPI],B,APPLICATION DISCONTINUATION,PENDING,False
301,BR,B09R,,DECISION OF REFUSAL: REPUBLICATION [CHAPTER 9.2.3 PATENT GAZETTE],DECISAO: REPUBLICACAO [CODIGO 9.2.3 RPI],Y,CORRECTION AND DELETION OF EVENT INFORMATION,PENDING,False
302,BR,B09S,,DECISION OF REFUSAL: PUBLICATION CANCELLED [CHAPTER 9.2.2 PATENT GAZETTE],DECISAO: PUBLICACAO ANULADA [CODIGO 9.2.2 RPI],Y,CORRECTION AND DELETION OF EVENT INFORMATION,PENDING,False
303,BR,B09T,,DECISION OF REFUSAL: DECISION CANCELLED [CHAPTER 9.2.1 PATENT GAZETTE],DECISAO: DECISAO ANULADA [CODIGO 9.2.1 TPI],Y,CORRECTION AND DELETION OF EVENT INFORMATION,NEUTRAL,False
304,BR,B09W,,CORRECTION OF THE DECISION TO GRANT [CHAPTER 9.1.4 PATENT GAZETTE],DECISAO: RECTIFICACAO [CODIGO 9.1.4 RPI],Y,CORRECTION AND DELETION OF EVENT INFORMATION,NEUTRAL,True
305,BR,B09X,,REPUBLICATION OF THE DECISION TO GRANT [CHAPTER 9.1.3 PATENT GAZETTE],REPUBLICACAO [CODIGO 9.1.3 RPI],F,IP RIGHT GRANT,PENDING,True
306,BR,B09Y,,PUBLICATION OF GRANT CANCELLED [CHAPTER 9.1.2 PATENT GAZETTE],ANULADA A PUBLICACAO DE DEFERIMENTO POR TER SIDO INDEVIDA [CODIGO 9.1.2 RPI],Y,CORRECTION AND DELETION OF EVENT INFORMATION,PENDING,False
307,BR,B09Z,,DECISION TO GRANT CANCELLED [CHAPTER 9.1.1 PATENT GAZETTE],DECISAO ANULADA [CODIGO 9.1.1 RPI],F,IP RIGHT GRANT,NEUTRAL,True
308,BR,B10A,-,CESSATION: CESSATION CONFIRMED,DESISTENCIA: DESISTENCIA HOMOLOGADA,B,APPLICATION DISCONTINUATION,DEAD,False
309,BR,B10E,,CESSATION: CESSATION NON-CONFIRMED,DESISTANCIA: DESISTENCIA NAO HOMOLOGADA,Z,CLASSIFICATION PENDING,NEUTRAL,False
310,BR,B10F,+,CESSATION: DECISION CANCELLED,DESISTENCIA: DESPACHO ANULADO,Y,CORRECTION AND DELETION OF EVENT INFORMATION,NEUTRAL,False
311,BR,B10G,-,PUBLICATION OF CESSATION CANCELLED [CHAPTER 10.7 PATENT GAZETTE],DESISTENCIA: PUBLICACAO ANULADA [CODIGO 10.7 RPI],Y,CORRECTION AND DELETION OF EVENT INFORMATION,DEAD,False
312,BR,B10H,,CESSATION: REPUBLICATION,DESISTENCIA: REPUBLICACAO,Z,CLASSIFICATION PENDING,PENDING,False
313,BR,B10I,-,WITHDRAWAL APPROVED ACC. ART. 29 PAR.1 OF THE IPL,WITHDRAWAL APPROCED ACC: ART: 29 PAR.1 OF THE IPL,B,APPLICATION DISCONTINUATION,DEAD,False
314,BR,B11A,-,DISMISSAL ACC. ART.33 OF IPL - EXAMINATION NOT REQUESTED WITHIN 36 MONTHS OF FILING,ARQUIVAMENTO: ARQUIVAMENTO- ART. 33 DA LPI,B,APPLICATION DISCONTINUATION,DEAD,False
315,BR,B11B,-,"DISMISSAL ACC. ART. 36, PAR 1 OF IPL - NO REPLY WITHIN 90 DAYS TO FULLFIL THE NECESSARY REQUIREMENTS",ARQUIVAMENTO: ARQUIVAMENTO - ART. 36 PAR 1 DA LPI,B,APPLICATION DISCONTINUATION,DEAD,False
316,BR,B11D,-,"DISMISSAL ACC. ART. 38, PAR 2 OF IPL - FAILURE TO PAY FEE AFTER GRANT IN TIME",ARQUIVAMENTO: ARQUIVAMENTO - ART 38 PAR 2 DA LPI,Z,CLASSIFICATION PENDING,UNKNOWN,False
317,BR,B11E,,DISMISSAL ACC. ART. 34 OF IPL - REQUIREMENTS FOR EXAMINATION INCOMPLETE,ARQUIVAMENTO: ARQUIVAMENTO - ART. 34 DA LPI,B,APPLICATION DISCONTINUATION,PENDING,False
318,BR,B11F,-,"DISMISSAL ACC. ARTICLE 216, PAR 2 OF IPL - QUALIFICATION OF ATTORNEY NOT PROVIDED",ARQUIVAMENTO: ARQUIVAMENTO DO PEDIDO - ART. 216 PAR 2 DA LPI,B,APPLICATION DISCONTINUATION,DEAD,False
319,BR,B11K,-,"DISMISSAL ACC. ART. 17, PAR 2 OF IPL - PENDING EARLIER APPLICATION (PRIORITY CLAIM) DEFINITIVELY SHELVED","ARQUIVAMENTO - ART. 17, PAR. 2 DA LPI - ARQUIVADO DEFINITIVAMENTO",B,APPLICATION DISCONTINUATION,DEAD,False
320,BR,B11L,-,REQUEST FOR DIVISION DISMISSED [CHAPTER 11.12 PATENT GAZETTE],ARQUIVAMENTO - ART. 26 PARAGRAFO UNICO DA LPI [CODIGO 11.12 RPI],B,APPLICATION DISCONTINUATION,DEAD,False
321,BR,B11M,+,DECISION CANCELLED [CHAPTER 11.13 PATENT GAZETTE],ARQUIVAMENTO: DESPACHO ANULADO [CODIGO 11.13 RPI],Y,CORRECTION AND DELETION OF EVENT INFORMATION,NEUTRAL,False
322,BR,B11N,,DISMISSAL: PUBLICATION CANCELLED [CHAPTER 11.14 PATENT GAZETTE],ARQUIVAMENTO: PUBLICACAO ANULADA [CODIGO 11.14 RPI],Y,CORRECTION AND DELETION OF EVENT INFORMATION,PENDING,False
323,BR,B11O,,DISMISSAL: REPUBLICATION [CHAPTER 11.15 PATENT GAZETTE],ARQUIVAMENTO: REPUBLICACAO,Y,CORRECTION AND DELETION OF EVENT INFORMATION,PENDING,False
324,BR,B11P,+,DISMISSAL: RESTORATION,ARQUIVAMENTO: RESTAURACAO,C,APPLICATION REVIVAL,ALIVE,False
325,BR,B11Q,-,"DISMISSAL: THE CERTIFICATE OF ADDITION WAS NOT ACCESSORY TO ANY PATENT, OR A PATENT WHICH WAS NOMINATED ACCESSORY AND NO LONGER EXISTS",ARQUIVAMENTO DO PEDIDO DE CERTIFICADO DE ADICAO DE INVENCAO ART. 77 DA LPI,Z,CLASSIFICATION PENDING,UNKNOWN,False
326,BR,B11R,-,PATENT APPLICATION DISMISSED ACCORDING TO ARTICLE 229 OF THE PATENT LAW  [CHAPTER 11.18 PATENT GAZETTE],ARQUIVAMENTO DEFINITIVO POR NAO ANUENCIA RELACIONADA COM O ART. 229-C DA LPI [CODIGO 11.18 RPI],B,APPLICATION DISCONTINUATION,DEAD,False
327,BR,B11T,-,DISMISSAL OF APPLICATION MAINTAINED [CHAPTER 11.20 PATENT GAZETTE],MANUTENCAO DO ARQUIVAMENTO [CODIGO 11.20 RPI],B,APPLICATION DISCONTINUATION,DEAD,False
328,BR,B11U,-,PATENT APPLICATION DEFINITIVELY REJECTED AS A LATER APPLICATION FILED VIA PCT CLAIMS IT AS A PRIORITY [CHAPTER 11.21 PATENT GAZETTE],"ARQUIVADO DEFINITIVAMENTE ESTE PEDIDO DE PATENTE, UMA VEZ QUE FOI ADMITIDO NA FASE NACIONAL BRASILEIRA [CODIGO 11.21 RPI]",H,IP RIGHT CESSATION,DEAD,False
329,BR,B11Y,-,DEFINITIVE DISMISSAL - EXTENSION OF TIME LIMIT FOR REQUEST OF EXAMINATION EXPIRED [CHAPTER 11.1.1 PATENT GAZETTE],ARQUIVAMENTO DEFINITIVAMENTO - ART. 33 DA LPI [CODIGO 11.1.1 RPI],B,APPLICATION DISCONTINUATION,DEAD,False
330,BR,B11Z,,"DISMISSAL: PETITION DISMISSAL - ARTICLE 216, PAR 2 OF INDUSTRIAL PROPERTY  LAW",ARQUIVAMENTO: ARQUIVAMENTO DA PETICAO - ART. 216 PAR 2 DA LPI,Z,CLASSIFICATION PENDING,NEUTRAL,False
331,BR,B12B,,APPEAL AGAINST REFUSAL [CHAPTER 12.2 PATENT GAZETTE],RECURSO CONTRA O INDEFERIMENTO [CODIGO 12.2 RPI],E,PRE-GRANT REVIEW REQUEST,PENDING,False
332,BR,B12C,,APPEAL AGAINST DISMISSAL [CHAPTER 12.3 PATENT GAZETTE],RECURSO CONTRA O ARQUIVAMENTO [CODIGO 12.3 RPI],E,PRE-GRANT REVIEW REQUEST,PENDING,False
333,BR,B12F,,OTHER APPEALS [CHAPTER 12.6 PATENT GAZETTE],OUTROS RECURSOS [CODIGO 12.6 RPI],E,PRE-GRANT REVIEW REQUEST,PENDING,False
334,BR,B12G,,PUBLICATION OF NOTIFICATION OF APPEAL CANCELLED [CHAPTER 12.7 PATENT GAZETTE],RECURSO: PUBLICACAO ANULADA [CODIGO 12.7 RPI],Y,CORRECTION AND DELETION OF EVENT INFORMATION,PENDING,False
335,BR,B12H,,REPUBLICATION AND CORRECTION OF PREVIOUS ENTRY IN CHAPTER 12 OF PATENT GAZETTE [CHAPTER 12.8 PATENT GAZETTE],REPUBLICACAO [CODIGO 12.8 PATENT GAZETTE],Y,CORRECTION AND DELETION OF EVENT INFORMATION,PENDING,False
336,BR,B13A,,NOTIFICATION OF FEES DUE RELATED TO THE EXPEDITION OF A LETTER PATENT OF A GRANTED PATENT,RETRIBUICAO RELATIVA A EXPEDICAO DE CARTA PATENTE: NOTIFICACAO PARA PAGAMENTO DA RETRIBUICAO RELATIVA A EXPEDICAO DE CARTA-PATENTE DOS PEDIDOS DEFER.,U,PAYMENT,NEUTRAL,True
337,BR,B13B,,PUBLICATION OF NOTIFICATION OF FEE PAYMENT CANCELLED [CHAPTER 13.2 PATENT GAZETTE],PUBLICACAO DE NOTIFICACAO PARA RECOLHIMENTO POR TER SIDO INDEVIDA [CODIGO 13.2 RPI],Y,CORRECTION AND DELETION OF EVENT INFORMATION,PENDING,False
338,BR,B150,,OTHERS CONCERNING APPLICATIONS: PUBLICATION CANCELLED [CHAPTER 15.30 PATENT GAZETTE],OUTROS REFERENTES A PEDIDOS: PUBLICACAO ANULADA [CODIGO 15.30 RPI],Y,CORRECTION AND DELETION OF EVENT INFORMATION,PENDING,False
339,BR,B151,,OTHERS CONCERNING APPLICATIONS: RESOLUTION CANCELLED [CHAPTER 15.31 PATENT GAZETTE],OUTROS REFERENTES A PEDIDOS: DESPACHO ANULADO [CODIGO 15.31 RPI],Y,CORRECTION AND DELETION OF EVENT INFORMATION,PENDING,False
340,BR,B152,,OTHERS CONCERNING APPLICATIONS: DECISION CANCELLED [CHAPTER 15.32 PATENT GAZETTE],OUTROS REFERENTES A PEDIDOS: DECISAO ANULADA [CODIGO 15.32 RPI],Y,CORRECTION AND DELETION OF EVENT INFORMATION,PENDING,False
341,BR,B153,,OTHERS CONCERNING APPLICATIONS: REPUBLICATION [CHAPTER 15.33 PATENT GAZETTE],OUTROS REFERENTES A PEDIDOS: REPUBLICACAO [CODIGO 15.33 RPI],Y,CORRECTION AND DELETION OF EVENT INFORMATION,PENDING,False
342,BR,B154,,NOTIFICATION OF FILING OF DIVISIONAL APPLICATION [CHAPTER 15.50 PATENT GAZETTE],NOTIFICACAO DE DEPOSITO DE UM PEDIDO DIVIDIDO [CODIGO 15.50],A,APPLICATION FILING,PENDING,False
343,BR,B155,+,RESTORATION PROCESS OF PATENT APPLICATION INITIATED [CHAPTER 15.34],"RESTAURACAO/RECONSTITUICAO DOS AUTOS DO PEDIDO
INICIO DO PROCESSO DE RESTAURACAO OU RECONSTITUICAO [CODIGO 15.34 RPI]",C,APPLICATION REVIVAL,ALIVE,False
344,BR,B156,+,PATENT APPLICATION  RESTORED [CHAPTER 15.34.1],PEDIDO RESTAURADO OU RECONSTITUIDO [CODIGO 15.34.1],C,APPLICATION REVIVAL,ALIVE,False
345,BR,B15A,-,PATENT APPLICATION DEEMED TO BE WITHDRAWN BECAUSE OF LATE PAYMENT OF ANNUITY,ARQUIVAMENTO DO PEDIDO DE PATENTE POR COMPROVAÇAO E RECOLHIMENTO INTEMPESTIVO DE ANUIDADE (CODIGO 15.1 REVISTA RPI),B,APPLICATION DISCONTINUATION,DEAD,False
346,BR,B15G,,PETITION NOT CONSIDERED AS SUCH [CHAPTER 15.7 PATENT GAZETTE],PETICAO NAO CONHECIDA [CODIGO 15.7 RPI],W,OTHER,NEUTRAL,False
347,BR,B15H,,OTHERS CONCERNING APPLICATIONS: SUSPENDED PETITION,OUTROS REFERENTES A PEDIDOS: PETICAO SUSTADA,T,ADMINISTRATIVE PROCEDURE ADJUSTMENT,PENDING,False
348,BR,B15I,,OTHERS CONCERNING APPLICATIONS: LOSS OF PRIORITY,OUTROS REFERENTES A PEDIDOS: PERDA DE PRIORIDADE,W,OTHER,PENDING,False
349,BR,B15J,,OTHERS CONCERNING APPLICATIONS: CHANGING OF NATURE [CHAPTER 15.10 PATENT GAZETTE],OUTROS REFERENTES A PEDIDOS: MUDANCA DE NATUREZA [CODIGO 15.10 RPI],A,APPLICATION FILING,PENDING,False
350,BR,B15K,,OTHERS CONCERNING APPLICATIONS: ALTERATION OF CLASSIFICATION,OUTROS REFERENTES A PEDIDOS: ALTERACAO DE CLASSIFICACAO,P,RE-PUBLICATION OF DOCUMENT AFTER MODIFICATION,PENDING,False
351,BR,B15L,,OTHERS CONCERNING APPLICATIONS: RENUMBERING,OUTROS REFERENTES A PEDIDOS: RENUMERACAO,P,RE-PUBLICATION OF DOCUMENT AFTER MODIFICATION,PENDING,False
352,BR,B15N,,OTHERS CONCERNING APPLICATIONS: NOTIFICATION OF JUDICIAL DECISION,OUTROS REFERENTES A PEDIDOS: NOTIFICACAO DE DECISAO JUDICIAL,Z,CLASSIFICATION PENDING,PENDING,False
353,BR,B15U,,OTHERS CONCERNING APPLICATIONS: NUMBERING CANCELLED,OUTROS REFERENTES A PEDIDOS: NUMERACAO ANULADA,Z,CLASSIFICATION PENDING,PENDING,False
354,BR,B15V,,PROLONGATION OF TIME LIMIT ALLOWED,OUTROS REFERENTES A PEDIDOS: DEVOLUCAO DE PRAZO CONCEDITA,T,ADMINISTRATIVE PROCEDURE ADJUSTMENT,NEUTRAL,False
355,BR,B15W,,OTHERS MATTERS RELATED TO APPLICATIONS: LEGAL ACTION CONCERNING APPLICATION,OUTROS REFERENTES A PEDIDOS: PEDIDO SUB JUDICE,Z,CLASSIFICATION PENDING,PENDING,False
356,BR,B15Y,+,RESTORATION/RE-ESTABLISHMENT OF RIGHTS OF PATENT APPLICATION INITIATED [CHAPTER 15.34 PATENT GAZETTE],RESTAURACAO/RECONSTITUICAO DOS AUTOS DO PEDIDO - INICIO DO PROCESSO [CODIGO 15.34 RPI],C,APPLICATION REVIVAL,ALIVE,False
357,BR,B15Z,,PROLONGATION OF TIME LIMIT REFUSED,OUTROS REFERENTES A PEDIDOS: DEVOLUCAO DE PRAZO NEGADA,Z,CLASSIFICATION PENDING,NEUTRAL,False
358,BR,B16A,+,PATENT OR CERTIFICATE OF ADDITION OF INVENTION GRANTED [CHAPTER 16.1 PATENT GAZETTE],CONCESSAO DE PATENTE OU CERTIFICADO DE ADICAO DE INVENCAO [CODIGO 16.1 RPI],F,IP RIGHT GRANT,ALIVE,False
359,BR,B16B,,NOTIFICATION OF GRANT CANCELLED [CHAPTER 16.2 PATENT GAZETTE],CONCESSAO DE PATENTE OU CERTIFICADO DE ADICAO DE INVENCAO: PUBLICACAO ANULADA [CODIGO 16.2 RPI],Y,CORRECTION AND DELETION OF EVENT INFORMATION,NEUTRAL,False
360,BR,B16C,,CORRECTION OF NOTIFICATION OF THE GRANT [CHAPTER 16.3 PATENT GAZETTE],CONCESSAO DE PATENTE OU CERTIFICADO DE ADICAO DE INVENCAO: RECTIFICACAO [CODIGO 16.3 RPI],Y,CORRECTION AND DELETION OF EVENT INFORMATION,NEUTRAL,False
361,BR,B16D,-,GRANT OF PATENT OR CERTIFICATE OF ADDITION OF INVENTION CANCELLED,CONCESSAO DE PATENTE OU CERTIFICADO DE ADICAO DE INVENCAO: CONCESSAO ANULADA,F,IP RIGHT GRANT,DEAD,True
362,BR,B17A,,NOTIFICATION OF ADMINISTRATIVE NULLITY (PATENTEE HAS 60 DAYS TIME TO REPLY TO THIS NOTIFICATION),NULIDADE ADMINISTRATIVA: NOTIFICACAO DE INTERPOSICAO DE NULIDADA ADMINISTRATIVA,Z,CLASSIFICATION PENDING,NEUTRAL,False
363,BR,B17B,+,NOTIFICATION OF ADMINISTRATIVE NULLITY CANCELLED,NULIDADE ADMINISTRATIVA: PUBLICACAO ANULADA,Z,CLASSIFICATION PENDING,UNKNOWN,False
364,BR,B17C,,ADMINISTRATIVE NULLITY: REPUBLICATION,NULIDADE ADMINISTRATIVA: REPUBLICACAO,Z,CLASSIFICATION PENDING,PENDING,False
365,BR,B18A,-,NOTIFICATION OF FILING OF FORFEITURE [CHAPTER 18.1 PATENT GAZETTE],NOTIFICACAO DE PEDIDO DE CADUCIDADE [CODIGO 18.1 RPI],L,IP RIGHT REVIEW REQUEST,DEAD,False
366,BR,B18D,,APPLICATION FOR INVALIDATION REFUSED,CADUCIDADE: CADUCIDADE INDEFERIDA,L,IP RIGHT REVIEW REQUEST,PENDING,False
367,BR,B18H,,REQUEST FOR FORFEITURE NOT GRANTED [CHAPTER 18.8 PATENT GAZETTE],PETICAO DE CADUCIDADE NAO CONHECIDA - NOTIFICA QUE A PETIÇAO APRESENTADA NAO FOI CONHECIDA COM BASE NOS MOTIVOS DESCRITOS [CODIGO 18.8 RPI],L,IP RIGHT REVIEW REQUEST,NEUTRAL,False
368,BR,B19A,,NOTIFICATION OF JUDICIAL DECISION: NOTIFICATION OF JUDICIAL DECISION,NOTIFICACAO DE DECISAO JUDICIAL: NOTIFICACAO DE DECISAO JUDICIAL,Z,CLASSIFICATION PENDING,NEUTRAL,False
369,BR,B19B,,NOTIFICATION OF JUDICIAL DECISION: PUBLICATION CANCELLED,NOTIFICACAO DE DECISAO JUDICIAL: PUBLICACAO ANULADA,Z,CLASSIFICATION PENDING,PENDING,False
370,BR,B19C,,NOTIFICATION OF JUDICIAL DECISION: RECTIFICATION,NOTIFICACAO DE DECISAO JUDICIAL: RECTIFICACAO,Z,CLASSIFICATION PENDING,NEUTRAL,False
371,BR,B21A,-,PATENT OR CERTIFICATE OF ADDITION EXPIRED [CHAPTER 21.1 PATENT GAZETTE],EXTINCAO DE PATENTE E CERTIFICADO DE ADICAO DE INVENCAO: EXTINCAO [CODIGO 21.1 RPI],H,IP RIGHT CESSATION,DEAD,False
372,BR,B21B,-,"EXTINCTION ACC. ART. 78, ITEM II - ON WAIVER BY THE PATENTEE, WITHOUT PREJUDICE TO THE RIGHTS OF THIRD PARTIES",EXTINCAO DE PATENTE E CERTIFICADO DE ADICAO DE INVENCAO: EXTINCAO - ART. 78 INCISO II DA LPI,H,IP RIGHT CESSATION,DEAD,False
373,BR,B21F,-,"LAPSE ACC. ART. 78, ITEM IV - ON NON-PAYMENT OF THE ANNUAL FEES IN TIME",EXTINCAO DE PATENTE E CERTIFICADO DE ADICAO DE INVENCAO: EXTINCAO - ART. 78 INCISO IV DA LPI,H,IP RIGHT CESSATION,DEAD,False
374,BR,B21H,,DECISION OF LAPSE OF A PATENT OR OF A CERTIFICATE OF ADDITION OF INVENTION CANCELLED [CHAPTER 21.8 PATENT GAZETTE],EXTINCAO DE PATENTE E CERTIFICADO DE ADICAO DE INVENCAO: DESPACHO ANULADO [CODIGO 21.8 RPI],Y,CORRECTION AND DELETION OF EVENT INFORMATION,NEUTRAL,False
375,BR,B21I,,EXTINGUISHMENT OF A PATENT OR OF A CERTIFICATE OF ADDITION OF INVENTION: PUBLICATION CANCELLED,EXTINCAO DE PATENTE E CERTIFICADO DE ADICAO DE INVENCAO: PUBLICACAO ANULADA,Z,CLASSIFICATION PENDING,PENDING,False
376,BR,B21J,-,EXTINGUISHMENT OF A PATENT OR OF A CERTIFICATE OF ADDITION OF INVENTION: REPUBLICATION,EXTINCAO DE PATENTE E CERTIFICADO DE ADICAO DE INVENCAO: REPUBLICACAO,Z,CLASSIFICATION PENDING,PENDING,False
377,BR,B220,,NOTIFICATION OF REQUEST FOR PUBLICATION OF THE GRANTED PATENT ON THE IP MARKETPLACE [CHAPTER 22.6.1 PATENT GAZETTE],NOTIFICACAO DE REQUERIMENTO DE ANUNCIO DE PATENTE [CODIGO 22.6.1 RPI],S,INFORMATION ON LICENSING AND SIMILAR TRANSACTIONS,PENDING,True
378,BR,B221,-,"FORMAL REQUIREMENTS FOR PUBLICATION ON MARKET PLACE NOT MET [GRANTED PATENT, CHAPTER 22.6.2 PATENT GAZETTE]",EXIGENCIA FORMAL PARA ANUNCIO NA VITRINE DE PEDIDO [CODIGO 22.6.2 RPI],S,INFORMATION ON LICENSING AND SIMILAR TRANSACTIONS,PENDING,True
379,BR,B222,+,GRANTED PATENT ACCEPTED FOR PUBLICATION ON THE IP MARKETPLACE [CHAPTER 22.6.3 PATENT GAZETTE],ANUNCIO DE PATENTE ADMITIDO [CODIGO 22.6.3 RPI],S,INFORMATION ON LICENSING AND SIMILAR TRANSACTIONS,ALIVE,True
380,BR,B223,-,REQUEST FOR PUBLICATION OF THE GRANTED PATENT ON THE IP MARKETPLACE NOT ACCEPTED [CHAPTER 22.6.3 PATENT GAZETTE],ANUNCIO DE PATENTE NAO ADMITIDO [CODIGO 11.6.4 RPI],S,INFORMATION ON LICENSING AND SIMILAR TRANSACTIONS,PENDING,True
381,BR,B22B,,PETITION NOT CONSIDERED [CHAPTER 22.2 PATENT GAZETTE],PETICAO NAO CONHECIDA [CODIGO 22.2 RPI],W,OTHER,NEUTRAL,False
382,BR,B22C,,PETITION SUSPENDED [CHAPTER 22.3 PATENT GAZETTE],PETICAO SUSTADA [CODIGO 22.3 RPI],W,OTHER,NEUTRAL,False
383,BR,B22E,,OTHER REQUIREMENTS [CHAPTER 22.5 PATENT GAZETTE],EXIGENCIAS DIVERSAS [CODIGO 22.5 RPI],W,OTHER,NEUTRAL,False
384,BR,B22K,,REQUEST FOR PROLONGATION OF TIME LIMITS ACC. ART 221 LPI,OUTROS REFERENTES A PATENTES E CERTIFICADOS DE ADICAO DE INVENCAO: DEVOLUCAO DE PRAZO,T,ADMINISTRATIVE PROCEDURE ADJUSTMENT,NEUTRAL,False
385,BR,B22L,,OTHER MATTERS RELATED TO PATENTS AND CERTIFICATES OF ADDITION OF INVENTION: NOTIFICATION OF LICENCE OFFER (ART 64 PAR 1 OF LPI),OUTROS REFERENTES A PATENTES E CERTIFICADOS DE ADICAO DE INVENCAO: OFERTA DE LICENCA DE PATENTE,S,INFORMATION ON LICENSING AND SIMILAR TRANSACTIONS,NEUTRAL,False
386,BR,B22M,,WITHDRAWAL OF LICENCE OFFER (ART 64 PAR 4 OF LPI),OUTROS REFERENTES A PATENTES E CERTIFICADOS DE ADICAO DE INVENCAO: DESISTENCIA DA OFERTA DE LICENCA,S,INFORMATION ON LICENSING AND SIMILAR TRANSACTIONS,NEUTRAL,False
387,BR,B22N,-,REQUEST DISMISSED BECAUSE NO REPRESENTATIVE WAS APPOINTED WITHIN THE TIME-LIMIT [CHAPTER 22.14 PATENT GAZETTE],ARQUIVAMENTO DA PETICAO - ART. 216 PAR 2 DA LPI [CODIGO 22.14 RPI],W,OTHER,UNKNOWN,False
388,BR,B22O,,OTHER MATTERS RELATED TO PATENTS AND CERTIFICATES OF ADDITION OF INVENTION: LEGAL ACTION CONCERNING PATENT,OUTROS REFERENTES A PATENTES E CERTIFICADOS DE ADICAO DE INVENCAO: PATENTE SUB JUDICE,Z,CLASSIFICATION PENDING,NEUTRAL,False
389,BR,B22T,-,PREVIOUS ENTRY IN CHAPTER 22 OF PATENT GAZETTE  CANCELLED [CHAPTER 22.20 PATENT GAZETTE],PUBLICACAO ANULADA [CODIGO 22.20 RPI],Y,CORRECTION AND DELETION OF EVENT INFORMATION,DEAD,False
390,BR,B22U,,FORMER ACTIONS ACCORDING GAZETTE SECTION 22 (PRS CODES B22) CANCELLED DUE TO TECHNICAL ERRORS,OUTROS REFERENTES A PATENTES E CERTIFICADOS DE ADICAO DE INVENCAO: DESPACHO ANULADO,Z,CLASSIFICATION PENDING,NEUTRAL,False
391,BR,B22V,,FORMER ACTIONS ACCORDING GAZETTE SECTION 22 (PRS CODES B22?) ANNULLED DUE TO TECHNICAL ERROR,OUTROS REFERENTES A PATENTES E CERTIFICADOS DE ADICAO DE INVENCAO: DECISAO ANILADA,Z,CLASSIFICATION PENDING,NEUTRAL,False
392,BR,B22W,,FORMER PUBLICATION OF GAZETTE (SECTION 22) REPUBLISHED DUE TO TECHNICAL ERROR,OUTROS REFERENTES A PATENTES E CERTIFICADOS DE ADICAO DE INVENCAO: REPUBLICACAO,P,RE-PUBLICATION OF DOCUMENT AFTER MODIFICATION,PENDING,False
393,BR,B23A,,PROCESSING APPLICATIONS ACCORDING TO ARTICLES 230 AND 231 OF LAW 9.279/96: NOTIFICATION OF FILING AN APPLICATION,PROCESSAMENTO DE PEDIDOS SEGUNDO ARTIGOS 230 E 231 DA LEI 9279/96: NOTIFICACAO DE PEDIDO DEPOSITADO,A,APPLICATION FILING,PENDING,False
394,BR,B23B,,PROCESSING APPLICATIONS ACCORDING TO ARTICLES 230 AND 231 OF LAW 9.279/96: REQUIREMENT,PROCESSAMENTO DE PEDIDOS SEGUNDO ARTIGOS 230 E 231 DA LEI 9279/96: EXIGENCIA,D,SEARCH AND EXAMINATION,PENDING,False
395,BR,B23C,,PROCESSING APPLICATIONS ACCORDING TO ARTICLES 230 AND 231 OF LAW 9.279/96: PUBLICATION OF APPLICATION FOR THIRD PARTIES SUBMISSION OF COMMENTS,PROCESSAMENTO DE PEDIDOS SEGUNDO ARTIGOS 230 E 231 DA LEI 9279/96: PUBLICACAO DO PEDIDO PARA MANIFESTACAO DE TERCEIROS,,,PENDING,False
396,BR,B23D,,PROCESSING APPLICATIONS ACCORDING TO ARTICLES 230 AND 231 OF LAW 9.279/96: NOTIFICATION FOR APPLICANT SUBMISSION OF COMMENTS,PROCESSAMENTO DE PEDIDOS SEGUNDO ARTIGOS 230 E 231 DA LEI 9279/96: NOTIFICACAO PARA CONTESTACAO DEPOSITANTE,D,SEARCH AND EXAMINATION,PENDING,False
397,BR,B23F,,PROCESSING APPLICATIONS ACCORDING TO ARTICLES 230 AND 231 OF LAW 9.279/96: DISMISSAL,PROCESSAMENTO DE PEDIDOS SEGUNDO ARTIGOS 230 E 231 DA LEI 9279/96: ARQUIVAMENTO,B,APPLICATION DISCONTINUATION,PENDING,False
398,BR,B23G,,PROCESSING APPLICATIONS ACCORDING TO ARTICLES 230 AND 231 OF LAW 9.279/96: APPLICATION REFUSAL,PROCESSAMENTO DE PEDIDOS SEGUNDO ARTIGOS 230 E 231 DA LEI 9279/96: DENEGACAO DO PEDIDO,B,APPLICATION DISCONTINUATION,PENDING,False
399,BR,B23H,,PROCESSING APPLICATIONS ACCORDING TO ARTICLES 230 AND 231 OF LAW 9.279/96: APPEAL,PROCESSAMENTO DE PEDIDOS SEGUNDO ARTIGOS 230 E 231 DA LEI 9279/96: RECURSO,V,APPEAL,PENDING,False
400,BR,B23I,,PROCESSING APPLICATIONS ACC. ART. 230 AND 231 (PIPELINE PATENT) PATENT ISSUED,PROCESSAMENTO DE PEDIDOS SEGUNDO ARTIGOS 230 E 231 DA LEI 9279/96: EXPEDICAO DA PATENTE,F,IP RIGHT GRANT,PENDING,False
401,BR,B23J,,PROCESSING APPLICATIONS ACCORDING TO ARTICLES 230 AND 231 OF LAW 9.279/96: PUBLICATION CANCELLED,PROCESSAMENTO DE PEDIDOS SEGUNDO ARTIGOS 230 E 231 DA LEI 9279/96: PUBLICACAO ANULADA,Q,DOCUMENT PUBLICATION,PENDING,False
402,BR,B23K,,PROCESSING APPLICATIONS ACCORDING TO ARTICLES 230 AND 231 OF LAW 9.279/96: REPUBLICATION,PROCESSAMENTO DE PEDIDOS SEGUNDO ARTIGOS 230 E 231 DA LEI 9279/96: REPUBLICACAO,P,RE-PUBLICATION OF DOCUMENT AFTER MODIFICATION,PENDING,False
403,BR,B23L,,INFORMATION ON PROCESSING APPLICATIONS ACCORDING TO ARTICLES 230 AND 231 OF LAW 9.279/96 MODIFIED,PROCESSAMENTO DE PEDIDOS SEGUNDO ARTIGOS 230 E 231 DA LEI 9279/96: RECTIFICACAO,Y,CORRECTION AND DELETION OF EVENT INFORMATION,PENDING,False
404,BR,B23M,,PROCESSING APPLICATIONS ACCORDING TO ARTICLES 230 AND 231 OF LAW 9.279/96: GRANTING,PROCESSAMENTO DE PEDIDOS SEGUNDO ARTIGOS 230 E 231 DA LEI 9279/96: DEFERIMENTO,Z,CLASSIFICATION PENDING,PENDING,False
405,BR,B23N,,PROCESSING APPLICATIONS ACCORDING TO ARTICLES 230 AND 231 OF LAW 9.279/96: DECISION CANCELLED,PROCESSAMENTO DE PEDIDOS SEGUNDO ARTIGOS 230 E 231 DA LEI 9279/96: DECISAO ANULADA,D,SEARCH AND EXAMINATION,PENDING,False
406,BR,B23O,-,PROCESSING APPLICATIONS ACCORDING TO ARTICLES 230 AND 231 OF LAW 9.279/96: EXPEDITION CANCELLED,PROCESSAMENTO DE PEDIDOS SEGUNDO ARTIGOS 230 E 231 DA LEI 9279/96E: EXPEDICAO ANULADA,F,IP RIGHT GRANT,DEAD,False
407,BR,B23P,,PROCESSING APPLICATIONS ACCORDING TO ARTICLES 230 AND 231 OF LAW 9.279/96: OTHERS,PROCESSAMENTO DE PEDIDOS SEGUNDO ARTIGOS 230 E 231 DA LEI 9279/96: OUTROS,Z,CLASSIFICATION PENDING,PENDING,False
408,BR,B23Q,,PROCESSING APPLICATIONS ACCORDING TO ARTICLES 230 AND 231 OF LAW 9.279/96: TECHNICAL EXAMINATION (OPINION) RELATED TO ART. 229 OF LPI,PROCESSAMENTO DE PEDIDOS SEGUNDO ARTIGOS 230 E 231 DA LEI 9279/96: CIENCIA RELACIONADA COM O ART. 229 DA LPI,D,SEARCH AND EXAMINATION,PENDING,False
409,BR,B23R,,PROCESSING APPLICATIONS ACCORDING TO ARTICLES 230 AND 231 OF LAW 9.279/96: NOTIFICATION OF PRESENTATION OF AN ADMINISTRATIVE NULLITY,PROCESSAMENTO DE PEDIDOS SEGUNDO ARTIGOS 230 E 231 DA LEI 9279/96: NOTIFICACAO DE INTERPOSICAO DE NULIDADE ADMINISTRATIVA,L,IP RIGHT REVIEW REQUEST,PENDING,False
410,BR,B23Z,,PROCESSING APPLICATIONS ACCORDING TO ARTICLES 230 AND 231 OF LAW 9.279 96: NOTIFICATION OF FILING A DIVIDED APPLICATION,PROCESSAMENTO DE PEDIDOS SEGUNDO ARTIGOS 230 E 231 DA LEI 9279 96: NOTIFICACAO DE DEPOSITO DE PEDIDO DIVIDIDO,,,PENDING,False
411,BR,B24A,,PATENT ANNUAL FEE: REQUIREMENT FOR PROVING OF PAYMENT OF ANNUAL FEE,ANUIDADE DE PATENTE: EXIGENCIA DE COMPROVACAO DE ANUIDADE,U,PAYMENT,NEUTRAL,False
412,BR,B24B,,PATENT ANNUAL FEE: REQUIREMENT FOR COMPLEMENTING ANNUAL FEE,ANUIDADE DE PATENTE: EXIGENCIA DE COMPLEMENTACAO DE ANUIDADE,U,PAYMENT,NEUTRAL,False
413,BR,B24C,,PATENT ANNUAL FEE: REQUEST FOR FOR RESTORATION,ANUIDADE DE PATENTER: CHAMADA PARA RESTAURACAO,U,PAYMENT,NEUTRAL,False
414,BR,B24D,+,PATENT ANNUAL FEE: RESTORATION AFTER FEE PAYMENT,ANUIDADE DE PATENTE: RESTAURACAO,K,IP RIGHT REVIVAL,ALIVE,False
415,BR,B24E,,PATENT ANNUAL FEE: RESOLUTION CANCELLED,ANUIDADE DE PATENTE - DESPACHO ANULADO,Z,CLASSIFICATION PENDING,NEUTRAL,False
416,BR,B24F,,PATENT ANNUAL FEE: PUBLICATION CANCELLED,ANUIDADE DE PATENTE: PUBLICACAO ANULADA,Z,CLASSIFICATION PENDING,PENDING,False
417,BR,B24G,,PATENT ANNUAL FEE: REPUBLICATION,ANUIDADE DE PATENTE: REPUBLICACAO,Z,CLASSIFICATION PENDING,PENDING,False
418,BR,B24H,-,LAPSE BECAUSE OF NON-PAYMENT OF ANNUAL FEES (DEFINITIVELY: ART 78 IV LPI),EXTINCAO DEFINITIVA - ART. 78 INCISO IV DA LPI,H,IP RIGHT CESSATION,DEAD,False
419,BR,B24J,-,"LAPSE BECAUSE OF NON-PAYMENT OF ANNUAL FEES (DEFINITIVELY: ART 78 IV LPI, RESOLUTION 113/2013 ART. 12)","MANUTENCAO DA EXTINCAO - ART. 78 INCISO IV DA LPI - ARTIGO 12, DA RESOLUCAO 113/2013",H,IP RIGHT CESSATION,DEAD,False
420,BR,B251,,NOTIFICATION OF REQUEST FOR PUBLICATION OF THE PATENT APPLICATION ON THE IP MARKETPLACE [CHAPTER 15.25.1 PATENT GAZETTE],NOTIFICACAO DE REQUERIMENTO DE ANUNCIO DE PEDIDO [CODIGO 15.25.1 RPI],S,INFORMATION ON LICENSING AND SIMILAR TRANSACTIONS,PENDING,False
421,BR,B252,-,"FORMAL REQUIREMENTS BEFORE PUBLICATION ON MARKET PLACE NOT MET [PATENT APPLICATION, CHAPTER 15.25.2 PATENT GAZETTE]",EXIGENCIA FORMAL PARA ANUNCIO NA VITRINE DE PEDIDO [CODIGO 15.25.2 RPI],S,INFORMATION ON LICENSING AND SIMILAR TRANSACTIONS,PENDING,False
422,BR,B253,+,PATENT APPLICATION ACCEPTED TO BE PUBLISHED ON THE IP MARKETPLACE [CHAPTER 22.6.3 PATENT GAZETTE],ANUNCIO DE PEDIDO ADMITIDO [CODIGO 15.25.3 RPI],S,INFORMATION ON LICENSING AND SIMILAR TRANSACTIONS,PENDING,False
423,BR,B254,-,REQUEST FOR PUBLICATION OF THE PATENT APPLICATION ON THE IP MARKETPLACE NOT ACCEPTED [CHAPTER 15.25.4 PATENT GAZETTE],ANUNCIO DE PEDIDO NAO ADMITIDO [CODIGO 15.25.4 RPI],S,INFORMATION ON LICENSING AND SIMILAR TRANSACTIONS,PENDING,False
424,BR,B25A,,REQUESTED TRANSFER OF RIGHTS APPROVED,NOTIFICACAO DO DEFERIMENTO DA TRANSFERENCIA REQUERIDA,R,PARTY DATA CHANGE,NEUTRAL,False
425,BR,B25B,,REQUESTED TRANSFER OF RIGHTS REJECTED,NOTIFICACAO DO INDEFERIMENTO DA TRANSFERENCIA REQUERIDA,R,PARTY DATA CHANGE,NEUTRAL,False
426,BR,B25C,,REQUIREMENT RELATED TO REQUESTED TRANSFER OF RIGHTS,EXIGENCIA REFERENTE AO PEDIDO DE TRANSFERENCIA REQUERIDA,R,PARTY DATA CHANGE,NEUTRAL,False
427,BR,B25D,,REQUESTED CHANGE OF NAME OF APPLICANT APPROVED,NOTIFICACAO DO DEFERIMENTO DA ALTERACAO DE NOME REQUERIDA,R,PARTY DATA CHANGE,NEUTRAL,False
428,BR,B25E,,REQUESTED CHANGE OF NAME OF APPLICANT REJECTED,NOTIFICACAO DO INDEFERIMENTO DA ALTERACAO DE NOME REQUERIDA,R,PARTY DATA CHANGE,NEUTRAL,False
429,BR,B25F,,"ENTRY OF CHANGE OF NAME AND/OR HEADQUARTER AND TRANSFER OF APPLICATION, PATENT AND CERTIF. OF ADDITION OF INVENTION: CHANGE OF NAME ON REQUIREMENT","ANOTACAO DE ALTERACAO DE NOME E/OU SEDE DE TRANSFERENCIA DE PEDIDO, PATENTE E CERTIFICADO DE ADICAO DE INVENCAO: ALTERACAO DE NOME EM EXIGENCIA",R,PARTY DATA CHANGE,PENDING,False
430,BR,B25G,,REQUESTED CHANGE OF HEADQUARTER APPROVED,NOTIFICACAO DO DEFERIMENTO DA ALTERACAO DE SEDE REQUERIDA,R,PARTY DATA CHANGE,NEUTRAL,False
431,BR,B25H,,REQUEST FOR CHANGE OF HEADQUARTER REJECTED,NOTIFICACAO DO INDEFERIMENTO DA ALTERACAO DE SEDE INDEFERIDA,R,PARTY DATA CHANGE,NEUTRAL,False
432,BR,B25I,,REQUIREMENT FOR REQUESTED CHANGE OF HEADQUARTER,EXIGENCIA REFERENTE AO PEDIDO DE ALTERACAO DE SEDE REQUERIDA,R,PARTY DATA CHANGE,NEUTRAL,False
433,BR,B25J,,"ENTRY OF CHANGE OF NAME AND/OR HEADQUARTER AND TRANSFER OF APPLICATION, PATENT AND CERTIFICATE OF ADDITION OF INVENTION: RESOLUTION CANCELLED","ANOTACAO DE ALTERACAO DE NOME E/OU SEDE DE TRANSFERENCIA DE PEDIDO, PATENTE E CERTIFICADO DE ADICAO DE INVENCAO: DESPACHO ANULADO",R,PARTY DATA CHANGE,PENDING,False
434,BR,B25K,,"ENTRY OF CHANGE OF NAME AND/OR HEADQUARTER AND TRANSFER OF APPLICATION, PATENT AND CERTIFICATE OF ADDITION OF INVENTION: REPUBLICATION","ANOTACAO DE ALTERACAO DE NOME E/OU SEDE DE TRANSFERENCIA DE PEDIDO, PATENTE E CERTIFICADO DE ADICAO DE INVENCAO: REPUBLICACAO",Y,CORRECTION AND DELETION OF EVENT INFORMATION,PENDING,False
435,BR,B25L,,"ENTRY OF CHANGE OF NAME AND/OR HEADQUARTER AND TRANSFER OF APPLICATION, PATENT AND CERTIFICATE OF ADDITION OF INVENTION: PUBLICATION CANCELLED","ANOTACAO DE ALTERACAO DE NOME E/OU SEDE DE TRANSFERENCIA DE PEDIDO, PATENTE E CERTIFICADO DE ADICAO DE INVENCAO: PUBLICACAO ANULADA",Y,CORRECTION AND DELETION OF EVENT INFORMATION,PENDING,False
436,BR,B25M,-,ENTRY ON LIMITATION OR ONUS OF PATENT ASSIGNMENT [CHAPTER 25.13 PATENT GAZETTE],ANOTACAO DE LIMITACAO OU ONUS [CODIGO 25.13 RPI],R,PARTY DATA CHANGE,UNKNOWN,False
437,BR,B27A,,FILING OF A GREEN PATENT (PATENTE VERDE) [CHAPTER 27.1 PATENT GAZETTE],NOTIFICACAO DE SOLICITACAO PARA PARTICIPACAO NO PROGRAMA DE PATENTES VERDES [CODIGO 27.1 RPI],A,APPLICATION FILING,PENDING,False
438,BR,B27B,+,REQUEST FOR A GREEN PATENT GRANTED [CHAPTER 27.2 PATENT GAZETTE],PATENTE VERDE: SOLICITACAO CONCEDIDA [CODIGO 27.2 RPI],F,IP RIGHT GRANT,ALIVE,True
439,BR,B27C,,REQUEST FOR A GREEN PATENT DENIED [CHAPTER 27.3 PATENT GAZETTE],PATENTE VERDE: SOLICITACAO NEGADA [CODIGO 27.3 RPI],B,APPLICATION DISCONTINUATION,PENDING,False
440,BR,B27G,-,CANCELLATION OF PUBLICATION OF A GREEN PATENT [CHAPTER 27.7 PATENT GAZETTE],PATENTE VERDE: ANULADO A PUBLICACAO POR TER SIDO INDEVIDA [CODIGO 27.7 RPI],Q,DOCUMENT PUBLICATION,DEAD,False
441,BR,B29A,,TECHNICAL EXAMINATION INTERRUPTED DUE TO UNPUBLISHED SUBJECT MATTER [CHAPTER 29.1 PATENT GAZETTE],EXAME TECNICO SOBRESTADO POR MATERIA NAO PUBLICADA [CODIGO 29.1 RPI],D,SEARCH AND EXAMINATION,PENDING,False
442,BR,B29B,-,SUSPENSION OF ALL PROCEEDINGS BY COURT ORDER (PATENT APPLICATION) [CHAPTER 29.2 PATENT GAZETTE],TODOS OS ATOS RELATIVOS AO PEDIDO DE PATENTE ENCONTRAM-SE SOBRESTADOS POR DETERMINACAO JUDICIAL [CODIGO 29.2 RPI],T,ADMINISTRATIVE PROCEDURE ADJUSTMENT,PENDING,False
443,BR,B29C,-,SUSPENSION OF ALL PROCEEDINGS OF THE PATENT BY COURT ORDER (GRANTED PATENT OR UTILITY MODEL) [CHAPTER 29.3 PATENT GAZETTE],TODOS OS ATOS RELATIVOS A PATENTE ENCONTRAM-SE SOBRESTADOS POR DETERMINACAO JUDICIAL [CODIGO 29.3 RPI],T,ADMINISTRATIVE PROCEDURE ADJUSTMENT,UNKNOWN,True
444,BR,B29J,+,"PROCEEDINGS OF PATENT APPLICATION, TECHNICAL EXAMINATION OR PATENT RESUMED  (CHAPTER 29.10 PATENT GAZETTE]","DESSOBRESTAMENTO PROSSEGUIMENTO DO TRAMITE DO PEDIDO DE PATENTE, EXAME TECNICO OU PATENTE [CODIGO 29.10 RPI]",T,ADMINISTRATIVE PROCEDURE ADJUSTMENT,PENDING,False
445,BR,B340,-,APPLICATION ARCHIVED DUE TO THE IMPOSSIBILITY OF RESTORATION OR RECONSTITUTION [CHAPTER 11.34],ARQUIVADO O PEDIDO POR IMPOSSIBILIDADE DA RESTAURACAO OU RECONSTITUICAO [CODIGO 11.34 RPI],B,APPLICATION DISCONTINUATION,DEAD,False
446,BR,B341,+,PATENT APPLICATION REINSTATED FOR RESTORATION OR REESTABLISHMENT OF RIGHTS [CHAPTER 11.34.1 PATENT GAZETTE],DESARQUIVAMENTO O PEDIDO POR RESTAURACAO OU RECONSTITUICAO DOS AUTOS [CODIGO 11.34.1 RPI],C,APPLICATION REVIVAL,ALIVE,False
447,BR,B350,,UPDATE OF INFORMATION ON THE PORTAL [CHAPTER 15.35 PATENT GAZETTE],ATUALIZACAO DE INFORMACOES NO PORTAL [CODIGO 15.35 RPI],Y,CORRECTION AND DELETION OF EVENT INFORMATION,NEUTRAL,False
448,BR,B65X,,NOTIFICATION OF REQUIREMENT FOR PRIORITY EXAMINATION OF PATENT APPLICATION,NOTIFICACAO DE REQUIREMENTO DE EXAME PRIORITARIO DE PEDIDO DE PATENTE,D,SEARCH AND EXAMINATION,PENDING,False
449,BR,B65Y,+,GRANT OF PRIORITY EXAMINATION OF THE PATENT APPLICATION (REQUEST COMPLIES WITH DEC. 132/06 OF 20061117),CONCEDIDO O EXAME PRIORITARIO DO PEDIDO DE PATENTE UMA VEZ QUE O REQUERIMENTO APRESENTADO ATENDE AO DISPOSTO NA RESOLUCAO INPI NO 132/06 DE 20061117,D,SEARCH AND EXAMINATION,ALIVE,False
450,BR,B65Z,-,PRIORITY EXAMINATION OF THE PATENT APPLICATION REFUSED (REQUEST DOES NOT COMPLY WITH DEC. 132/06 OF 20061117),NEGADO O EXAME PRIORITARIO DO PEDIDO DE PATENTE UMA VEZ QUE O REQUERIMENTO APRESENTADO NAO ATENDE AO DISPOSTO NA RES. INPI 132/06 DE 20071117,D,SEARCH AND EXAMINATION,PENDING,False
451,BR,BAP,,PROCESSING APPLICATIONS ACCORDING TO ARTICLES 230 AND 231 OF LAW 9.279/96: PUBLICATION OF APPLICATION FOR THIRD PARTIES SUBMISSION OF COMMENTS,PUBLICACAO DO PEDIDO PARA MANIFESTACAO DE TERCEIROS (ARTIGOS 230 E 231 DA LEI 9279/96),Q,DOCUMENT PUBLICATION,PENDING,False
452,BR,CAF,,PROCESSING APPLICATIONS ACCORDING TO ARTICLES 230 AND 231 OF LAW 9.279/96: NOTIFICATION FOR APPLICANT SUBMISSION OF COMMENTS,PROCESSAMENTO DE PEDIDOS SEGUNDO ARTIGOS 230 E 231 DA LEI 9279/96: NOTIFICACAO PARA CONTESTACAO DO DEPOSITANTE,D,SEARCH AND EXAMINATION,PENDING,False
453,BR,CB,-,OPPOSITION FILED,NOTIFICACAO DE OPOSICAO,L,IP RIGHT REVIEW REQUEST,UNKNOWN,False
454,BR,CC,+,OPPOSITION REJECTED,OPOSICAO NAO CONCEDIDA,L,IP RIGHT REVIEW REQUEST,UNKNOWN,False
455,BR,CK,,APPEAL,RECURSO,V,APPEAL,NEUTRAL,False
456,BR,CKFA,,APPEAL AGAINST DEEMED WITHDRAWAL,RECURSO CONTRA O ARQUIVAMENTO,V,APPEAL,NEUTRAL,False
457,BR,CKFC,,APPEAL: APPEAL AGAINST REFUSAL,RECURSO: RECURSO CONTRA O INDEFERIMENTO,V,APPEAL,NEUTRAL,False
458,BR,CKFF,-,APPEAL AGAINST GRANT,RECURSO CONTRA O DEFERIMENTO,V,APPEAL,UNKNOWN,False
459,BR,CKXX,,APPEAL: OTHER APPEALS,RECURSO: OUTROS RECURSOS,V,APPEAL,NEUTRAL,False
460,BR,EE,+,REQUEST FOR EXAMINATION,PUBLICACAO DO PEDIDO DE EXAME,D,SEARCH AND EXAMINATION,PENDING,False
461,BR,EG,-,TECHNICAL EXAMINATION (OPINION): PUBLICATION OF TECHNICAL EXAMINATION (OPINION),CIENCIA DE PARECER: CONHECIMENTO DE PARECER TECNICO,Q,DOCUMENT PUBLICATION,PENDING,False
462,BR,EH,-,EXAMINATION SUSPENDED,EXIGENCIA DECORRENTE DO EXAMEN FORMAL,T,ADMINISTRATIVE PROCEDURE ADJUSTMENT,PENDING,False
463,BR,ENF,+,"REINSTATEMENT OF THE EXAMINATION REQUEST - ARTICLE 33, SOLELY PARAGRAPH, OF INDUSTRIAL PROPERTY LAW",PEDIDO DE EXAME: DESARQUIVAMENTO - ART. 33 PARAGRAFO UNICO DA LPI,T,ADMINISTRATIVE PROCEDURE ADJUSTMENT,ALIVE,False
464,BR,ERR,,ANNULMENT OR RECTIFICATION OF FORMER PUBLICATION,ANULACAO DA PUBLICACAO OU FOI RETIFICADA A PUBLICAÇÃO,P,RE-PUBLICATION OF DOCUMENT AFTER MODIFICATION,PENDING,False
465,BR,FA,-,APPLICATION WITHDRAWN,DESISTENCIA HOMOLOGADA,B,APPLICATION DISCONTINUATION,DEAD,False
466,BR,FA1,-,APPLICATION WITHDRAWN (ART. 18(2)),PEDIDO RETIRADO (ART. 18(2)),B,APPLICATION DISCONTINUATION,DEAD,False
467,BR,FA10,-,DISMISSAL: DISMISSAL - ARTICLE 33 OF INDUSTRIAL PROPERTY LAW,ARQUIVAMENTO: ARQUIVAMENTO - ART. 33 DA LPI,B,APPLICATION DISCONTINUATION,DEAD,False
468,BR,FA11,-,"DISMISSAL: DISMISSAL - ARTICLE 38, PAR. 2 OF INDUSTRIAL PROPERTY LAW",ARQUIVAMENTO: ARQUIVAMENTO: ART 38 PAR 2 DA LPI,B,APPLICATION DISCONTINUATION,DEAD,False
469,BR,FA12,-,"DISMISSAL: DISMISSAL - ARTICLE 216, PAR. 2 OF INDUSTRIAL PROPERTY LAW",ARQUIVAMENTO: ARQUIVAMENTO DO PEDIDO - ART. 216 PAR 2 DA LPI,B,APPLICATION DISCONTINUATION,DEAD,False
470,BR,FA13,-,PROCESSING APPLICATIONS ACCORDING TO ARTICLES 230 AND 231 OF LAW 9.279/96: DISMISSAL,PROCESSAMENTO DE PEDIDOS SEGUNDO ARTIGOS 230 E 231 DA LEI 9.279/96: ARQUIVAMENTO,B,APPLICATION DISCONTINUATION,DEAD,False
471,BR,FA14,-,DISMISSAL: DISMISSAL - ARTICLE 34 OF INDUSTRIAL PROPERTY LAW,ARQUIVAMENTO: ARQUIVAMENTO - ART. 34 DA LPI,B,APPLICATION DISCONTINUATION,DEAD,False
472,BR,FA15,-,"DISMISSAL: DISMISSAL - ARTICLE 17, PAR. 2 OF INDUSTRIAL PROPERTY LAW",ARQUIVAMENTO : ARQUIVAMENTO - ART. 17 PAR 2 DA LPI,B,APPLICATION DISCONTINUATION,DEAD,False
473,BR,FA2,-,APPLICATION DEEMED WITHDRAWN (ART. 19(5)),PEDIDO ARQUIVADO (ART. 19(5)),B,APPLICATION DISCONTINUATION,DEAD,False
474,BR,FA3,-,APPLICATION DEEMED WITHDRAWN (ART. 19(6)),PEDIDO ARQUIVADO (ART. 19(6)),B,APPLICATION DISCONTINUATION,DEAD,False
475,BR,FA4,-,APPLICATION DEEMED WITHDRAWN (ART. 21(1)),PEDIDO ARQUIVADO (ART. 21(1)),,,PENDING,False
476,BR,FA5,-,APPLICATION DEEMED WITHDRAWN (ART. 106),PEDIDO ARQUIVADO (ART. 106),B,APPLICATION DISCONTINUATION,DEAD,False
477,BR,FA6,-,APPLICATION DEEMED WITHDRAWN (ART. 115(1)),PEDIDO ARQUIVADO (ART. 115(1)),,,PENDING,False
478,BR,FA7,-,"APPLICATION WITHDRAWN (ART. 18 PAR. 1 OF LAW 5772/71) - BEING CONTRARY TO MORALS, GOOD CUSTOMS AND PUBLIC SECURITY, ORDER AND HEALTH",ARQUIVAMENTO DEFINITIVO (ART. 18 PARAG. 1 DA LEI 5772/71),B,APPLICATION DISCONTINUATION,DEAD,False
479,BR,FA8,-,"DISMISSAL: DISMISSAL - ARTICLE 36, PAR. 1 OF INDUSTRIAL PROPERTY LAW",ARQUIVAMENTO: ARQUIVAMENTO - ART. 36 PAR 1 DA LPI,B,APPLICATION DISCONTINUATION,DEAD,False
480,BR,FA9,-,APPLICATION DEEMED WITHDRAWN - FAILURE TO COMPLY WITH REQUIREMENTS,ARQUIVAMENTO DEFINITIVO - FALTA DE CUMPRIMENTO DE EXIGENCIA,B,APPLICATION DISCONTINUATION,DEAD,False
481,BR,FB,-,APPLICATION SUSPENDED,SUSPENSAO DO ANDAMENTO DO PEDIDO,T,ADMINISTRATIVE PROCEDURE ADJUSTMENT,PENDING,False
482,BR,FB19,-,GRANT PROCEDURE SUSPENDED (ART. 19),SUSPENSAO DO ANDAMENTO DO PEDIDO (ART. 19),D,SEARCH AND EXAMINATION,PENDING,False
483,BR,FB20,-,GRANT PROCEDURE SUSPENDED (ART. 20),SUSPENSAO DO ANDAMENTO DO PEDIDO (ART. 20),T,ADMINISTRATIVE PROCEDURE ADJUSTMENT,UNKNOWN,False
484,BR,FB34,-,TECHNICAL AND FORMAL REQUIREMENTS: REQUIREMENT - ARTICLE 34 OF INDUSTRIAL PROPERTY LAW,EXIGENCIAS TECNICAS E FORMAIS: EXIGENCIA - ART. 34 DA LPI,D,SEARCH AND EXAMINATION,PENDING,False
485,BR,FB36,-,TECHNICAL AND FORMAL REQUIREMENTS: REQUIREMENT - ARTICLE 36 OF INDUSTRIAL PROPERTY LAW,EXIGENCIAS TECNICAS E FORMAIS: EXIGENCIA: ART. 36 DA LPI,D,SEARCH AND EXAMINATION,PENDING,False
486,BR,FBA,,PROCESSING APPLICATIONS ACCORDING TO ARTICLES 230 AND 231 OF LAW 9.279/96: NOTIFICATION OF PRESENTATION OF AN ADMINISTRATIVE NULLITY,PROCESSAMENTO DE PEDIDOS SEGUNDO ARTIGOS 230 E 231 DA LEI 9279/96: NOTIFICACAO DE INTERPOSICAO DE NULIDADE ADMINISTRATIVA,Z,CLASSIFICATION PENDING,PENDING,False
487,BR,FBOS,,TECHNICAL AND FORMAL REQUIREMENTS: OTHER REQUIREMENTS,EXIGENCIAS TECNICAS E FORMAIS: OUTRAS EXIGENCIAS,D,SEARCH AND EXAMINATION,PENDING,False
488,BR,FC,-,DECISION: REFUSAL,DECISAO: INDEFERIMENTO,B,APPLICATION DISCONTINUATION,DEAD,False
489,BR,FD1,-,APPL. LAPSED DUE TO NON-PAYMENT OF RENEWAL FEE,PEDIDO ARQUIVADO,B,APPLICATION DISCONTINUATION,DEAD,False
490,BR,FD3,-,APPL. LAPSED DUE TO NON-PAYMENT OF RENEWAL FEE,PEDIDO ARQUIVADO,B,APPLICATION DISCONTINUATION,DEAD,False
491,BR,FD4,-,APPL. LAPSED DUE TO NON-PAYMENT OF RENEWAL FEE,PEDIDO ARQUIVADO,B,APPLICATION DISCONTINUATION,DEAD,False
492,BR,FD5,-,APPLICATION FEES: DISMISSAL - ARTICLE 86 OF INDUSTRIAL PROPERTY LAW,ANUIDADE DO PEDIDO: ARQUIVAMENTO - ART. 86 DA LPI,Z,CLASSIFICATION PENDING,PENDING,False
493,BR,FF,+,DECISION: INTENTION TO GRANT,DECISAO: DEFERIMENTO,D,SEARCH AND EXAMINATION,ALIVE,False
494,BR,FG,+,LETTER PATENT GRANTED,CARTA DE PATENT EXPEDIDA,F,IP RIGHT GRANT,ALIVE,True
495,BR,FG9A,+,PATENT OR CERTIFICATE OF ADDITION GRANTED,CONCESSAO DE PATENTE OU CERTIFICADO DE ADICAO DE INVENCAO,F,IP RIGHT GRANT,ALIVE,False
496,BR,FGAN,+,PROCESSING APPLICATIONS ACCORDING TO ARTICLES 230 AND 231 OF LAW 9.279/96: GRANTING,PROCESSAMENTO DE PEDIDOS SEGUNDO ARTIGOS 230 E 231 DA LEI 9279/96: DEFERIMENTO,F,IP RIGHT GRANT,ALIVE,False
497,BR,FM,-,OTHERS CONCERNING APPLICATIONS: UNKNOWN PETITION,OUTROS REFERENTES A PEDIDOS: PETICAO NAO CONHECIDA,Z,CLASSIFICATION PENDING,PENDING,False
498,BR,FN,,REQUEST PENDING,PETICAO SUSTADA,T,ADMINISTRATIVE PROCEDURE ADJUSTMENT,NEUTRAL,False
499,BR,FRL,,PROCESSING APPLICATIONS ACCORDING TO ARTICLES 230 AND 231 OF LAW 9.276.96: APPEAL,PROCESSAMENTO DE PEDIDOS SEGUNDO ARTIGOS 230 E 231 DA LEI 9279/96: RECURSO,,,PENDING,False
500,BR,GA,,CHANGE OF TYPE OF RIGHT,MUDANCA DE NATUREZA,,,NEUTRAL,False
501,BR,GB,,TRANSFER,TRANSFERENCIA DEFERIDA,R,PARTY DATA CHANGE,NEUTRAL,False
502,BR,GBP,,TRANSFER PENDING,TRANSFERENCIA EM EXIGENCIA,R,PARTY DATA CHANGE,NEUTRAL,False
503,BR,GBR,,TRANSFER REFUSED,TRANSFERENCIA INDEFERIDA,R,PARTY DATA CHANGE,NEUTRAL,False
504,BR,GE,,REQUEST FOR COMPULSORY LICENCE,PEDIDO DE LICENCA OBLIGATORIA,S,INFORMATION ON LICENSING AND SIMILAR TRANSACTIONS,NEUTRAL,False
505,BR,GLA,,OTHERS CONCERNING APPLICATIONS: NOTIFICATION OF JUDICIAL DECISION,OUTROS REFERENTES A PEDIDOD: NOTIFICACAO DE DECISAO JUDICIAL,Z,CLASSIFICATION PENDING,PENDING,False
506,BR,HC,,CHANGE OF NAME,ALTERACAO DO NOME DEFERIDA,R,PARTY DATA CHANGE,NEUTRAL,False
507,BR,HCP,,CHANGE OF NAME PENDING,ALTERACAO DO NOME EM EXIGENCIA,,,NEUTRAL,False
508,BR,HCR,,CHANGE OF NAME REFUSED,ALTERACAO DO NOME INDEFERIDA,,,NEUTRAL,False
509,BR,HE,,CHANGE OF ADDRESS,ALTERACAO DE SEDE DEFERIDA,R,PARTY DATA CHANGE,NEUTRAL,False
510,BR,HEP,,CHANGE OF ADDRESS PENDING,ALTEACAO DE SEDE EM EXIGENCIA,,,NEUTRAL,False
511,BR,HER,,CHANGE OF ADDRESS REFUSED,ALTERACAO DE SEDE INDEFERIDA,R,PARTY DATA CHANGE,NEUTRAL,False
512,BR,HHB,,PUBLICATION OF AN APPLICATION: RECTIFICATION,PUBLICACAO DO PEDIDO: RETIFICACAO,P,RE-PUBLICATION OF DOCUMENT AFTER MODIFICATION,PENDING,False
513,BR,HHC,,NOTICE OF OPPOSITION (CORR.),NOTIFICACAO DE OPOSICAO (REPUBLICACAO),,,NEUTRAL,False
514,BR,HHCH,,APPEAL (CORR.),RECURSO (REPUBLICACAO),,,NEUTRAL,False
515,BR,HHEE,,REPUBLICATION OF REQUEST FOR EXAMINATION (CORRECTION),PUBLICACAO DO PEDIDO DE EXAME (REPUBLICACAO),Y,CORRECTION AND DELETION OF EVENT INFORMATION,PENDING,False
516,BR,HHEG,,APPLICATION REFUSED (CORR.),CONHECIMENTO DE PARACER TECNICO DESFAVORAVEL (REPUBLICACAO),P,RE-PUBLICATION OF DOCUMENT AFTER MODIFICATION,PENDING,False
517,BR,HHEH,,EXAMINATION SUSPENDED (CORR.),EXIGENCIA DECORRENTE DO EXAMEN FORMAL (REPUBLICACAO),Z,CLASSIFICATION PENDING,PENDING,False
518,BR,HHFA,,APPLICATION WITHDRAWN (CORR.),DESISTENCIA HOMOLOGADA (REPUBLICACAO),Z,CLASSIFICATION PENDING,PENDING,False
519,BR,HHFB,,GRANT PROCEDURE SUSPENDED (CORRECTION),SUSPENSAO DO ANDAMENTO DO PEDIDO (REPUBLICACAO),Y,CORRECTION AND DELETION OF EVENT INFORMATION,NEUTRAL,False
520,BR,HHFC,,GRANT REFUSED (CORR.),INDEFERIMENTO DO PEDIDO (REPUBLICACAO),Z,CLASSIFICATION PENDING,NEUTRAL,False
521,BR,HHFF,,DECISION: REPUBLICATION,DECISAO: REPUBLICACAO,Z,CLASSIFICATION PENDING,PENDING,False
522,BR,HHFG,,GRANTED PATENT OR CERTIFICATE OF ADDITION OF INVENTION: RECTIFICATION,CONCESSAO DE PATENTE OU CERTIFICADO DE ADICAO DE INVENCAO: RETIFICACAO,Z,CLASSIFICATION PENDING,NEUTRAL,True
523,BR,HHFI,,DECISION: RECTIFICATION,DECISAO: RECTIFICACAO,Z,CLASSIFICATION PENDING,NEUTRAL,False
524,BR,HHFK,,PROCESSING APPLICATIONS ACCORDING TO ARTICLES 230 AND 231 OF LAW 9.279/96: REPUBLICATION,PROCESSAMENTO DE PEDIDOS SEGUNDO ARTIGOS 230 E 231 DA LEI 9279/96: REPUBLICACAO,Z,CLASSIFICATION PENDING,PENDING,False
525,BR,HHFN,,APPLICATION DEEMED WITHDRAWN (CORR.),PEDIDO ARQUIVADO (REPUBLICACAO),Z,CLASSIFICATION PENDING,PENDING,False
526,BR,HHH,,TRANSFER OR CHANGE (CORR.),TRANSFERENCIA OU ALTERACAO (REPUBLICACAO),Z,CLASSIFICATION PENDING,NEUTRAL,False
527,BR,HHKD,,FEES DUE (LETTER PATENT) (CORR.),NOTIFICACAO PARA RECOLHIMENTO (REPUBLICACAO),,,NEUTRAL,False
528,BR,HHM,,EXPIRATION OR DISCLAIMER (CORR.),EXTINCAO OU RENUNCIA (REPUBLICACAO),,,NEUTRAL,False
529,BR,HHMR,,LAPSE DECISION (CORR.),CADUCIDADE (REPUBLICACAO),,,NEUTRAL,False
530,BR,HHN,,APPLICATION DEEMED WITHDRAWN (CORR.),PEDIDO ARQUIVADO (REPUBLICACAO),,,PENDING,False
531,BR,HHRL,,COURT DECISION PUBLISHED (CORR.),PUBLICACAO DE DECISAO JUDICIAL (REPUBLICACAO),,,NEUTRAL,False
532,BR,HHT,,"ENTRY OF CHANGE OF NAME AND/OR HEADQUARTER AND TRANSFER OF APPLICATION, PATENT AND CERTIFICATE OF ADDITION OF INVENTION: REPUBLICATION","ANOTACAO DE ALTERACAO DE NOME E/OU SEDE DE TRANSFERENCIA DE PEDIDO, PATENTE E CERTIFICADO DE ADICAO DE INVENCAO: REPUBLICACAO",Z,CLASSIFICATION PENDING,PENDING,False
533,BR,HHX,,CORRECTION,REPUBLICACAO,Z,CLASSIFICATION PENDING,NEUTRAL,False
534,BR,HIC,,OPPOSITION REJECTION CANCELLED,DESPACHO DE OPOSICAO NAO CONCEDIDA ANULADO,,,NEUTRAL,False
535,BR,HIEH,+,EXAMINATION SUSPENSION CANCELLED,EXIGENCIA ANULADA,Z,CLASSIFICATION PENDING,PENDING,False
536,BR,HIFA,+,APPLICATION WITHDRAWAL CANCELLED,DESPACHO DE DESISTENCIA ANULADO,Z,CLASSIFICATION PENDING,PENDING,False
537,BR,HIFB,+,TECHNICAL AND FORMAL REQUIREMENTS: REQUIREMENT CANCELLED,EXIGENCIAS TECNICAS E FORMAIS: EXIGENCIA ANULADA,D,SEARCH AND EXAMINATION,PENDING,False
538,BR,HIFC,+,REFUSAL CANCELLED,DESPACHO DE INDEFERIMENTO ANULADO,Z,CLASSIFICATION PENDING,UNKNOWN,False
539,BR,HIFD,,DESISTANCE: DESISTANCE NON-CONFIRMED,DESISTENCIA: DESISTENZIA NAO HOMOLOGADA,Z,CLASSIFICATION PENDING,NEUTRAL,False
540,BR,HIFF,-,PATENT GRANT CANCELLED,DESPACHO DE DEFERIMENTO ANULADO,F,IP RIGHT GRANT,DEAD,False
541,BR,HIFN,+,APPLICATION DEEMED WITHDRAWN CANCELLED,DESPACHO DE ARQUIVAMENTO ANULADO,Z,CLASSIFICATION PENDING,PENDING,False
542,BR,HIH,,TRANSFER OR CHANGE CANCELLED,DESPACHO DE TRANSFERENCIA OU ALTERACAO ANULADO,,,NEUTRAL,False
543,BR,HIMR,+,LAPSE DECISION CANCELLED,DECISAO DE CADUCIDADE ANULADA,,,UNKNOWN,False
544,BR,HIT,,TRANSFER OR CHANGE CANCELLED,DESPACHO DE TRANSFERENCIA OU ALTERACAO ANULADO,Z,CLASSIFICATION PENDING,NEUTRAL,False
545,BR,HIX,,NOTIFICATION CANCELLED,DESPACHO ANULADO,Z,CLASSIFICATION PENDING,NEUTRAL,False
546,BR,HIXX,,DECISION CANCELLED,DECISAO ANULADA,Z,CLASSIFICATION PENDING,NEUTRAL,False
547,BR,HJEG,,TECHNICAL EXAMINATION (OPINION): TECHNICAL EXAMINATION (OPINION) RELATED TO ARTICLE 229 OF INDUSTRIAL PROPERTY LAW,CIENCIA DE PARECER: CIENCIA RELACIONADA COM O ART. 229 DA LPI,D,SEARCH AND EXAMINATION,PENDING,False
548,BR,HKAN,,GRANT PROCEDURE SUSPENDED (CORRECTION) - ACCORDING TO ARTICLES 230 AND 231 OF LAW 9279/96,RECTIFICACAO - SEGUNDO ARTIGOS 230 E 231 DA LEI 9279/96,Z,CLASSIFICATION PENDING,NEUTRAL,False
549,BR,HKB,,CANCELLATION OF PUBLICATION,PUBLICACAO ANULADA,Q,DOCUMENT PUBLICATION,PENDING,False
550,BR,HKCK,,APPEAL (DELETED),RECURSO (PUBL. ANULADA),Z,CLASSIFICATION PENDING,NEUTRAL,False
551,BR,HKEE,,REQUEST FOR EXAMINATION (DELETED),PUBLICACAO DO PEDIDO DE EXAME (PUBL. ANULADA),Z,CLASSIFICATION PENDING,PENDING,False
552,BR,HKEG,+,APPLICATION REFUSED (DELETED),CONHECIMENTO DO PARECER TECNICO DESFAVORAVEL (PUBL. ANULADA),Z,CLASSIFICATION PENDING,PENDING,False
553,BR,HKEH,+,EXAMINATION SUSPENDED (DELETED),EXIGENCIA DECORRENTE DO EXAME FORMAL (PUBL. ANULADA),,,PENDING,False
554,BR,HKFA,+,APPLICATION WITHDRAWN (DELETED),DESISTENCIA HOMOLOGADA (PUBL. ANULADA),Z,CLASSIFICATION PENDING,PENDING,False
555,BR,HKFB,,GRANT PROCEDURE SUSPENDED (DELETED),SUSPENSAO DO ANDAMENTO DO PEDIDO (PUBL. ANULADA),Y,CORRECTION AND DELETION OF EVENT INFORMATION,NEUTRAL,False
556,BR,HKFC,+,DECISION OF REFUSAL: PUBLICATION CANCELLED,INDEFERIMENTO DO PEDIDO (PUBL. ANULADA),Q,DOCUMENT PUBLICATION,PENDING,False
557,BR,HKFF,,PUBLICATION OF GRANT (DELETED),PEDIDO DEFERIDO (PUBLICACAO ANULADA),Q,DOCUMENT PUBLICATION,PENDING,False
558,BR,HKFG,,LETTER PATENT GRANTED (DELETED),CARTA DE PATENTE EXPEDIDA (PUBL. ANULADA),Z,CLASSIFICATION PENDING,NEUTRAL,True
559,BR,HKFN,+,APPLICATION DEEMED WITHDRAWN (DELETED),PEDIDO ARQUIVADO (PUBL. ANULADA),Z,CLASSIFICATION PENDING,PENDING,False
560,BR,HKH,,TRANSFER OR CHANGE (DELETED),TRANSFERIMENTO OU ALTERACAO (PUBL. ANULADA),Z,CLASSIFICATION PENDING,NEUTRAL,False
561,BR,HKKD,,FEES DUE (LETTER PATENT) (DELETED),NOTIFICACAO PARA RECOLHIMENTO (PUBL. ANULADA),Z,CLASSIFICATION PENDING,NEUTRAL,False
562,BR,HKM,,EXPIRATION OR DISCLAIMER (DELETED),EXTINCAO OU RENUNCIA (PUBL. ANULADA),,,NEUTRAL,False
563,BR,HKME,+,REQUEST FOR REVOCATION (DELETED),NOTIFICACAO DE PEDIDO DE CANCELAMENTO (PUBL. ANULADA),Z,CLASSIFICATION PENDING,UNKNOWN,False
564,BR,HKMR,,LAPSE DECISION (DELETED),CADUCIDADE (PUBL. ANULADA),,,NEUTRAL,False
565,BR,HKRL,,COURT DECISION PUBLISHED (DELETED),PUBLICACAO DE DECISAO JUDICIAL (PUBL. ANULADA),Z,CLASSIFICATION PENDING,NEUTRAL,False
566,BR,HKT,,TRANSFER OR CHANGE (DELETED),TRANSFERIMENTO OU ALTERACAO (PUBL. ANULADA),Z,CLASSIFICATION PENDING,NEUTRAL,False
567,BR,HKX,,PUBLICATION DELETED,PUBLICACAO ANULADA,Q,DOCUMENT PUBLICATION,PENDING,False
568,BR,HN,,CHANGE OF NUMBER,RENUMERACAO,P,RE-PUBLICATION OF DOCUMENT AFTER MODIFICATION,PENDING,False
569,BR,HNA,,APPLICATION NUMBER CANCELLED,NUMERACAO ANULADA,P,RE-PUBLICATION OF DOCUMENT AFTER MODIFICATION,PENDING,False
570,BR,HO,,CHANGE OF CLASSIFICATION,ALTERACAO DE CLASIFICACAO,P,RE-PUBLICATION OF DOCUMENT AFTER MODIFICATION,PENDING,False
571,BR,HP,,CLAIMED PRIORITY LOST,PERDA DA PRIORIDADE,W,OTHER,NEUTRAL,False
572,BR,HPL,-,PRIORITY GUARANTEE EXPIRED,EXTINCAO DE GARANTIA DE PRIORIDADE,W,OTHER,DEAD,False
573,BR,KA,,ANNUAL FEE DUE,NOTIFICACAO DE ANUIDADE,U,PAYMENT,NEUTRAL,False
574,BR,KAB,,RENEWAL FEES DUE,COMPLEMENTACAO DE ANUIDADE,U,PAYMENT,NEUTRAL,False
575,BR,KD,,NOTIFCATION OF RECEIPT (LETTER PATENT),NOTIFICACAO PARA RECOLHIMENTO (CARTA PATENTE),W,OTHER,NEUTRAL,False
576,BR,KD1,,PAYMENT OF COMPLEMENTARY FEE REQUESTED,EXIGENCIA DE COMPLEMENTACAO DE ANUIDADE,U,PAYMENT,NEUTRAL,False
577,BR,KE,,NOTIFICATION FOR PAYEMENT OF FEE FOR THE DELIVERY OF LETTER PATENTS OF AN APPLICATION GRANTED BY VIRTUE OF LAW 5772/71,NOTIFICACAO PARA PAGAMENTO DA RETRIBUICAO RELATIVA A EXPEDICAO DE CARTA-PATENTE DOS PEDIDOS DEFERIDOS NA  VIGENCIA DA LEI 5772,U,PAYMENT,PENDING,False
578,BR,KF,,REQUEST FOR PROOF OF PAYMENT OF ANNUAL FEE,EXIGENCIA DE COMPROVACAO DE ANUIDADE,U,PAYMENT,NEUTRAL,False
579,BR,MC,-,LETTER PATENT ANNULLED,EXPEDICAO CARTA PATENTE ANULADA,F,IP RIGHT GRANT,DEAD,False
580,BR,MD,-,REQUEST REFUSED - ARTICLES 230 AND 231 OF LAW 9279/96,DENEGACAO DE PEDIDO - SEGUNDO ARTIGOS 230 E 231 DA LEI 9279/96,Z,CLASSIFICATION PENDING,DEAD,False
581,BR,ME,,REQUEST FOR REVOCATION,PETICAO DE CANCELAMENTO,Z,CLASSIFICATION PENDING,NEUTRAL,False
582,BR,MFC,-,GRANT ANNULLED,CONCESSAO ANULADA,H,IP RIGHT CESSATION,DEAD,False
583,BR,MK,-,PATENT EXPIRED,EXTICAO,H,IP RIGHT CESSATION,DEAD,False
584,BR,MM,-,LAPSE DUE TO NON-PAYMENT OF FEES (ART. 50),CADUCIDADE (ART. 50),H,IP RIGHT CESSATION,DEAD,False
585,BR,MS,-,PATENT SUSPENDED,SUSPENSAO DO ANDAMENTO DA PATENTE,T,ADMINISTRATIVE PROCEDURE ADJUSTMENT,UNKNOWN,False
586,BR,MT,-,PATENT PROCEDURE SUSPENDED UNTIL REQUIREMENT MET - ARTICLES 230 AND 231 OF LAW 9279/96,EXIGENCIA - SEGUNDO ARTICOS 230 E 231 DA LEI 9279/96,D,SEARCH AND EXAMINATION,PENDING,False
587,BR,NB,+,PATENT ISSUED - ARTICLES 230 AND 231 OF LAW 9279/96,EXPEDICAO DA PATENTE - SEGUNDO ARTIGOS 230 E 231 DA LEI 9279/96,F,IP RIGHT GRANT,ALIVE,True
588,BR,ND,+,EXTENSION OF TIME ALLOWED,DEVOLUCAO DE PRAZO,T,ADMINISTRATIVE PROCEDURE ADJUSTMENT,UNKNOWN,False
589,BR,NDF,+,EXTENSION OF TIME ALLOWED - ART 21,DEVOLUCAO DE PRAZO - ART 21,T,ADMINISTRATIVE PROCEDURE ADJUSTMENT,UNKNOWN,False
590,BR,NF,+,APPLICATION RESTORED,RESTAURACAO DO ANDAMENTO,C,APPLICATION REVIVAL,ALIVE,False
591,BR,PC,,TRANSFER,TRANSFERENCIA DEFERIDA,R,PARTY DATA CHANGE,NEUTRAL,False
592,BR,PCP,,TRANSFER PENDING,TRANSFERERENCIA EM EXIGENCIA,R,PARTY DATA CHANGE,NEUTRAL,False
593,BR,PCR,,TRANSFER REFUSED,TRANSFERENCIA INDEFERIDA,R,PARTY DATA CHANGE,NEUTRAL,False
594,BR,RH,-,REQUEST REFUSED,PETICAO NAO CONHECIDA,Z,CLASSIFICATION PENDING,DEAD,False
595,BR,RI,,REQUEST PENDING,PETICAO SUSTADA,Z,CLASSIFICATION PENDING,NEUTRAL,False
596,BR,RL,,COURT DECISION PUBLISHED,DECISAO JUDICIAL PUBLICADA,Z,CLASSIFICATION PENDING,NEUTRAL,False
597,BR,RLL,,OTHER REQUESTS - ARTICLES 230 AND 231 OF LAW 9279/96,OUTROS (PROCESSAMENTO DE PEDIDOS SEGUNDO ARTIGOS 230 E 231 DA LEI 9279/96),Z,CLASSIFICATION PENDING,NEUTRAL,False
598,BR,RMB,,APPEAL AGAINST LAPSE,RECURSO CONTRA O DEFERIMENTO,,,NEUTRAL,False
599,BR,TC,,CHANGE OF NAME,ALTERACAO DO NOME,R,PARTY DATA CHANGE,NEUTRAL,False
600,BR,TCP,,CHANGE OF PROPRIETOR'S NAME PENDING,ALTERACAO DO NOME EM EXIGENCIA,R,PARTY DATA CHANGE,NEUTRAL,False
601,BR,TCR,,CHANGE OF PROPRIETOR'S NAME REFUSED,ALTERACAO DO NOME INDEFERIDA,R,PARTY DATA CHANGE,NEUTRAL,False
602,BR,TE,,CHANGE OF ADDRESS,ALTERACAO DE SEDE DEFERIDA,R,PARTY DATA CHANGE,NEUTRAL,False
603,BR,TEP,,CHANGE OF ADDRESS PENDING,ALTERACAO DE SEDE EM EXIGENCIA,R,PARTY DATA CHANGE,NEUTRAL,False
604,BR,TER,,CHANGE OF ADDRESS REFUSED,ALTERACAO DE SEDE INDEFERIDA,R,PARTY DATA CHANGE,NEUTRAL,False
605,BR,THX,,CORRECTION,REPUBLICACAO,Z,CLASSIFICATION PENDING,NEUTRAL,False
606,BR,TIX,,NOTIFICATION CANCELLED,DESPACHO ANULADO,Z,CLASSIFICATION PENDING,NEUTRAL,False
607,BR,TKX,,LAST ANNOUNCEMENT CANCELLED,PUBLICACAO ANULADA,Z,CLASSIFICATION PENDING,NEUTRAL,False
608,BR,TKX1,-,GRANT PROCEDURE SUSPENDED (CANCELLED) - ACCORDING TO ARTICLES 230 AND 231 OF LAW 9279/96,PUBLICACAO ANULADA - SEGUNDO ARTIGOS 230 E 231 DA LEI 9279/96,Z,CLASSIFICATION PENDING,DEAD,False
609,CA,712J,,GB: DETERMINATION OF FOREIGN ENTITLEMENT (SECT. 12/1977),GB: DETERMINATION OF FOREIGN ENTITLEMENT (SECT. 12/1977),,,NEUTRAL,False
610,CA,740B,,GB: APPLICATION DECIDED BY THE COMPTROLLER (SECT. 40/1977),GB: APPLICATION DECIDED BY THE COMPTROLLER (SECT. 40/1977),,,PENDING,False
611,CA,AFNE,+,NATIONAL PHASE ENTRY,NATIONAL PHASE ENTRY,,,UNKNOWN,False
612,CA,AZWC,+,WITHDRAWN (CORRECTION),WITHDRAWN (CORRECTION),Y,CORRECTION AND DELETION OF EVENT INFORMATION,NEUTRAL,False
613,CA,AZWI,-,WITHDRAWN APPLICATION,WITHDRAWN APPLICATION,B,APPLICATION DISCONTINUATION,DEAD,False
614,CA,EEER,+,EXAMINATION REQUEST,EXAMINATION REQUEST,D,SEARCH AND EXAMINATION,PENDING,False
615,CA,FZDC,+,DISCONTINUED APPLICATION REINSTATED,DEAD (CORRECTION),C,APPLICATION REVIVAL,ALIVE,False
616,CA,FZDE,-,DISCONTINUED,DEAD,H,IP RIGHT CESSATION,DEAD,False
617,CA,MKEC,+,EXPIRY (CORRECTION),EXPIRY (CORRECTION),Y,CORRECTION AND DELETION OF EVENT INFORMATION,NEUTRAL,False
618,CA,MKEX,-,EXPIRY,EXPIRY,H,IP RIGHT CESSATION,DEAD,False
619,CA,MKLA,-,LAPSED,LAPSED,H,IP RIGHT CESSATION,DEAD,False
620,CA,MKLC,+,LAPSED (CORRECTION),LAPSED (CORRECTION),Y,CORRECTION AND DELETION OF EVENT INFORMATION,NEUTRAL,False
621,CA,MZSC,+,SURRENDER (CORRECTION),SURRENDER (CORRECTION),,,NEUTRAL,False
622,CA,MZSU,-,SURRENDER,SURRENDER,H,IP RIGHT CESSATION,DEAD,False
623,CA,NARC,,RE-EXAMINATION CERTIFICATE,RE-EXAMINATION CERTIFICATE,Q,DOCUMENT PUBLICATION,PENDING,False
624,CA,NARE,,REISSUED,REISSUED,Q,DOCUMENT PUBLICATION,PENDING,False
625,CH,AECN,+,CONTINUATION OF PROCEEDINGS AGREED,WEITERBEHANDLUNG GUTGEHEISSEN,T,ADMINISTRATIVE PROCEDURE ADJUSTMENT,UNKNOWN,False
626,CH,AELC,,MAINTAINED IN AMEND FORM,AUFRECHTERHALTUNG IN GEAENDERTEN FORM,M,IP RIGHT MAINTENANCE,NEUTRAL,False
627,CH,AELM,-,LIMITATION AGREED,BESCHRAENKUNGSANTRAG GUTGEHEISSEN,M,IP RIGHT MAINTENANCE,UNKNOWN,False
628,CH,AEN,,SCOPE OR VALIDITY OF THE PATENT MODIFIED,AENDERUNGEN AM BESTAND DES PATENTES,M,IP RIGHT MAINTENANCE,NEUTRAL,False
629,CH,AEPS,-,PARTIAL WAIVER,TEILVERZICHT,M,IP RIGHT MAINTENANCE,DEAD,False
630,CH,AERE,+,REACTIVATION AGREED,WIEDEREINSETZUNG GUTGEHEISSEN,K,IP RIGHT REVIVAL,ALIVE,False
631,CH,AERF,+,REACTIVATION AFTER ERRONEOUS DELETION,REAKTIVIERUNG NACH IRRTUEMLICHER LOESCHUNG,C,APPLICATION REVIVAL,ALIVE,False
632,CH,AUV,,UNDELIVERABLE DECISIONS OPENED (PATENTS),EROEFFNUNG UNZUSTELLBARER VERFUEGUNGEN,W,OTHER,NEUTRAL,False
633,CH,AUVA,,UNDELIVERABLE DECISIONS OPENED (APPLICATIONS),EROEFFNUNG UNZUSTELLBARER VERFUEGUNGEN,W,OTHER,PENDING,False
634,CH,AZW,-,REJECTION (APPLICATION),ZURUECKWEISUNG,B,APPLICATION DISCONTINUATION,DEAD,False
635,CH,AZZ,-,WITHDRAWAL (APPLICATION),ZURUECKZIEHUNG,,,DEAD,False
636,CH,EP,+,EUROPEAN PATENT TAKES EFFECT AS A NATIONAL PATENT IN CH/LI,WIRKUNG DES EUROPAEISCHEN PATENTS ALS NATIONALES PATENT IN CH/LI TRITT EIN,W,OTHER,UNKNOWN,True
637,CH,F10,+,IP RIGHT GRANTED,[NO DESCRIPTION IN ORIGINAL LANGUAGE],F,IP RIGHT GRANT,ALIVE,False
638,CH,G11,+,EXTENSION OF SPC TERM REQUESTED,[NO DESCRIPTION IN ORIGINAL LANGUAGE],G,PROTECTION BEYOND IP RIGHT TERM,NEUTRAL,False
639,CH,H13,-,IP RIGHT LAPSED,[NO DESCRIPTION IN ORIGINAL LANGUAGE],H,IP RIGHT CESSATION,DEAD,False
640,CH,H14,-,IP RIGHT EXPIRED,[NO DESCRIPTION IN ORIGINAL LANGUAGE],H,IP RIGHT CESSATION,DEAD,False
641,CH,K11,+,IP RIGHT REVIVAL REQUESTED,[NO DESCRIPTION IN ORIGINAL LANGUAGE],K,IP RIGHT REVIVAL,ALIVE,False
642,CH,K13,+,IP RIGHT REVIVED IN FULL,[NO DESCRIPTION IN ORIGINAL LANGUAGE],K,IP RIGHT REVIVAL,ALIVE,False
643,CH,L10,,IP RIGHT REVIEW REQUESTED,[NO DESCRIPTION IN ORIGINAL LANGUAGE],L,IP RIGHT REVIEW REQUEST,NEUTRAL,False
644,CH,L11,,POST-GRANT OPPOSITION FILED,[NO DESCRIPTION IN ORIGINAL LANGUAGE],L,IP RIGHT REVIEW REQUEST,NEUTRAL,False
645,CH,L13,,LIMITATION OR REISSUE OF IP RIGHT REQUESTED,[NO DESCRIPTION IN ORIGINAL LANGUAGE],L,IP RIGHT REVIEW REQUEST,NEUTRAL,False
646,CH,L18,,REQUEST FOR IP RIGHT REVIEW REJECTED,[NO DESCRIPTION IN ORIGINAL LANGUAGE],L,IP RIGHT REVIEW REQUEST,NEUTRAL,False
647,CH,M12,+,IP RIGHT MAINTAINED IN AMENDED FORM FOLLOWING AN IP RIGHT REVIEW OR AN APPEAL,[NO DESCRIPTION IN ORIGINAL LANGUAGE],M,IP RIGHT MAINTENANCE,ALIVE,False
648,CH,N11,-,APPLICATION TERMINATED,[NO DESCRIPTION IN ORIGINAL LANGUAGE],N,TERMINATION,DEAD,False
649,CH,N12,-,IP RIGHT TERMINATED,[NO DESCRIPTION IN ORIGINAL LANGUAGE],N,TERMINATION,DEAD,False
650,CH,NE,+,PATENT NOT CEASED,PATENT IST NOCH NICHT ERLOSCHEN,,,UNKNOWN,False
651,CH,NV,,NEW AGENT,NEUER VERTRETER/NOUVEAUX MANDATAIRES/NUOVI MANDATARI,R,PARTY DATA CHANGE,NEUTRAL,False
652,CH,PCAR,,CHANGE OF THE ADDRESS OF THE REPRESENTATIVE,ADRESSAENDERUNG VERTRETER,R,PARTY DATA CHANGE,NEUTRAL,False
653,CH,PCOW,,CHANGE OF ADDRESS OF PATENT OWNER(S),ADRESSAENDERUNG DES PATENTINHABERS,R,PARTY DATA CHANGE,NEUTRAL,False
654,CH,PFA,,NAME/FIRM CHANGED,NAMENS-/FIRMENAENDERUNG,R,PARTY DATA CHANGE,NEUTRAL,False
655,CH,PFUS,,MERGER,FUSION,R,PARTY DATA CHANGE,NEUTRAL,False
656,CH,PK,,CORRECTION,BERICHTIGUNG,Y,CORRECTION AND DELETION OF EVENT INFORMATION,NEUTRAL,False
657,CH,PL,-,PATENT CEASED,LOESCHUNG/RADIATION/RADIAZION,H,IP RIGHT CESSATION,DEAD,False
658,CH,PLI,,LICENCE,LIZENZ,S,INFORMATION ON LICENSING AND SIMILAR TRANSACTIONS,NEUTRAL,False
659,CH,PLIA,,CANCELLATION OF LICENCE,AUFHEBUNG EINER LIZENZ,S,INFORMATION ON LICENSING AND SIMILAR TRANSACTIONS,NEUTRAL,False
660,CH,PLVZ,-,RENUNCIATION,LOESCHUNG INFOLGE VERZICHTS AUF DAS PATENT,H,IP RIGHT CESSATION,DEAD,False
661,CH,PLX,-,PATENT DECLARED INVALID FROM DATE OF GRANT ONWARDS,LOESCHUNG MIT WIRKUNG AB ERTEILUNGSDATUM,H,IP RIGHT CESSATION,DEAD,False
662,CH,PLZ,-,PATENT OF ADDITION CEASED,LOESCHUNG ZUSATZPATENT,,,DEAD,False
663,CH,PSI,,CHANGE OF HEADQUARTERS,SITZVERLEGUNG,R,PARTY DATA CHANGE,NEUTRAL,False
664,CH,PUE,,ASSIGNMENT,UEBERTRAGUNG,R,PARTY DATA CHANGE,NEUTRAL,False
665,CH,PUEA,,ASSIGNMENT OF THE SHARE,UEBERTRAGUNG DES ANTEILES,S,INFORMATION ON LICENSING AND SIMILAR TRANSACTIONS,NEUTRAL,False
666,CH,PVP,,PLEDGING,VERPFAENDUNG,S,INFORMATION ON LICENSING AND SIMILAR TRANSACTIONS,NEUTRAL,False
667,CH,PVPA,,CANCELLATION OF PLEDGING,AUFHEBUNG EINER VERPFAENDUNG,S,INFORMATION ON LICENSING AND SIMILAR TRANSACTIONS,NEUTRAL,False
668,CH,PW,+,RESTITUTION,WIEDEREINSETZUNG,,,UNKNOWN,False
669,CH,PWZ,+,RESTITUTION OF A PATENT OF ADDITION,WIEDEREINSETZUNG ZUSATZPATENT,,,UNKNOWN,False
670,CH,PZW,-,REJECTION (PATENT),ZURUECKWEISUNG,B,APPLICATION DISCONTINUATION,DEAD,False
671,CH,Q10,,DOCUMENT PUBLISHED,[NO DESCRIPTION IN ORIGINAL LANGUAGE],Q,DOCUMENT PUBLICATION,PENDING,False
672,CH,Q11,,CERTAIN BIBLIOGRAPHIC INFORMATION ON THE APPLICATION PUBLISHED,[NO DESCRIPTION IN ORIGINAL LANGUAGE],Q,DOCUMENT PUBLICATION,PENDING,False
673,CH,Q12,,APPLICATION PUBLISHED,[NO DESCRIPTION IN ORIGINAL LANGUAGE],Q,DOCUMENT PUBLICATION,PENDING,False
674,CH,Q17,,MODIFIED DOCUMENT PUBLISHED,[NO DESCRIPTION IN ORIGINAL LANGUAGE],Q,DOCUMENT PUBLICATION,PENDING,False
675,CH,R10,,PARTY DATA CHANGE RECORDED,[NO DESCRIPTION IN ORIGINAL LANGUAGE],R,PARTY DATA CHANGE,NEUTRAL,False
676,CH,R14,,TRANSFER OF OWNERSHIP RECORDED,[NO DESCRIPTION IN ORIGINAL LANGUAGE],R,PARTY DATA CHANGE,NEUTRAL,False
677,CH,R17,,CHANGE TO REPRESENTATIVE RECORDED,[NO DESCRIPTION IN ORIGINAL LANGUAGE],R,PARTY DATA CHANGE,NEUTRAL,False
678,CH,R18,,CHANGES TO PARTY CONTACT INFORMATION RECORDED,[NO DESCRIPTION IN ORIGINAL LANGUAGE],R,PARTY DATA CHANGE,NEUTRAL,False
679,CH,S11,,VOLUNTARY LICENSE RECORDED,[NO DESCRIPTION IN ORIGINAL LANGUAGE],S,INFORMATION ON LICENSING AND SIMILAR TRANSACTIONS,NEUTRAL,False
680,CH,S13,,RECORDATION OF VOLUNTARY LICENSE CANCELLED,[NO DESCRIPTION IN ORIGINAL LANGUAGE],S,INFORMATION ON LICENSING AND SIMILAR TRANSACTIONS,NEUTRAL,False
681,CH,S20,,SECURITY INTEREST RECORDED,[NO DESCRIPTION IN ORIGINAL LANGUAGE],S,INFORMATION ON LICENSING AND SIMILAR TRANSACTIONS,NEUTRAL,False
682,CH,S28,,ROYALTY AGREEMENT RECORDED,[NO DESCRIPTION IN ORIGINAL LANGUAGE],S,INFORMATION ON LICENSING AND SIMILAR TRANSACTIONS,NEUTRAL,False
683,CH,SPCC,,CERTIFICATES - CORRECTIONS,ZERTIFIKATE - BERICHTIGUNGEN,Y,CORRECTION AND DELETION OF EVENT INFORMATION,NEUTRAL,False
684,CH,SPCE,-,SUPPLEMENTARY PROTECTION CERTIFICATE EXPIRED,[NO DESCRIPTION IN ORIGINAL LANGUAGE],H,IP RIGHT CESSATION,DEAD,False
685,CH,SPCF,,SUPPLEMENTARY PROTECTION CERTIFICATE FILED,ZERTIFIKATSANMELDUNG,G,PROTECTION BEYOND IP RIGHT TERM,NEUTRAL,False
686,CH,SPCG,+,SUPPLEMENTARY PROTECTION CERTIFICATE GRANTED,ZERTIFIKATSERTEILUNG,G,PROTECTION BEYOND IP RIGHT TERM,ALIVE,False
687,CH,SPCH,+,REINSTATEMENT OF AN SPC,WEITERBEHANDLUNG GUTGEHEISSEN (REAKTIVIERUNG DES ESZ),K,IP RIGHT REVIVAL,ALIVE,False
688,CH,SPCJ,,PLEDGE OF AN SPC,PFAENDUNG EINES ERGAENZENDEN SCHUTZZERTIFIKATS,S,INFORMATION ON LICENSING AND SIMILAR TRANSACTIONS,NEUTRAL,False
689,CH,SPCL,-,SUPPLEMENTARY PROTECTION CERTIFICATE DELETION,SCHUTZZERTIFIKAT - LOESCHUNG,H,IP RIGHT CESSATION,DEAD,False
690,CH,SPCM,,CERTIFICATES - MODIFICATION OF ASSIGNMENT,ZERTIFIKATE - AENDERUNG DER UEBERTRAGUNG,R,PARTY DATA CHANGE,NEUTRAL,False
691,CH,SPCN,,CERTIFICATES - MODIFICATION NEW REPRESENTATIVE,ZERTIFIKATE - AENDERUNG NEUE VERTRETER,R,PARTY DATA CHANGE,NEUTRAL,False
692,CH,SPCO,,CERTIFICATES - MODIFICATION LICENCES,ZERTIFIKATE - AENDERUNG LIZENZEN,S,INFORMATION ON LICENSING AND SIMILAR TRANSACTIONS,NEUTRAL,False
693,CH,SPCP,,CERTIFICATES - MODIFICATION OF FIRM,ZERTIFIKATE - FIRMENAENDERUNG,R,PARTY DATA CHANGE,NEUTRAL,False
694,CH,SPCR,,SUPPLEMENTARY PROTECTION CERTIFICATE REJECTED,ZERTIFIKATSANMELDUNG ZURUECKGEWIESEN,G,PROTECTION BEYOND IP RIGHT TERM,NEUTRAL,False
695,CH,SPCU,,CERTIFICATE - PUBLICATION OF DECISION THAT COULD NOT BE NOTIFIED BY OTHER MEANS (I.E. GAZETTE),ZERTIFIKATE - EROEFFNUNG UNZUSTELLBARER VERFUEGUNG,G,PROTECTION BEYOND IP RIGHT TERM,PENDING,False
696,CH,SPCW,-,SUPPLEMENTARY PROTECTION CERTIFICATE WITHDRAWN,ZERTIFIKATSANMELDUNG ZURUECKGEZOGEN,G,PROTECTION BEYOND IP RIGHT TERM,NEUTRAL,False
697,CH,SPCX,+,EXTENSION OF SUPPLEMENTARY PROTECTION CERTIFICATE REQUESTED,[NO DESCRIPTION IN ORIGINAL LANGUAGE],G,PROTECTION BEYOND IP RIGHT TERM,NEUTRAL,False
698,CH,SPCZ,+,EXTENSION OF SUPPLEMENTARY PROTECTION CERTIFICATE GRANTED [PAEDIATRIC EXTENSION],[NO DESCRIPTION IN ORIGINAL LANGUAGE],G,PROTECTION BEYOND IP RIGHT TERM,ALIVE,False
699,CH,SPK3,+,IP RIGHT REVIVED IN FULL FOR SUPPLEMENTARY PROTECTION CERTIFICATE,[NO DESCRIPTION IN ORIGINAL LANGUAGE],K,IP RIGHT REVIVAL,ALIVE,False
700,CH,SPR1,,TRANSFER OF OWNERSHIP RECORDED FOR SUPPLEMENTARY PROTECTION CERTIFICATE,[NO DESCRIPTION IN ORIGINAL LANGUAGE],R,PARTY DATA CHANGE,NEUTRAL,False
701,CH,SPR2,,CHANGE TO THE NAME OF APPLICANT OF OWNER RECORDED  FOR SUPPLEMENTARY PROTECTION CERTIFICATE,[NO DESCRIPTION IN ORIGINAL LANGUAGE],R,PARTY DATA CHANGE,NEUTRAL,False
702,CH,SPR3,,CHANGE TO REPRESENTATIVE RECORDED FOR SUPPLEMENTARY PROTECTION CERTIFICATE,[NO DESCRIPTION IN ORIGINAL LANGUAGE],R,PARTY DATA CHANGE,NEUTRAL,False
703,CH,SPU1,+,FULL RENEWAL OR MAINTENANCE FEE PAID FOR SUPPLEMENTARY PROTECTION CERTIFICATE,[NO DESCRIPTION IN ORIGINAL LANGUAGE],U,PAYMENT,ALIVE,False
704,CH,T14,,ADMINISTRATIVE PROCEDURE SUSPENDED OR STAYED,[NO DESCRIPTION IN ORIGINAL LANGUAGE],T,ADMINISTRATIVE PROCEDURE ADJUSTMENT,NEUTRAL,False
705,CH,TV,-,PARTIAL RENUNCIATION,TEILWEISER VERZICHT,,,DEAD,False
706,CH,U11,+,FULL RENEWAL OR MAINTENANCE FEE PAID,[NO DESCRIPTION IN ORIGINAL LANGUAGE],U,PAYMENT,ALIVE,False
707,CH,W10,,OTHER EVENT OCCURRED,[NO DESCRIPTION IN ORIGINAL LANGUAGE],W,OTHER,NEUTRAL,False
708,CH,Y10,,EVENT INFORMATION CORRECTED OR DELETED,[NO DESCRIPTION IN ORIGINAL LANGUAGE],Y,CORRECTION AND DELETION OF EVENT INFORMATION,NEUTRAL,False
709,CN,AD01,-,PATENT RIGHT DEEMED ABANDONED,PATENT RIGHT DEEMED ABANDONED,H,IP RIGHT CESSATION,DEAD,False
710,CN,AR01,,ABANDONMENT OF PATENT RIGHT TO AVOID DOUBLE PATENTING,ABANDONMENT OF PATENT RIGHT TO AVOID DOUBLE PATENTING,H,IP RIGHT CESSATION,NEUTRAL,False
711,CN,ASS,,SUCCESSION OR ASSIGNMENT OF PATENT RIGHT,SUCCESSION OR ASSIGNMENT OF PATENT RIGHT,R,PARTY DATA CHANGE,NEUTRAL,False
712,CN,AV01,-,PATENT RIGHT ACTIVELY ABANDONED,PATENT RIGHT ACTIVELY ABANDONED,H,IP RIGHT CESSATION,DEAD,False
713,CN,AV02,-,PATENT RIGHT PARTIALLY ABANDONED,[NO DESCRIPTION IN ORIGINAL LANGUAGE],M,IP RIGHT MAINTENANCE,DEAD,False
714,CN,BB1A,,PUBLICATION OF APPLICATION,PUBLICATION OF APPLICATION,Q,DOCUMENT PUBLICATION,PENDING,False
715,CN,C01,-,DEEMED WITHDRAWAL OF PATENT APPLICATION (PATENT LAW 1993),DEEMED WITHDRAWAL OF PATENT APPLICATION,B,APPLICATION DISCONTINUATION,DEAD,False
716,CN,C02,-,DEEMED WITHDRAWAL OF PATENT APPLICATION AFTER PUBLICATION (PATENT LAW 2001),DEEMED WITHDRAWAL OF PATENT APPLICATION AFTER PUBLICATION,B,APPLICATION DISCONTINUATION,DEAD,False
717,CN,C03,-,WITHDRAWAL OF PATENT APPLICATION (PATENT LAW 1993),WITHDRAWAL OF PATENT APPLICATION,B,APPLICATION DISCONTINUATION,DEAD,False
718,CN,C04,-,WITHDRAWAL OF PATENT APPLICATION AFTER PUBLICATION (PATENT LAW 2001),WITHDRAWAL OF PATENT APPLICATION AFTER PUBLICATION,B,APPLICATION DISCONTINUATION,DEAD,False
719,CN,C05,-,DEEMED WITHDRAWAL (PATENT LAW BEFORE 1993),DEEMED WITHDRAWAL,B,APPLICATION DISCONTINUATION,DEAD,False
720,CN,C06,+,PUBLICATION,PUBLICATION,Q,DOCUMENT PUBLICATION,PENDING,False
721,CN,C10,,ENTRY INTO SUBSTANTIVE EXAMINATION,ENTRY INTO SUBSTANTIVE EXAMINATION,D,SEARCH AND EXAMINATION,PENDING,False
722,CN,C12,-,REJECTION OF A PATENT APPLICATION AFTER ITS PUBLICATION,REJECTION OF A PATENT APPLICATION AFTER ITS PUBLICATION,B,APPLICATION DISCONTINUATION,DEAD,False
723,CN,C13,,DECISION,DECISION,W,OTHER,NEUTRAL,False
724,CN,C14,+,GRANT OF PATENT OR UTILITY MODEL,GRANT OF PATENT OR UTILITY MODEL,F,IP RIGHT GRANT,ALIVE,True
725,CN,C15,+,EXTENSION OF PATENT RIGHT DURATION FROM 15 TO 20 YEARS FOR APPL. WITH DATE BEFORE 31.12.1992 AND STILL VALID ON 11.12.2001 (PATENT LAW CHANGE 1993),EXTENSION OF PATENT RIGHT DURATION,G,PROTECTION BEYOND IP RIGHT TERM,NEUTRAL,False
726,CN,C17,-,CESSATION OF PATENT RIGHT,CESSATION OF PATENT RIGHT,H,IP RIGHT CESSATION,DEAD,False
727,CN,C19,-,LAPSE OF PATENT RIGHT DUE TO NON-PAYMENT OF THE ANNUAL FEE,CESSATION OF PATENT RIGHT (CESSATION OF PATENT RIGHT DUE TO NON-PAYMENT OF THE ANNUAL FEE),H,IP RIGHT CESSATION,DEAD,False
728,CN,C20,-,PATENT RIGHT OR UTILITY MODEL DEEMED TO BE ABANDONED OR IS ABANDONED,PATENT RIGHT OR UTILITY MODEL DEEMED TO BE ABANDONED OR IS ABANDONED,H,IP RIGHT CESSATION,DEAD,False
729,CN,C25,-,ABANDONMENT OF PATENT RIGHT OR UTILITY MODEL TO AVOID DOUBLE PATENTING,ABANDONMENT OF PATENT RIGHT OR UTILITY MODEL TO AVOID DOUBLE PATENTING,H,IP RIGHT CESSATION,DEAD,False
730,CN,C26,-,PARTIAL REVOCATION OF PATENT RIGHT OR UTILITY MODEL,PARTIAL REVOCATION OF PATENT RIGHT OR UTILITY MODEL,M,IP RIGHT MAINTENANCE,DEAD,False
731,CN,C28,-,REVOCATION OF PATENT RIGHT OR UTILITY MODEL,REVOCATION OF PATENT RIGHT OR UTILITY MODEL,H,IP RIGHT CESSATION,DEAD,False
732,CN,C32,-,FULL OR PARTIAL INVALIDATION OF PATENT RIGHT,FULL OR PARTIAL INVALIDATION OF PATENT RIGHT,M,IP RIGHT MAINTENANCE,DEAD,False
733,CN,C35,-,PARTIAL OR WHOLE INVALIDATION OF PATENT OR UTILITY MODEL,PARTIAL OR WHOLE INVALIDATION OF PATENT OR UTILITY MODEL,M,IP RIGHT MAINTENANCE,DEAD,False
734,CN,C41,,TRANSFER OF PATENT APPLICATION OR PATENT RIGHT OR UTILITY MODEL,TRANSFER OF PATENT APPLICATION OR PATENT RIGHT OR UTILITY MODEL,R,PARTY DATA CHANGE,PENDING,False
735,CN,C44,,SUCCESSION OR ASSIGNMENT OF PATENT RIGHT,SUCCESSION OR ASSIGNMENT OF PATENT RIGHT,,,NEUTRAL,False
736,CN,C45,,ASSIGNMENT OF PATENT RIGHT,SUCCESSION OR ASSIGNMENT OF PATENT RIGHT (ASSIGNMENT OF PATENT RIGHT),,,NEUTRAL,False
737,CN,C47,,SUCCESSION OR ASSIGNMENT OF PATENT RIGHT (SUCCESSION OF PATENT RIGHT),SUCCESSION OR ASSIGNMENT OF PATENT RIGHT (SUCCESSION OF PATENT RIGHT),,,NEUTRAL,False
738,CN,C49,+,REINSTATEMENT OF PATENT RIGHT OR UTILITY MODEL,REINSTATEMENT OF PATENT RIGHT OR UTILITY MODEL,K,IP RIGHT REVIVAL,ALIVE,False
739,CN,C52,+,RESTORATION OF THE PATENT APPLICATION OR PATENT RIGHT (RESTORATION OF THE PATENT APPLICATION),RESTORATION OF THE PATENT APPLICATION OR PATENT RIGHT (RESTORATION OF THE PATENT APPLICATION),C,APPLICATION REVIVAL,ALIVE,False
740,CN,C53,,CORRECTION OF PATENT OF INVENTION OR PATENT APPLICATION,CORRECTION OF PATENT FOR INVENTION OR PATENT APPLICATION,P,RE-PUBLICATION OF DOCUMENT AFTER MODIFICATION,PENDING,False
741,CN,C56,,CHANGE IN THE NAME OR ADDRESS OF THE PATENTEE,CHANGE IN THE NAME OR ADDRESS OF THE PATENTEE,R,PARTY DATA CHANGE,NEUTRAL,False
742,CN,C57,,NOTIFICATION OF UNCLEAR OR UNKNOWN ADDRESS,NOTIFICATION OF UNCLEAR ADDRESS,W,OTHER,NEUTRAL,False
743,CN,C59,,NOTIFICATION,NOTIFICATION,,,NEUTRAL,False
744,CN,C60,,OTHER RELATED MATTERS,OTHER RELATED MATTERS,Z,CLASSIFICATION PENDING,NEUTRAL,False
745,CN,C61,+,"OTHER RELATED MATTERS MISSED ANNOUNCEMENT TO GRANT THE PATENT RIGHT OF FOLLOWING PATENT APPLICATION ON SEPTEMBER 13, 1989","OTHER RELATED MATTERS MISSED ANNOUNCEMENT TO GRANT THE PATENT RIGHT OF FOLLOWING PATENT APPLICATION ON SEPTEMBER 13, 1989",,,ALIVE,False
746,CN,C62,,OTHER RELATED MATTERS (REQUEST FOR RESUMING PROCEDURE),OTHER RELATED MATTERS (REQUEST FOR RESUMING PROCEDURE),,,NEUTRAL,False
747,CN,CB01,,CHANGE OF BIBLIOGRAPHIC DATA,CHANGE OF BIBLIOGRAPHIC DATA,,,NEUTRAL,False
748,CN,CB02,,CHANGE OF APPLICANT INFORMATION,CHANGE OF APPLICANT INFORMATION,R,PARTY DATA CHANGE,NEUTRAL,False
749,CN,CB03,,CHANGE OF INVENTOR OR DESIGNER INFORMATION,CHANGE OF INVENTOR OR DESIGNER INFORMATION,R,PARTY DATA CHANGE,NEUTRAL,False
750,CN,CB04,,CHANGE OF ATTORNEY INFORMATION,CHANGE OF ATTORNEY INFORMATION,R,PARTY DATA CHANGE,NEUTRAL,False
751,CN,CE01,-,TERMINATION OF PATENT RIGHT,TERMINATION OF PATENT RIGHT,,,DEAD,False
752,CN,CF01,-,TERMINATION OF PATENT RIGHT DUE TO NON-PAYMENT OF ANNUAL FEE,TERMINATION OF PATENT RIGHT DUE TO NON-PAYMENT OF ANNUAL FEE,H,IP RIGHT CESSATION,DEAD,False
753,CN,CGPU,,CHANGE TO PATENT OR TO UTILITY MODEL,CHANGE TO PATENT OR TO UTILITY MODEL,F,IP RIGHT GRANT,NEUTRAL,False
754,CN,CI01,,PUBLICATION OF CORRECTED INVENTION PATENT APPLICATION,CORRECTION OF INVENTION PATENT GAZETTE,Q,DOCUMENT PUBLICATION,PENDING,False
755,CN,CI02,,CORRECTION OF INVENTION PATENT APPLICATION,CORRECTION OF INVENTION PATENT APPLICATION,P,RE-PUBLICATION OF DOCUMENT AFTER MODIFICATION,PENDING,False
756,CN,CI03,,CORRECTION OF INVENTION PATENT,CORRECTION OF INVENTION PATENT,P,RE-PUBLICATION OF DOCUMENT AFTER MODIFICATION,PENDING,False
757,CN,COR,,CHANGE OF BIBLIOGRAPHIC DATA,CHANGE OF BIBLIOGRAPHIC DATA,P,RE-PUBLICATION OF DOCUMENT AFTER MODIFICATION,PENDING,False
758,CN,CP01,,CHANGE IN THE NAME OR TITLE OF A PATENT HOLDER,CHANGE IN THE NAME OR TITLE OF A PATENT HOLDER,R,PARTY DATA CHANGE,NEUTRAL,False
759,CN,CP02,,CHANGE IN THE ADDRESS OF A PATENT HOLDER,CHANGE IN THE ADDRESS OF A PATENT HOLDER,R,PARTY DATA CHANGE,NEUTRAL,False
760,CN,CP03,,"CHANGE OF NAME, TITLE OR ADDRESS","CHANGE OF NAME, TITLE OR ADDRESS",R,PARTY DATA CHANGE,NEUTRAL,False
761,CN,CU01,,CORRECTION OF UTILITY MODEL,CORRECTION OF UTILITY MODEL PATENT,P,RE-PUBLICATION OF DOCUMENT AFTER MODIFICATION,PENDING,False
762,CN,CU02,,CORRECTION OF GAZETTE AND DESCRIPTION OF PATENT FOR UTILITY MODEL,CORRECTION OF GAZETTE AND DESCRIPTION OF PATENT FOR UTILITY MODEL,,,NEUTRAL,False
763,CN,CU03,,PUBLICATION OF CORRECTED UTILITY MODEL,CORRECTION OF UTILITY MODEL PATENT GAZETTE,Q,DOCUMENT PUBLICATION,PENDING,False
764,CN,CX01,-,EXPIRY OF PATENT TERM,EXPIRY OF PATENT TERM,H,IP RIGHT CESSATION,DEAD,False
765,CN,DC01,,SECRET PATENT STATUS HAS BEEN LIFTED,SECRET PATENT STATUS HAS BEEN LIFTED,W,OTHER,NEUTRAL,False
766,CN,DCSP,,DECLASSIFICATION OF SECRET PATENT,DECLASSIFICATION OF SECRET PATENT,Q,DOCUMENT PUBLICATION,PENDING,False
767,CN,DD01,,DELIVERY OF DOCUMENT BY PUBLIC NOTICE,DELIVERY OF DOCUMENT BY PUBLIC NOTICE,W,OTHER,NEUTRAL,False
768,CN,DE01,,OFFICE'S DECISION ON SUBSTANTIVE EXAMINATION OF PATENT APPLICATION,OFFICE'S DECISION ON SUBSTANTIVE EXAMINATION OF PATENT APPLICATION,D,SEARCH AND EXAMINATION,PENDING,False
769,CN,EC01,,CANCELLATION OF RECORDATION OF PATENT LICENSING CONTRACT,CANCELLATION OF RECORDATION OF PATENT LICENSING CONTRACT,S,INFORMATION ON LICENSING AND SIMILAR TRANSACTIONS,NEUTRAL,False
770,CN,EE01,,ENTRY INTO FORCE OF RECORDATION OF PATENT LICENSING CONTRACT,ENTRY INTO FORCE OF RECORDATION OF PATENT LICENSING CONTRACT,S,INFORMATION ON LICENSING AND SIMILAR TRANSACTIONS,NEUTRAL,False
771,CN,EM01,,CHANGE OF RECORDATION OF PATENT LICENSING CONTRACT,CHANGE OF RECORDATION OF PATENT LICENSING CONTRACT,S,INFORMATION ON LICENSING AND SIMILAR TRANSACTIONS,NEUTRAL,False
772,CN,ERR,,GAZETTE CORRECTION,GAZETTE CORRECTION,Y,CORRECTION AND DELETION OF EVENT INFORMATION,NEUTRAL,False
773,CN,EXPY,-,TERMINATION OF PATENT RIGHT OR UTILITY MODEL,TERMINATION OF PATENT RIGHT OR UTILITY MODEL,H,IP RIGHT CESSATION,DEAD,False
774,CN,EXSB,,DECISION MADE BY SIPO TO INITIATE SUBSTANTIVE EXAMINATION,DECISION MADE BY SIPO TO INITIATE SUBSTANTIVE EXAMINATION,D,SEARCH AND EXAMINATION,PENDING,False
775,CN,FG1K,+,GRANT OF UTILITY MODEL,GRANT OF UTILITY MODEL,F,IP RIGHT GRANT,ALIVE,False
776,CN,FG4A,+,GRANT OF PATENT,GRANT OF PATENT,F,IP RIGHT GRANT,ALIVE,True
777,CN,GR01,+,PATENT GRANT,PATENT GRANT,F,IP RIGHT GRANT,ALIVE,False
778,CN,GR02,,EXAMINED PATENT APPLICATION,EXAMINED PATENT APPLICATION,,,PENDING,False
779,CN,GR03,+,GRANT OF SECRET PATENT RIGHT,GRANT OF SECRET PATENT RIGHT,,,ALIVE,False
780,CN,GRSP,+,GRANT OF SECRET PATENT RIGHT,GRANT OF SECRET PATENT RIGHT,F,IP RIGHT GRANT,ALIVE,False
781,CN,IP01,-,PARTIAL INVALIDATION OF PATENT RIGHT,PARTIAL INVALIDATION OF PATENT RIGHT,M,IP RIGHT MAINTENANCE,DEAD,False
782,CN,IW01,-,FULL INVALIDATION OF PATENT RIGHT,FULL INVALIDATION OF PATENT RIGHT,H,IP RIGHT CESSATION,DEAD,False
783,CN,LIC,,PATENT LICENCE CONTRACT FOR EXPLOITATION SUBMITTED FOR RECORD,PATENT LICENCE CONTRACT FOR EXPLOITATION SUBMITTED FOR RECORD,S,INFORMATION ON LICENSING AND SIMILAR TRANSACTIONS,NEUTRAL,False
784,CN,LICC,,"ENFORCEMENT, CHANGE AND CANCELLATION OF RECORD OF CONTRACTS ON THE LICENCE FOR EXPLOITATION OF A PATENT OR UTILITY MODEL","ENFORCEMENT, CHANGE AND CANCELLATION OF RECORD OF CONTRACTS ON THE LICENCE FOR EXPLOITATION OF A PATENT OR UTILITY MODEL",S,INFORMATION ON LICENSING AND SIMILAR TRANSACTIONS,NEUTRAL,False
785,CN,MA1K,-,DEEMED AS ABANDONED,DEEMED AS ABANDONED,H,IP RIGHT CESSATION,DEAD,False
786,CN,MK1K,-,EXPIRATION OF UTILITY MODEL,EXPIRATION OF UTILITY MODEL,H,IP RIGHT CESSATION,DEAD,False
787,CN,MK4A,-,EXPIRATION OF PATENT,EXPIRATION OF PATENT,H,IP RIGHT CESSATION,DEAD,False
788,CN,MM1K,-,CEASE CAUSED BY NON PAYMENT OF ANNUAL FEE,CEASE CAUSED BY UNPAYMENT OF ANNUAL FEE,H,IP RIGHT CESSATION,DEAD,False
789,CN,MM4A,-,CEASE OF PATENT RIGHT CAUSED BY UNPAYMENT OF ANNUAL FEE,CEASE OF PATENT RIGHT CAUSED BY UNPAYMENT OF ANNUAL FEE,H,IP RIGHT CESSATION,DEAD,False
790,CN,OL01,,INTENTION TO LICENSE DECLARED,[NO DESCRIPTION IN ORIGINAL LANGUAGE],S,INFORMATION ON LICENSING AND SIMILAR TRANSACTIONS,NEUTRAL,False
791,CN,OL02,,INTENTION TO LICENSE WITHDRAWN,[NO DESCRIPTION IN ORIGINAL LANGUAGE],S,INFORMATION ON LICENSING AND SIMILAR TRANSACTIONS,NEUTRAL,False
792,CN,OR01,,OTHER RELATED MATTERS,OTHER RELATED MATTERS,,,NEUTRAL,False
793,CN,PB01,,PUBLICATION,PUBLICATION,Q,DOCUMENT PUBLICATION,PENDING,False
794,CN,PC01,,CANCELLATION OF THE REGISTRATION OF THE CONTRACT FOR PLEDGE OF PATENT RIGHT,CANCELLATION OF THE REGISTRATION OF THE CONTRACT FOR PLEDGE OF PATENT RIGHT,S,INFORMATION ON LICENSING AND SIMILAR TRANSACTIONS,NEUTRAL,False
795,CN,PD01,+,DISCHARGE OF PRESERVATION OF PATENT,DISCHARGE OF PRESERVATION OF PATENT,T,ADMINISTRATIVE PROCEDURE ADJUSTMENT,UNKNOWN,False
796,CN,PE01,,ENTRY INTO FORCE OF THE REGISTRATION OF THE CONTRACT FOR PLEDGE OF PATENT RIGHT,ENTRY INTO FORCE OF THE REGISTRATION OF THE CONTRACT FOR PLEDGE OF PATENT RIGHT,S,INFORMATION ON LICENSING AND SIMILAR TRANSACTIONS,NEUTRAL,False
797,CN,PLDC,,"ENFORCEMENT, CHANGE AND CANCELLATION OF CONTRACTS ON PLEDGE OF PATENT RIGHT OR UTILITY MODEL","ENFORCEMENT, CHANGE AND CANCELLATION OF CONTRACTS ON PLEDGE OF PATENT RIGHT OR UTILITY MODEL",S,INFORMATION ON LICENSING AND SIMILAR TRANSACTIONS,NEUTRAL,False
798,CN,PM01,,CHANGE OF THE REGISTRATION OF THE CONTRACT FOR PLEDGE OF PATENT RIGHT,CHANGE OF THE REGISTRATION OF THE CONTRACT FOR PLEDGE OF PATENT RIGHT,S,INFORMATION ON LICENSING AND SIMILAR TRANSACTIONS,NEUTRAL,False
799,CN,PP01,+,PRESERVATION OF PATENT RIGHT,PRESERVATION OF PATENT RIGHT,T,ADMINISTRATIVE PROCEDURE ADJUSTMENT,UNKNOWN,False
800,CN,RA01,+,RESTORATION OF PATENT RIGHT,RESTORATION OF PATENT RIGHT,K,IP RIGHT REVIVAL,ALIVE,False
801,CN,RECT,,RECTIFICATION,RECTIFICATION,Y,CORRECTION AND DELETION OF EVENT INFORMATION,NEUTRAL,False
802,CN,REG,,REFERENCE TO A NATIONAL CODE,REFERENCE TO A NATIONAL CODE,,,NEUTRAL,False
803,CN,REIN,+,REINSTATEMENT OF PATENT APPLICATION OR PATENT RIGHT,REINSTATEMENT OF PATENT APPLICATION OR PATENT RIGHT,C,APPLICATION REVIVAL,ALIVE,False
804,CN,REPR,,NEW REPRESENTATIVE,NEW REPRESENTATIVE,R,PARTY DATA CHANGE,NEUTRAL,False
805,CN,RGAV,-,ABANDON PATENT RIGHT TO AVOID REGRANT,ABANDON PATENT RIGHT TO AVOID REGRANT,H,IP RIGHT CESSATION,DEAD,False
806,CN,RINS,+,PRESERVATION OF PATENT RIGHT OR UTILITY MODEL AND ITS DISCHARGE,PRESERVATION OF PATENT RIGHT OR UTILITY MODEL AND ITS DISCHARGE,T,ADMINISTRATIVE PROCEDURE ADJUSTMENT,UNKNOWN,False
807,CN,RJ01,-,REJECTION OF INVENTION PATENT APPLICATION AFTER PUBLICATION,REJECTION OF INVENTION PATENT APPLICATION AFTER PUBLICATION,B,APPLICATION DISCONTINUATION,DEAD,False
808,CN,RN01,+,RENEWAL OF PATENT TERM,RENEWAL OF PATENT TERM,,,ALIVE,False
809,CN,RP01,-,PARTIAL REVOCATION OF PATENT RIGHT,PARTIAL REVOCATION OF PATENT RIGHT,,,DEAD,False
810,CN,RR01,+,REINSTATEMENT OF PATENT RIGHT,REINSTATEMENT OF PATENT RIGHT,K,IP RIGHT REVIVAL,ALIVE,False
811,CN,RW01,-,FULL REVOCATION OF PATENT RIGHT,FULL REVOCATION OF PATENT RIGHT,,,DEAD,False
812,CN,SE01,,ENTRY INTO FORCE OF REQUEST FOR SUBSTANTIVE EXAMINATION,ENTRY INTO FORCE OF REQUEST FOR SUBSTANTIVE EXAMINATION,D,SEARCH AND EXAMINATION,PENDING,False
813,CN,TA01,,TRANSFER OF PATENT APPLICATION RIGHT,TRANSFER OF PATENT APPLICATION RIGHT,R,PARTY DATA CHANGE,PENDING,False
814,CN,TG01,+,PATENT TERM ADJUSTMENT,[NO DESCRIPTION IN ORIGINAL LANGUAGE],G,PROTECTION BEYOND IP RIGHT TERM,NEUTRAL,False
815,CN,TP01,+,PATENT TERM EXTENSION [PHARMACEUTICAL PRODUCT PATENT],[NO DESCRIPTION IN ORIGINAL LANGUAGE],G,PROTECTION BEYOND IP RIGHT TERM,NEUTRAL,False
816,CN,TR01,,TRANSFER OF PATENT RIGHT,TRANSFER OF PATENT RIGHT,R,PARTY DATA CHANGE,NEUTRAL,False
817,CN,WD01,-,INVENTION PATENT APPLICATION DEEMED WITHDRAWN AFTER PUBLICATION,INVENTION PATENT APPLICATION DEEMED WITHDRAWN AFTER PUBLICATION,B,APPLICATION DISCONTINUATION,DEAD,False
818,CN,WW01,-,INVENTION PATENT APPLICATION WITHDRAWN AFTER PUBLICATION,INVENTION PATENT APPLICATION WITHDRAWN AFTER PUBLICATION,B,APPLICATION DISCONTINUATION,DEAD,False
819,CO,FA,-,APPLICATION WITHDRAWN,ABANDONADA,B,APPLICATION DISCONTINUATION,DEAD,False
820,CO,FC,-,APPLICATION REFUSED,RECHAZADA,B,APPLICATION DISCONTINUATION,DEAD,False
821,CO,FD,-,APPLICATION LAPSED,CADUCADA,B,APPLICATION DISCONTINUATION,DEAD,False
822,CO,FG,+,APPLICATION GRANTED,CONCEDIDA,F,IP RIGHT GRANT,ALIVE,False
823,CR,FA,,ABANDONMENT OR WITHDRAWAL (GRANTING PROCEDURE),SOLICITUD ARCHIVADA-DESISTIDA,B,APPLICATION DISCONTINUATION,PENDING,False
824,CR,FC,-,REFUSAL,SOLICITUD DENEGADA,B,APPLICATION DISCONTINUATION,DEAD,False
825,CR,FC90,,APPLICATION SUSPENDED,SOLICITUD RECHAZADA,T,ADMINISTRATIVE PROCEDURE ADJUSTMENT,PENDING,False
826,CR,FD,-,APPLICATION DECLARED VOID OR LAPSED,SOLICITUD ARCHIVADA-RETIRO,B,APPLICATION DISCONTINUATION,DEAD,False
827,CR,MA,-,ABANDONMENT OR WITHDRAWAL (DISCONTINUATION OF RIGHT),PATENTE ARCHIVADA-RENUNCIA,H,IP RIGHT CESSATION,DEAD,False
828,CR,MC,-,ANNULMENT,PATENTE ANULADA,H,IP RIGHT CESSATION,DEAD,False
829,CR,MK,-,PATENT LAPSED,PATENTE CADUCA,H,IP RIGHT CESSATION,DEAD,False
830,CS,IF00,+,IN FORCE AS OF 2000-06-30 IN CZECH REPUBLIC,PLATNY OD 2000-06-30,W,OTHER,ALIVE,False
831,CS,MC4A,-,PATENT REVOCATION (ANNULMENT),ZRUSENY PATENT,H,IP RIGHT CESSATION,DEAD,False
832,CS,MK1K,-,UTILITY MODEL EXPIRED,ZANIK UZITNEHO VZORU UPLYNUTIM DOBY PLATNOSTI,,,DEAD,False
833,CS,MK4A,-,PATENT EXPIRED,ZANIK PATENTU UPLYNUTIM DOBY PLATNOSTI,H,IP RIGHT CESSATION,DEAD,False
834,CS,MM4A,-,PATENT LAPSED DUE TO NON-PAYMENT OF FEE,ZANIK PATENTU PRO NEZAPLACENI,H,IP RIGHT CESSATION,DEAD,False
835,CS,PD00,,PENDING AS OF 2000-06-30 IN CZECH REPUBLIC,V RIZENI OD 2000-06-30,W,OTHER,NEUTRAL,False
836,CU,CH,,EVENT RELATED TO OPPOSITION PROCEEDINGS [DETAILS IN FREETEXT],[NO DESCRIPTION IN ORIGINAL LANGUAGE],L,IP RIGHT REVIEW REQUEST,NEUTRAL,False
837,CU,EC,,DOCUMENTARY SEARCH REPORT ESTABLISHED,[NO DESCRIPTION IN ORIGINAL LANGUAGE],D,SEARCH AND EXAMINATION,PENDING,False
838,CU,EZ,,EVENT RELATED TO SEARCH AND EXAMINATION [DETAILS IN FREETEXT],[NO DESCRIPTION IN ORIGINAL LANGUAGE],D,SEARCH AND EXAMINATION,PENDING,False
839,CU,FA,-,PATENT APPLICATION ABANDONED OR WITHDRAWN,[NO DESCRIPTION IN ORIGINAL LANGUAGE],B,APPLICATION DISCONTINUATION,DEAD,False
840,CU,FC,-,PATENT APPLICATION REFUSED,[NO DESCRIPTION IN ORIGINAL LANGUAGE],B,APPLICATION DISCONTINUATION,DEAD,False
841,CU,FD,-,LAPSE (FOR NOT PAYING FEES),CADUCA POR NO PAGO,H,IP RIGHT CESSATION,DEAD,False
842,CU,FG,+,GRANT OF PATENT,CONCEDIDA,F,IP RIGHT GRANT,ALIVE,True
843,CU,MK,-,CEASED DUE TO EXPIRATION OF TERM,CADUCA POR TERMINO DE VIGENCIA,H,IP RIGHT CESSATION,DEAD,False
844,CZ,FG1K,+,UTILITY MODEL REGISTERED,ZAPSANY UZITNY VZOR,F,IP RIGHT GRANT,ALIVE,False
845,CZ,IF00,+,IN FORCE AS OF 2000-06-30 IN CZECH REPUBLIC,PLATNY OD 2000-06-30,W,OTHER,ALIVE,False
846,CZ,MA4A,-,PATENT SURRENDERED,ZANIK PATENTU VZDANIM SE,H,IP RIGHT CESSATION,DEAD,False
847,CZ,MC3K,-,REVOCATION OF UTILITY MODEL,VYMAZ UZITNEHO VZORU,H,IP RIGHT CESSATION,DEAD,False
848,CZ,MC4A,-,PATENT REVOCATION (ANNULMENT),ZRUSENY PATENT,H,IP RIGHT CESSATION,DEAD,False
849,CZ,MH1K,-,UTILITY MODEL SURRENDERED,ZANIK UZITNEHO VZORU VZDANIM SE NAROKU,H,IP RIGHT CESSATION,DEAD,False
850,CZ,MK1K,-,UTILITY MODEL EXPIRED,ZANIK UZITNEHO VZORU UPLYNUTIM DOBY PLATNOSTI,H,IP RIGHT CESSATION,DEAD,False
851,CZ,MK4A,-,PATENT EXPIRED,ZANIK PATENTU UPLYNUTIM DOBY PLATNOSTI,H,IP RIGHT CESSATION,DEAD,False
852,CZ,MM4A,-,PATENT LAPSED DUE TO NON-PAYMENT OF FEE,ZANIK PATENTU PRO NEZAPLACENI,H,IP RIGHT CESSATION,DEAD,False
853,CZ,ND1K,+,FIRST OR SECOND EXTENSION OF TERM OF UTILITY MODEL,PRVNI PRODLOUZENI DOBY PLATNOSTI ZAPISU UZITNEHO VZORU,G,PROTECTION BEYOND IP RIGHT TERM,NEUTRAL,False
854,CZ,PD00,,PENDING AS OF 2000-06-30 IN CZECH REPUBLIC,V RIZENI OD 2000-06-30,W,OTHER,NEUTRAL,False
855,DD,A1,+,PUBLISHED AS PROV. ECONOMIC PATENT,PUBLIZIERT ALS PROV. WIRTSCHAFTSPATENT (HAUPTPATENT),,,UNKNOWN,False
856,DD,A2,+,PUBLISHED AS PROV. ECONOMIC PATENT (ADDITIONAL PATENT),PUBLIZIERT ALS PROV. WIRTSCHAFTSPATENT (ZUSATZPATENT),,,UNKNOWN,False
857,DD,A3,+,PUBLISHED AS ECONOMIC PATENT,PUBLIZIERT ALS WIRTSCHAFTSPATENT (HAUPTPATENT),,,UNKNOWN,False
858,DD,A5,+,PUBLISHED AS PROV. EXCLUSIVE PATENT,PUBLIZIERT ALS PROV. AUSSCHLIESSUNGSPATENT,Q,DOCUMENT PUBLICATION,PENDING,False
859,DD,A7,+,PUBLISHED AS EXCLUSIVE PATENT,PUBLIZIERT ALS AUSCHLIESSUNGSPATENT,Q,DOCUMENT PUBLICATION,PENDING,False
860,DD,A9,+,LAID OPEN APPLICATION ACCORD. TO  PAR. 10.3 EXTENSION ACT,"OFFENLEGUNGSSCHRIFT, PAR. 10.3 ERSTRECKUNGSGESETZ",,,PENDING,False
861,DD,ASS,,CHANGE OF APPLICANT OR OWNER,AENDERUNG DES ANMELDERS ODER INHABERS,R,PARTY DATA CHANGE,NEUTRAL,False
862,DD,AUF,+,MAINTAINED (SECT. 12/3 EXTENSION ACT,AUFRECHTERHALTEN (PAR. 12/3 ERSTRG),M,IP RIGHT MAINTENANCE,ALIVE,False
863,DD,B1,+,ECONOMIC PATENT (SECT. 18(1)),WIRTSCHAFTSPATENT (ART. 18(1)),F,IP RIGHT GRANT,ALIVE,False
864,DD,B3,+,EXCLUSIVE PATENT (SECT. 18(1)),AUSSCHLIESSUNGSPATENT (ART. 18(1)),,,UNKNOWN,False
865,DD,B5,+,"PATENT SPECIFICATION,  2ND PUBL. ACCORD. TO EXTENSION ACT",PATENTSCHRIFT 2. PUBL. AUF GRUND DES ERSTRECKUNGSGESETZES,Z,CLASSIFICATION PENDING,UNKNOWN,False
866,DD,BAB,+,TRANSLATION PUBLISHED SECTION PAR.8 PART 1 EXTENSION ACT,UEBERSETZUNG VEROEFFENTLICHT NACH 8 ABS. 1 ERSTRG,Q,DOCUMENT PUBLICATION,PENDING,False
867,DD,BAUF,-,MAINTAINED RESTRICTED (SECT. 12/3 EXTENSION ACT),BESCHRAENKT AUFRECHTERHALTEN (PAR. 12/3 ERSTRG),M,IP RIGHT MAINTENANCE,UNKNOWN,False
868,DD,BER,,CORRECTION/AMENDMENT,BERICHTIGUNG/ERGAENZUNG,Z,CLASSIFICATION PENDING,NEUTRAL,False
869,DD,C2,+,ECONOMIC PATENT (SECT. 19),WIRTSCHAFTSPATENT (ART. 19),,,UNKNOWN,False
870,DD,C4,+,EXCLUSIVE PATENT (SECT. 19),AUSSCHLIESSUNGSPATENT (ART. 19),,,UNKNOWN,False
871,DD,C5,+,"PATENT SPECIFICATION, 3RD PUBL. ACCORD. TO EXTENSION ACT",PATENTSCHRIFT 3. PUBL. AUF GRUND DES ERSTRECKUNGSGESETZES,,,UNKNOWN,False
872,DD,D1,,PATENT MODIFIED AFTER THE RESTRICTION PROCEEDINGS,PATENT NACH BESCHRAENKUNGSVERFAHREN GEAENDERT,M,IP RIGHT MAINTENANCE,NEUTRAL,False
873,DD,DEAE,+,KEPT VALID AFTER OPPOSITION PROCEEDINGS,NACH DURCHFUEHRUNG DES EINSPRUCHSVERFAHRENS AUFRECHT ERHALTEN,M,IP RIGHT MAINTENANCE,ALIVE,False
874,DD,E491,+,GRANTED (SECT. 49/1 PATENT ACT,ERTEILT (PAR. 49/1 PATG),F,IP RIGHT GRANT,ALIVE,False
875,DD,EN,-,WITHDRAWN (ART. 11 AND 12 EXTENSION ACT),ZURUECKGENOMMEN (PAR. 11 AND 12 ERSTRECKUNGSGESETZ),Z,CLASSIFICATION PENDING,UNKNOWN,False
876,DD,ENJ,-,CEASED DUE TO NON-PAYMENT OF RENEWAL FEE,ERLOSCHEN DURCH NICHTZ. D. JAHRESGEB.,H,IP RIGHT CESSATION,DEAD,False
877,DD,EP,+,REQUEST FOR EXAMINATION UNDER PARAGRAPH 12(1) FILED,PRUEFUNGSANTRAG GEM. PAR. 12(1) ERSTG. GESTELLT,D,SEARCH AND EXAMINATION,PENDING,False
878,DD,EPAA,,"CHANGE IN THE PERSON, NAME OR ADDRESS OF THE APPLICANT","AENDERUNG IN DER PERSON, IM NAMEN ODER IM WOHNORT DES ANMELDERS",R,PARTY DATA CHANGE,NEUTRAL,False
879,DD,EPAE,,"CHANGE IN THE PERSON, NAME OR ADDRESS OF THE PATENTEE","AENDERUNG IN DER PERSON, IM NAMEN ODER IM WOHNORT DES INHABERS",R,PARTY DATA CHANGE,NEUTRAL,False
880,DD,EPAV,,"CHANGE IN THE PERSON, NAME OR ADDRESS OF THE REPRESENTATIVE","AENDERUNG IN DER PERSON, IM NAMEN ODER IM WOHNORT DES VERTRETERS",R,PARTY DATA CHANGE,NEUTRAL,False
881,DD,EPBP,+,SEARCH REPORT REQUESTED,RECHERCHENBERICHT BEANTRAGT,D,SEARCH AND EXAMINATION,PENDING,False
882,DD,EPE,-,EXTENDED PATENT HAS CEASED,ERSTRECKTES PATENT IST ERLOSCHEN,,,DEAD,False
883,DD,EZ,+,ACTION FOR VOID DECLARATION WITHDRAWN,KLAGE AUF ERKLAERUNG DER NICHTIGKEIT ZURUECKGENOMMEN,,,UNKNOWN,False
884,DD,IF04,+,IN FORCE IN THE YEAR 2004,GUELTIGES PATENT IM JAHR 2004,W,OTHER,ALIVE,False
885,DD,KR,,PATENT APPLICATION ERRONEOUSLY CONTAINED IN THE LISTS OF 92-05-07,PATENTANMELDUNG IRRTUEMLICH IN LISTEN VOM 92-05-07 ENTHALTEN,,,PENDING,False
886,DD,LA,,REQUEST FOR RESTRICTION FILED (PARAGRAPH 11 AND 12 EXTENSION ACT),ANTRAG AUF PATENTBESCHRAENKUNG (PARAGRAPH 11 UND 12 ERSTRG),L,IP RIGHT REVIEW REQUEST,NEUTRAL,False
887,DD,LF,,PATENT MODIFIED IN RESTRICTION PROCEEDINGS (PARAGRAPH 11 AND 12 EXTENSION ACT),IM BESCHRAENKERUNGSVERFAHREN GEAENDERTE PATENTE (PARAGRAPH 11 UND 12 ERSTRG),M,IP RIGHT MAINTENANCE,NEUTRAL,False
888,DD,LG,,ELIMINATION OR DIVISION OF APPLICATION,AUSSCHEIDUNGS- ODER TEILUNGSANMELDUNGEN,Z,CLASSIFICATION PENDING,PENDING,False
889,DD,LZH,-,CANCELLED DUE TO EXPIRATION OF THE MAIN PATENT,LOESCHUNG WEGEN ZEITABLAUFS DES HAUPTPATENTS,H,IP RIGHT CESSATION,DEAD,False
890,DD,MD11,,NOTIFICATION CONCERNING SPECIFICATIONS RETRIEVED UNDER SECT. 11,MITTEILUNG UEBER ERMITTELTE DRUCKSCHRIFTEN GEM. PAR. 11,,,NEUTRAL,False
891,DD,NAA,+,PUBLIC NOTICE FOR INSPECTION OF PATENT APPLICATION,AUFGEBOT ZUR AKTENEINSICHT IN PATENTANMELDUNG,,,PENDING,False
892,DD,NAB,+,PUBLIC NOTICE FOR INSPECTION OF PROVISIONAL EXCLUSIVE PATENT ACCORD. TO PAR 17/1 DD-PATG.,AUFGEBOT ZUR AKTENEINSICHT IN AUSSCHL. PATENT NACH PAR. 17/1,,,UNKNOWN,False
893,DD,NAC,+,PUBLIC NOTICE FOR INSPECTION OF PROVISIONAL EXCLUSIVE PATENT ACCORD. TO PAR 18/2 DD-PATG.,AUFGEBOT ZUR AKTENEINSICHT IN AUSSCHL. PATENT NACH PAR. 18/2,,,UNKNOWN,False
894,DD,NAH,+,PUBLIC NOTICE FOR INSPECTION OF FOREIGN-LANGUAGE PATENT APPLICATIONS (HAVANNA TREATY),AUFGEBOT ZUR AKTENEINSICHT IN FREMDSPR. PATENTANMELDUNG (HAVANNA ABKOMMEN),,,PENDING,False
895,DD,ND,,REPRINT,NEUDRUCK,,,NEUTRAL,False
896,DD,NPI,,"CHANGE IN THE PERSON, NAME OR ADDRESS OF THE PATENTEE (ADDENDUM TO CHANGES BEFORE EXTENSION ACT)","AENDERUNG IN DER PERSON, IM NAMEN ODER IM WOHNORT DES INHABERS (NACHTRAG ZU VERAENDERUNGEN VOR ERSTRECKUNGSGESETZ)",,,NEUTRAL,False
897,DD,NPV,,"CHANGE IN THE PERSON, THE NAME OR THE ADDRESS OF THE REPRESENTATIVE (ADDENDUM TO CHANGES BEFORE EXTENSION ACT)","AENDERUNG IN DER PERSON, IM NAMEN ODER IM WOHNORT DES VERTRETERS (NACHTRAG ZU VERAENDERUNGEN VOR ERSTRECKUNGSGESETZ)",,,NEUTRAL,False
898,DD,NZJ,-,NON PAYMENT OF THE ANNUAL FEE,NICHTZAHLUNG DER JAHRESGEBUEHR,U,PAYMENT,DEAD,False
899,DD,O103,+,LAID OPEN (SECT. 10/3 PATENT ACT,OFFENGELEGT (PAR. 10/3 PATG),,,UNKNOWN,False
900,DD,OAP,,REQUEST FOR EXAMINATION ACCORDING TO ARTICLE 10 PARAGRAPH 4,PRUEFUNGSANTRAG GEMAESS PARAGRAPH 10 ABS. 4,D,SEARCH AND EXAMINATION,PENDING,False
901,DD,OPEP,+,REQUEST FOR EXAMINATION UNDER PARAGRAPH 44 FILED,PRUEFUNGSANTRAG GEM. PAR. 44 GESTELLT,,,PENDING,False
902,DD,PJ,-,CEASED DUE TO NON-PAYMENT OF RENEWAL FEE (ADDENDUM TO CHANGES BEFORE EXTENSION ACT),ERLOSCHEN DURCH NICHTZ. D. JAHRESGEB. (NACHTRAG ZU VERAENDERUNGEN VOR ERSTRECKUNGSGESETZ),H,IP RIGHT CESSATION,DEAD,False
903,DD,PL23,,WILLINGNESS TO GRANT LICENCES DECLARED,LIZENZBEREITSCHAFT ERKLAERT,S,INFORMATION ON LICENSING AND SIMILAR TRANSACTIONS,NEUTRAL,False
904,DD,PLW7,,WILLINGNESS TO GRANT LICENCES REVOKED,LIZENZBEREITSCHAFTERKLAERUNG WIDERRUFEN,S,INFORMATION ON LICENSING AND SIMILAR TRANSACTIONS,NEUTRAL,False
905,DD,PNE,-,DECLARED VOID,FUER NICHTIG ERKLAERT,,,DEAD,False
906,DD,PP18,-,AS RESULT AN EXAMINATION UNDER PAR. 18(1) FULLY CANCELLED,IN ERGEBNIS EINER PRUEFUNG GEM. PAR. 18(1) VOLLSTAENDIG AUFGEHOBEN,,,DEAD,False
907,DD,PTE,-,PARTIALLY DECLARED VOID,TEILWEISE FUER NICHTIG ERKLAERT,M,IP RIGHT MAINTENANCE,DEAD,False
908,DD,PV,-,PATENT DISCLAIMER (ADDENDUM TO CHANGES BEFORE EXTENSION ACT),VERZICHT AUF DAS PATENT (NACHTRAG ZU VERAENDERUNGEN VOR ERSTRECKUNGSGESETZ),H,IP RIGHT CESSATION,DEAD,False
909,DD,PVB,+,PATENT FULLY VALIDATED,PATENT VOLLSTAENDIG BESTAETIGT,M,IP RIGHT MAINTENANCE,ALIVE,False
910,DD,QD,,EXCLUSIVE USE ACCORD. TO PARAGR. 34(1) - EXTENDED PATENTS,AUSSCHLIESSLICHE BENUTZUNG NACH PARAGR. 34(1) - ERSTRECKTE PATENTE,S,INFORMATION ON LICENSING AND SIMILAR TRANSACTIONS,NEUTRAL,False
911,DD,RAW,,RECONVERSION OF EXCLUSIVE PATENT INTO ECONOMIC PATENT,RUECKUMWANDLUNG V. AUSSCHLIESSUNGSPATENT IN WIRTSCHAFTSPATENT,F,IP RIGHT GRANT,NEUTRAL,False
912,DD,RNU,,LEGAL SUCCESSOR OF THE FORMER COMPANY,RECHTSNACHFOLGER DER URSPRUNGSBETRIEBE,,,NEUTRAL,False
913,DD,RPI,,"CHANGE IN THE PERSON, NAME OR ADDRESS OF THE PATENTEE (SEARCHES ACCORDING TO ART. 11 AND 12 EXTENSION ACT)","AENDERUNG IN DER PERSON, IM NAMEN ODER IM WOHNORT DES INHABERS (RECHERCHEN GEMAESS PAR. 11 UND 12 ERSTRECKUNGSGESETZ)",R,PARTY DATA CHANGE,NEUTRAL,False
914,DD,RPV,,"CHANGE IN THE PERSON, THE NAME OR THE ADDRESS OF THE REPRESENTATIVE (SEARCHES ACCORDING TO ART. 11 AND 12 EXTENSION ACT)","AENDERUNG IN DER PERSON, IM NAMEN ODER IM WOHNORT DES VERTRETERS (RECHERCHEN GEMAESS PAR. 11 UND 12 ERSTRECKUNGSGESETZ)",R,PARTY DATA CHANGE,NEUTRAL,False
915,DD,TWB,,"PARTIAL CONFIRMED, A MODIFIED SPECIFICATION IS ISSUED","TEILWEISE BESTAETIGT, ES ERSCHEINT EINE PATENTSCHRIFT MIT VERAENDERTEM TEXT",,,NEUTRAL,False
916,DD,UP,,INEFFECTIVENESS OF EXAMINATION REQUESTS,UNWIRKSAMKEIT VON PRUEFUNGSANTRAEGEN,D,SEARCH AND EXAMINATION,PENDING,False
917,DD,UW,,CONVERSION OF ECONOMIC PATENT INTO EXCLUSIVE PATENT,UMWANDLUNG V. WIRTSCHAFTSPATENT IN AUSSCHLIESSUNGSPATENT,F,IP RIGHT GRANT,NEUTRAL,False
918,DD,UWD,,CONVERSION OF ECONOMIC PATENT INTO EXCLUSIVE PATENT ** INOPERATIVE,UMWANDLUNGEN VON WIRTSCHAFTPATENTEN IN AUSSCHLIESSUNGSPATENTE ** RECHTUNWIRKSAM ERWIESEN,F,IP RIGHT GRANT,NEUTRAL,False
919,DD,VE,-,OPPOSITION AGAINST PATENT RAISED,EINSPRUCH GEGEN DAS PATENT ERHOBEN,L,IP RIGHT REVIEW REQUEST,UNKNOWN,False
920,DD,VEU,+,OPPOSITION AGAINST PATENT IRRECEIVABLE,EINSPRUCH GEGEN DAS PATENT UNZULAESSIG,,,UNKNOWN,False
921,DD,VZ,-,DISCLAIMER OF PATENT (ART. 11 AND 12 EXTENSION ACT),PATENT VERZICHTET (PAR. 11 AND 12 ERSTRECKUNGSGESETZ),H,IP RIGHT CESSATION,DEAD,False
922,DD,WEVS,,RESTITUTION INTO PRIOR STATUS,WIEDEREINSETZUNG IN DEN VORIGEN STAND,Z,CLASSIFICATION PENDING,NEUTRAL,False
923,DD,WP12,-,AS RESULT OF EXAMINATION UNDER PARAGRAPH 12 ERSTRG. PATENT REVOKED,IM ERGEBNIS EINER PRUEFUNG GEM. PAR. 12 ERSTRG. PATENT WIDERRUFEN,H,IP RIGHT CESSATION,DEAD,False
924,DD,WP59,-,PATENT REVOKED AFTER OPPOSITION UNDER PARAGRAPH 59 PATG.,WIDERRUF NACH EINSPRUCH GEM. PAR. 59 PATG.,,,DEAD,False
925,DD,WVSA,,RESTITUTION INTO PRIOR STATUS DUE TO DEMAND,WIEDEREINSETZUNG IN DEN VORIGEN STAND ENTSPRECHEND ANTRAG,Z,CLASSIFICATION PENDING,NEUTRAL,False
926,DD,ZN,-,WITHDRAWN,ZURUECKGENOMMEN,Z,CLASSIFICATION PENDING,UNKNOWN,False
927,DD,ZNAA,-,WITHDRAWAL OF APPLICATION WITHOUT REQUEST FOR EXAMINATION,ZURUECKNAHME ANMELDUNG OHNE PRUEFUNGSANTRAG,,,DEAD,False
928,DD,ZNAB,-,WITHDRAWAL OF APPLICATION WITH REQEST FOR EXAMINATION UNDER PAR. 17/1,ZURUECKNAHME ANMELDUNG MIT PRUEFUNGSANTRAG GEMAESS PAR. 17/1,,,DEAD,False
929,DD,ZNAC,-,WITHDRAWAL OF APPLICATION WITH REQEST FOR EXAMINATION UNDER PAR. 18/2,ZURUECKNAHME ANMELDUNG MIT PRUEFUNGSANTRAG GEMAESS PAR. 18/2,,,DEAD,False
930,DD,ZPFA,,FILING OF CERTIFICATE FOR PLANT PROTECTION,ZERTIFIKATSANMELDUNG FUER PFLANZENSCHUTZ,G,PROTECTION BEYOND IP RIGHT TERM,NEUTRAL,False
931,DD,ZTFA,,FILING OF CERTIFICATE,ZERTIFIKATSANMELDUNG,G,PROTECTION BEYOND IP RIGHT TERM,NEUTRAL,False
932,DD,ZW,-,REJECTED,ZURUECKGEWIESEN,Z,CLASSIFICATION PENDING,UNKNOWN,False
933,DD,ZWAA,-,REJECTION OF APPLICATION WITHOUT REQUEST FOR EXAMINATION,ZURUECKWEISUNG ANMELDUNG OHNE PRUEFUNGSANTRAG,,,PENDING,False
934,DE,5AU,,NEW APPLICATION NO. (PART 5 OF THE PATENT GAZETTE),AKTENZEICHENUMSTELLUNG TEIL 5,,,PENDING,False
935,DE,8100,+,PUBLICATION OF PATENT WITHOUT EARLIER PUBLICATION OF APPLICATION,BEKANNTMACHUNG DER ERTEILUNG OHNE VORHERIGE OFFENLEGUNG,Q,DOCUMENT PUBLICATION,PENDING,False
936,DE,8101,+,REQUEST FOR EXAMINATION AS TO NOVELTY,EINGANG VON ANTRAEGEN AUF NEUHEITSRECHERCHE,D,SEARCH AND EXAMINATION,PENDING,False
937,DE,8105,+,SEARCH REPORT AVAILABLE,MITTEILUNG DES RECHERCHENERGEBNISSES,D,SEARCH AND EXAMINATION,PENDING,False
938,DE,8110,+,REQUEST FOR EXAMINATION PARAGRAPH 44,EINGANG VON PRUEFUNGSANTRAEGEN PAR. 44,D,SEARCH AND EXAMINATION,PENDING,False
939,DE,8115,-,REQUEST FOR EXAMINATION VOID,UNWIRKSAMKEIT DES PRUEFUNGSANTRAGES,D,SEARCH AND EXAMINATION,DEAD,False
940,DE,8120,,WILLINGNESS TO GRANT LICENCES PARAGRAPH 23,LIZENZBEREITSCHAFT PAR. 23,S,INFORMATION ON LICENSING AND SIMILAR TRANSACTIONS,NEUTRAL,False
941,DE,8121,,WILLINGNESS TO GRANT LICENCES PARAGRAPH 23 WITHDRAWN,LIZENZBEREITSCHAFT PAR. 23 ZURUECKGEZOGEN,S,INFORMATION ON LICENSING AND SIMILAR TRANSACTIONS,NEUTRAL,False
942,DE,8122,,NONBINDING INTEREST IN GRANTING LICENCES DECLARED,UNVERBINDLICHES INTERESSE AN LIZENZVERGABE ERKLAERT,S,INFORMATION ON LICENSING AND SIMILAR TRANSACTIONS,NEUTRAL,False
943,DE,8123,,NONBINDING INTEREST IN GRANTING LICENCES WITHDRAWN,UNVERBINDLICHES INTERESSE AN LIZENZVERGABE ZURUECKGEZOGEN,S,INFORMATION ON LICENSING AND SIMILAR TRANSACTIONS,NEUTRAL,False
944,DE,8125,,CHANGE OF THE MAIN CLASSIFICATION,AENDERUNG DER HAUPTKLASSE,P,RE-PUBLICATION OF DOCUMENT AFTER MODIFICATION,PENDING,False
945,DE,8126,,CHANGE OF THE SECONDARY CLASSIFICATION,AENDERUNG DER NEBENKLASSE,,,NEUTRAL,False
946,DE,8127,,NEW PERSON/NAME/ADDRESS OF THE APPLICANT,"AENDERUNG IN PERSON, NAMEN ODER WOHNORT DES ANMELDERS",R,PARTY DATA CHANGE,NEUTRAL,False
947,DE,8128,,NEW PERSON/NAME/ADDRESS OF THE AGENT,"AENDERUNG IN PERSON, NAMEN ODER WOHNORT DES VERTRETERS",R,PARTY DATA CHANGE,NEUTRAL,False
948,DE,8130,-,WITHDRAWAL,ZURUECKNAHME,Z,CLASSIFICATION PENDING,DEAD,False
949,DE,8131,-,REJECTION,ZURUECKWEISUNG,Z,CLASSIFICATION PENDING,UNKNOWN,False
950,DE,8133,-,DISPOSAL/NON-PAYMENT OF THE APPLICATION FEE,ERLEDIGT WEGEN NICHTZ. D. ANMELDEGEB.,B,APPLICATION DISCONTINUATION,DEAD,False
951,DE,8136,-,DISPOSAL/NON-PAYMENT OF THE FEE FOR PUBLICATION/GRANT,ERLEDIGT WEGEN NICHTZ. D. BEKANNTMACHUNGS- BZW. ERTEILUNGSGEB.,B,APPLICATION DISCONTINUATION,DEAD,False
952,DE,8139,-,DISPOSAL/NON-PAYMENT OF THE ANNUAL FEE,ERLEDIGT WEGEN NICHTZ. D. JAHRESGEB.,H,IP RIGHT CESSATION,DEAD,False
953,DE,8140,-,DISPOSAL/NON-PAYMENT OF THE ANNUAL FEE FOR MAIN APPLICATION,ERLEDIGT WEGEN NICHTZ. D. JAHRESGEB. DER HAUPTANMELDUNG,B,APPLICATION DISCONTINUATION,DEAD,False
954,DE,8141,-,DISPOSAL/NO REQUEST FOR EXAMINATION,ERLEDIGT WEGEN NICHTSTELLUNG DES PRUEFUNGSANTRAGS,B,APPLICATION DISCONTINUATION,DEAD,False
955,DE,8142,,DECLARATION FOR PARTITION TO BE CONSIDERED AS NOT GIVEN AS TO PARAGRAPH 39 OR 60,TEILUNGSERKLAERUNG GEM. PAR. 39 ODER 60 GILT ALS NICHT ABGEGEBEN,A,APPLICATION FILING,PENDING,False
956,DE,8143,-,LAPSED DUE TO CLAIMING INTERNAL PRIORITY,ERLEDIGT WEGEN INANSPRUCHNAHME EINER INNEREN PRIORITAET,B,APPLICATION DISCONTINUATION,DEAD,False
957,DE,8161,,APPLICATION OF ADDITION TO:,ZUSATZANMELDUNG ZU:,A,APPLICATION FILING,PENDING,False
958,DE,8162,,INDEPENDENT APPLICATION,ANMELDUNG IST SELBSTAENDIG GEWORDEN,A,APPLICATION FILING,PENDING,False
959,DE,8165,-,PUBLICATION OF FOLLOWING APPLICATION CANCELLED,DIE OFFENLEGUNG FOLGENDER ANMELDUNG WIRD WIDERRUFEN,Q,DOCUMENT PUBLICATION,DEAD,False
960,DE,8166,-,PUBLICATION OF FOLLOWING INTERNATIONAL APPLICATION IN GERMAN LANGUAGE CANCELLED,DIE OFFENLEGUNG FOLGENDER INTERNATIONALER ANMELDUNG IN DEUTSCHER SPRACHE WIRD WIDERRUFEN,Q,DOCUMENT PUBLICATION,DEAD,False
961,DE,8167,-,PUBLICATION OF TRANSLATION OF INTERNATIONAL APPLICATION WITHDRAWN,DIE VEROEFF. DER DEUTSCHEN UEBERS. DER INTERN. ANMELDUNG WIRD WIDERRUFEN,Q,DOCUMENT PUBLICATION,PENDING,False
962,DE,8170,+,REINSTATEMENT OF THE FORMER POSITION,WIEDEREINSETZUNG IN DEN VORIGEN STAND,Z,CLASSIFICATION PENDING,ALIVE,False
963,DE,8172,,SUPPLEMENTARY DIVISION/PARTITION IN:,NACHZUTRAGENDE AUSSCHEIDUNGS- ODER TEILUNGSANMELDUNG IN:,A,APPLICATION FILING,PENDING,False
964,DE,8176,-,PROCEEDINGS SUSPENDED BECAUSE OF APPLICATION NO:,VERFAHREN IST AUSGESETZT WEGEN DER ANMELDUNG:,T,ADMINISTRATIVE PROCEDURE ADJUSTMENT,PENDING,False
965,DE,8178,+,SUSPENSION CANCELLED,AUSSETZUNG WURDE AUFGEHOBEN,T,ADMINISTRATIVE PROCEDURE ADJUSTMENT,UNKNOWN,False
966,DE,8180,,MISCELLANEOUS PART 1,SONSTIGES TEIL I,Z,CLASSIFICATION PENDING,NEUTRAL,False
967,DE,8181,,INVENTOR (NEW SITUATION),ERFINDER NEUER STAND,R,PARTY DATA CHANGE,NEUTRAL,False
968,DE,8196,,REPRINT OF FAULTY TITLE PAGE (PUBLICATION) GERMAN PATENTBLATT: PART 1A6,NEUDRUCK FEHLERHAFTER TITELSEITEN (OFFENLEGUNGSSCHRIFT) PATENTBLATT: TEIL  1A6,Q,DOCUMENT PUBLICATION,PENDING,False
969,DE,8197,,REPRINT OF AN ERRONEOUS PATENT DOCUMENT,NEUDRUCK FEHLERHAFTER OFFENLEGUNGSSCHRIFT,Q,DOCUMENT PUBLICATION,PENDING,False
970,DE,8220,,WILLINGNESS TO GRANT LICENCES (PARAGRAPH 23),LIZENZBEREITSCHAFT WURDE ERKLAERT (PAR. 23),S,INFORMATION ON LICENSING AND SIMILAR TRANSACTIONS,NEUTRAL,False
971,DE,8222,,NONBINDING INTEREST IN GRANTING LICENCES DECLARED,UNVERBINDLICHES INTERESSE AN LIZENZVERGABE ERKLAERT,,,NEUTRAL,False
972,DE,8225,,CHANGE OF THE MAIN CLASSIFICATION,AENDERUNG DER HAUPTKLASSE,,,NEUTRAL,False
973,DE,8226,,CHANGE OF THE SECONDARY CLASSIFICATION,AENDERUNG DER NEBENKLASSE,,,NEUTRAL,False
974,DE,8227,,NEW PERSON/NAME/ADDRESS OF THE APPLICANT,"AENDERUNG IN PERSON, NAMEN ODER WOHNORT DES ANMELDERS",,,NEUTRAL,False
975,DE,8228,,NEW AGENT,AENDERUNG IN DER PERSON DES VERTRETERS,R,PARTY DATA CHANGE,NEUTRAL,False
976,DE,8230,-,PATENT WITHDRAWN,ZURUECKNAHME,,,UNKNOWN,False
977,DE,8231,-,PATENT REJECTED,ZURUECKWEISUNG,,,UNKNOWN,False
978,DE,8235,-,PATENT REFUSED,VERSAGUNG,,,DEAD,False
979,DE,8239,-,DISPOSAL/NON-PAYMENT OF THE ANNUAL FEE,ERLEDIGT WEGEN NICHTZ. D. JAHRESGEB.,,,DEAD,False
980,DE,8240,-,DISPOSAL/NON-PAYMENT OF ANNUAL FEE FOR MAIN APPLICATION,ERLEDIGT WEGEN NICHTZ. D. JAHRESGEB. DER HAUPTANMELDUNG,,,DEAD,False
981,DE,8243,,SETTLED DUE TO CLAIMING INTERNAL PRIORITY,ERLEDIGT WEGEN INANSPRUCHNAHME EINER INNEREN PRIORITAET,,,NEUTRAL,False
982,DE,8261,,APPLICATION OF ADDITION TO:,ZUSATZANMELDUNG ZU:,,,PENDING,False
983,DE,8262,,APPLICATION BECAME INDEPENDENT,ANMELDUNG IST SELBSTAENDIG GEWORDEN,,,PENDING,False
984,DE,8263,-,OPPOSITION AGAINST GRANT OF A PATENT,GEGEN DIE ERTEILUNG EINES PATENTES WURDE EINSPRUCH ERHOBEN,,,UNKNOWN,False
985,DE,8265,-,PUBLICATION OF THE EXAMINED APPLICATION REVOKED,DIE BEKANNTMACHUNG DER ANMELDUNG WIRD WIDERRUFEN,,,DEAD,False
986,DE,8270,+,REINSTATEMENT OF THE FORMER POSITION,WIEDEREINSETZUNG IN DEN VORIGEN STAND,,,ALIVE,False
987,DE,8272,,DIVISIONAL INVENTIVE UNIT IN:,AUSGESCHIEDENER ODER ABGETEILTER GEGENSTAND IN:,,,NEUTRAL,False
988,DE,8276,-,PROCEEDINGS SUSPENDED BECAUSE OF APPLICATION NO:,VERFAHREN IST AUSGESETZT WEGEN DER ANMELDUNG:,,,PENDING,False
989,DE,8278,+,SUSPENSION CANCELLED,AUSSETZUNG WURDE AUFGEHOBEN,,,UNKNOWN,False
990,DE,8280,,MISCELLANEOUS PART II,SONSTIGES TEIL II,,,NEUTRAL,False
991,DE,8281,,INVENTOR (NEW SITUATION),ERFINDER NEUER STAND,,,NEUTRAL,False
992,DE,8304,+,GRANT AFTER EXAMINATION PROCEDURE,ERTEILUNG NACH DURCHFUEHRUNG DES PRUEFUNGSVERFAHRENS,F,IP RIGHT GRANT,ALIVE,False
993,DE,8305,+,RESTRICTED MAINTENANCE OF PATENT AFTER OPPOSITION,BESCHRAENKT AUFRECHTERHALTENES PATENT NACH DURCHFUEHRUNG DES EINSPRUCHES,M,IP RIGHT MAINTENANCE,ALIVE,False
994,DE,8306,+,PATENT MODIFIED IN THE RESTRICTION PROCEEDINGS (REPRINTED),IM BESCHRAENKUNGSVERFAHREN GEAENDERTES PATENT (NEU GEDRUCKT),P,RE-PUBLICATION OF DOCUMENT AFTER MODIFICATION,PENDING,False
995,DE,8308,+,OTHER GRANTED PATENTS,SONSTIGE ERTEILTE PATENTE,Z,CLASSIFICATION PENDING,ALIVE,True
996,DE,8310,-,ACTION FOR DECLARATION OF ANNULMENT,KLAGE AUF ERKLAERUNG DER NICHTIGKEIT ERHOBEN,L,IP RIGHT REVIEW REQUEST,DEAD,False
997,DE,8311,-,COMPLETE INVALIDATION,IM VOLLEN UMFANG FUER NICHTIG ERKLAERT,H,IP RIGHT CESSATION,DEAD,False
998,DE,8312,-,PARTIAL INVALIDATION,TEILWEISE FUER NICHTIG ERKLAERT,M,IP RIGHT MAINTENANCE,DEAD,False
999,DE,8313,+,REQUEST FOR INVALIDATION REJECTED/WITHDRAWN,ANTRAG AUF ERKENNUNG DER NICHTIGKEIT ZURUECKGEWIESEN/-GEZOGEN,L,IP RIGHT REVIEW REQUEST,ALIVE,False
1000,DE,8314,+,INVALIDATION REJECTED,KLAGE AUF ERKLAERUNG DER NICHTIGKEIT ABGEWIESEN,L,IP RIGHT REVIEW REQUEST,ALIVE,False
1001,DE,8315,-,REQUEST FOR RESTRICTION FILED,ANTRAG AUF BESCHRAENKUNG WURDE GESTELLT,L,IP RIGHT REVIEW REQUEST,UNKNOWN,False
1002,DE,8316,+,REQUEST FOR RESTRICTION WITHDRAWN,ANTRAG AUF BESCHRAENKUNG WURDE ZURUECKGENOMMEN,L,IP RIGHT REVIEW REQUEST,UNKNOWN,False
1003,DE,8318,-,PATENT RESTRICTED,PATENT WURDE BESCHRAENKT,M,IP RIGHT MAINTENANCE,UNKNOWN,False
1004,DE,8320,,WILLINGNESS TO GRANT LICENCES DECLARED (PARAGRAPH 23),LIZENZBEREITSCHAFT ERKLAERT (PAR. 23),S,INFORMATION ON LICENSING AND SIMILAR TRANSACTIONS,NEUTRAL,False
1005,DE,8321,,WILLINGNESS TO GRANT LICENCES PARAGRAPH 23 WITHDRAWN,LIZENZBEREITSCHAFT PAR. 23 ZURUECKGEZOGEN,S,INFORMATION ON LICENSING AND SIMILAR TRANSACTIONS,NEUTRAL,False
1006,DE,8322,,NONBINDING INTEREST IN GRANTING LICENCES DECLARED,UNVERBINDLICHES INTERESSE AN LIZENZVERGABE ERKLAERT,S,INFORMATION ON LICENSING AND SIMILAR TRANSACTIONS,NEUTRAL,False
1007,DE,8323,,NONBINDING INTEREST IN GRANTING LICENCES WITHDRAWN,UNVERBINDLICHES INTERESSE AN LIZENZVERGABE ZURUECKGEZOGEN,S,INFORMATION ON LICENSING AND SIMILAR TRANSACTIONS,NEUTRAL,False
1008,DE,8325,,CHANGE OF THE MAIN CLASSIFICATION,AENDERUNG DER HAUPTKLASSE,P,RE-PUBLICATION OF DOCUMENT AFTER MODIFICATION,PENDING,False
1009,DE,8326,,CHANGE OF THE SECONDARY CLASSIFICATION,AENDERUNG DER NEBENKLASSE,,,NEUTRAL,False
1010,DE,8327,,CHANGE IN THE PERSON/NAME/ADDRESS OF THE PATENT OWNER,"AENDERUNG IN PERSON, NAMEN ODER WOHNORT DES PATENTINHABERS",R,PARTY DATA CHANGE,NEUTRAL,False
1011,DE,8328,,CHANGE IN THE PERSON/NAME/ADDRESS OF THE AGENT,"AENDERUNG IN PERSON, NAMEN ODER WOHNORT DES VERTRETERS",R,PARTY DATA CHANGE,NEUTRAL,False
1012,DE,8330,-,COMPLETE RENUNCIATION,GAENZLICHER VERZICHT,H,IP RIGHT CESSATION,DEAD,False
1013,DE,8331,-,COMPLETE REVOCATION,WIDERRUF IM VOLLEN UMFANG,H,IP RIGHT CESSATION,DEAD,False
1014,DE,8332,-,NO LEGAL EFFECT FOR DE,WIRKUNG FUER DE NICHT EINGETRETEN,Z,CLASSIFICATION PENDING,DEAD,False
1015,DE,8333,-,REQUEST FOR REVOCATION,ANTRAG AUF WIDERRRUF,L,IP RIGHT REVIEW REQUEST,DEAD,False
1016,DE,8339,-,CEASED/NON-PAYMENT OF THE ANNUAL FEE,WEGEN NICHTZ. D. JAHRESGEB. ERLOSCHEN,H,IP RIGHT CESSATION,DEAD,False
1017,DE,8340,-,PATENT OF ADDITION CEASED/NON-PAYMENT OF FEE OF MAIN PATENT,"ZUSATZPATENT, ERLOSCHEN WEGEN NICHTZ. D. JAHRESGEB. DES HAUPTPATENTES",H,IP RIGHT CESSATION,DEAD,False
1018,DE,8350,-,CEASED/NON-PAYMENT OF APPLICATION FEE,ERLOSCHEN WEGEN NICHTZ. D. ANMELDEGEB.,,,DEAD,False
1019,DE,8361,-,PUBLICATION OF PATENT CANCELLED,DIE VEROEFFENTLICHUNG DER ERTEILUNG DES PATENTES WIRD WIDERRUFEN,Q,DOCUMENT PUBLICATION,DEAD,False
1020,DE,8362,-,RIGHTS OF MAIN PATENT TRANSFERRED TO ADDITIONAL PATENT,ZUSATZPATENT IST IN DIE RECHTE DES HAUPTPATENTES GETRETEN,F,IP RIGHT GRANT,UNKNOWN,False
1021,DE,8363,-,OPPOSITION AGAINST THE PATENT,EINSPRUCH GEGEN DAS PATENT ERHOBEN,L,IP RIGHT REVIEW REQUEST,UNKNOWN,False
1022,DE,8364,+,NO OPPOSITION DURING TERM OF OPPOSITION,EINSPRUCHSFRIST ABGELAUFEN OHNE DASS EINSPRUCH ERHOBEN WURDE,L,IP RIGHT REVIEW REQUEST,UNKNOWN,False
1023,DE,8365,+,FULLY VALID AFTER OPPOSITION PROCEEDINGS,NACH DURCHFUEHRUNG DES EINSPRUCHSVERFAHRENS VOLL AUFRECHT,M,IP RIGHT MAINTENANCE,ALIVE,False
1024,DE,8366,+,RESTRICTED MAINTAINED AFTER OPPOSITION PROCEEDINGS,NACH DURCHFUEHRUNG DES EINSPRUCHSVERFAHRENS BESCHRAENKT AUFRECHTERHALTEN,M,IP RIGHT MAINTENANCE,ALIVE,False
1025,DE,8367,-,PARTIAL DISCLAIMER OF THE PATENT,TEILWEISER VERZICHT AUF DAS PATENT,M,IP RIGHT MAINTENANCE,UNKNOWN,False
1026,DE,8368,+,OPPOSITION REFUSED DUE TO INADMISSIBILITY,EINSPRUCH ALS UNZULAESSIG VERWORFEN,L,IP RIGHT REVIEW REQUEST,UNKNOWN,False
1027,DE,8369,,PARTITION IN:,TEILUNGSANMELDUNG IN:,A,APPLICATION FILING,PENDING,False
1028,DE,8370,+,INDICATION RELATED TO DISCONTINUATION OF THE PATENT IS TO BE DELETED,HINWEIS AUF DAS ERLOESCHEN DES PATENTES IST ZU STREICHEN,Y,CORRECTION AND DELETION OF EVENT INFORMATION,NEUTRAL,False
1029,DE,8372,,PUBLICATION OF EP PATENT WITHDRAWN,DIE VEROEFFENTLICHUNG DER ERTEILUNG DES EP PATENTES WIRD WIDERRUFEN,Q,DOCUMENT PUBLICATION,PENDING,False
1030,DE,8376,,CORRECTED TRANSLATION (CHANGED DURING OPPOSITION PROCEDURE) ARRIVED AND HAS BEEN PUBLISHED,BERICHTIGTE UEBERSETZUNG DER IM EINSPRUCHSVERFAHREN GEAENDERTEN PATETNSCHRIFT IST EINGEGANGEN UND WURDE VEROEFFENTLICHT,W,OTHER,NEUTRAL,False
1031,DE,8377,,SUSPENSION,AUSGESETZTES VERFAHREN,Z,CLASSIFICATION PENDING,NEUTRAL,False
1032,DE,8378,+,INSTRUCTION FOR SUSPENSION HAS BEEN QUASHED,ANORDNUNG DER AUSSETZUNG WURDE AUFGEHOBEN,Z,CLASSIFICATION PENDING,UNKNOWN,False
1033,DE,8380,,MISCELLANEOUS PART III,SONSTIGES TEIL III,Z,CLASSIFICATION PENDING,NEUTRAL,False
1034,DE,8381,,INVENTOR (NEW SITUATION),ERFINDER NEUER STAND,R,PARTY DATA CHANGE,NEUTRAL,False
1035,DE,8392,,PUBLICATION OF CHANGED PATENT SPECIFICATION,VEROEFFENTLICHUNG DER GEAENDERTEN PATENTSCHRIFT,Q,DOCUMENT PUBLICATION,PENDING,False
1036,DE,8393,,PATENT CHANGED DURING THE LIMITATION PROCEDURE (CHANGED PATENT SPECIFICATION REPRINTED),IM BESCHRAENKUNGSVERFAHREN GEAENDERTES PATENT (GEAENDERTE PATENTSCHRIFT WURDE NEU GEDRUCKT),L,IP RIGHT REVIEW REQUEST,NEUTRAL,False
1037,DE,8394,,PATENT CHANGED DURING THE NULLIFICATION PROCEDURE (CHANGED PATENT SPECIFICATION REPRINTED),IM NICHTIGKEITSVERFAHREN GEAENDERTE PATENSCHRIFT (GEAENDERTE PATENTSCHRIFT WURDE NEU GEDRUCKT),L,IP RIGHT REVIEW REQUEST,NEUTRAL,False
1038,DE,8396,,REPRINT OF ERRONEOUS FRONT PAGE,NEUDRUCK FEHLERHAFTER TITELSEITE,Q,DOCUMENT PUBLICATION,PENDING,False
1039,DE,8397,,REPRINT OF ERRONEOUS PATENT DOCUMENT,NEUDRUCK FEHLERHAFTER PATENTSCHRIFT,Q,DOCUMENT PUBLICATION,PENDING,False
1040,DE,8505,-,EP PATENT AMENDED AFTER LIMITATION PROCEEDINGS AT EPO,GEAENDERTES EUROPAEISCHES PATENT NACH BESCHRAENKUNGSVERFAHREN BEIM EPA,M,IP RIGHT MAINTENANCE,UNKNOWN,False
1041,DE,8506,-,EP PATENT REVOKED BY EPO ON REQUEST,EUROPAEISCHES PATENT ANF ANTRAG BEIM EPA WIDERRUFEN,H,IP RIGHT CESSATION,DEAD,False
1042,DE,8564,-,PUBLICATION OF EP-APPLICATION HAS BEEN REVOKED,DIE VEROEFFENTLICHUNG DER EP-ANMELDUNG WURDE WIDERRUFEN,,,DEAD,False
1043,DE,8565,-,PUBLICATION OF TRANSLATION OF CLAIMS OF EP-APPLICATION REVOKED,DIE VEROEFFENTLICHUNG DER UEBERSETZUNG DER ANSPRUECHE DER EP-ANMELDUNG WIRD WIDERRUFEN,,,DEAD,False
1044,DE,8566,-,DESIGNATED COUNTRY DE NOT LONGER VALID,VERTRAGSSTAAT DE NICHT MEHR BENANNT,W,OTHER,UNKNOWN,False
1045,DE,8570,+,REINSTATEMENT OF THE FORMER POSITION,WIEDEREINSETZUNG IN DEN VORIGEN STAND,K,IP RIGHT REVIVAL,ALIVE,False
1046,DE,8580,,MISCELLANEOUS PART V,SONSTIGES TEIL V,Z,CLASSIFICATION PENDING,NEUTRAL,False
1047,DE,8581,,INVENTOR (NEW SITUATION),ERFINDER NEUER STAND,R,PARTY DATA CHANGE,NEUTRAL,False
1048,DE,8596,,REPRINT OF ERRONEOUS FRONT PAGE,NEUDRUCK FEHLERHAFTER TITELSEITE,Q,DOCUMENT PUBLICATION,PENDING,False
1049,DE,8597,,REPRINT OF ERRONEOUS TRANSLATION,NEUDRUCK FEHLERHAFTER UEBERSETZUNG,Q,DOCUMENT PUBLICATION,PENDING,False
1050,DE,8607,,NOTIFICATION OF SEARCH RESULTS AFTER PUBLICATION,MITTEILUNG VON RECHERCHEERGEBNISSEN NACH PUBLICATION,D,SEARCH AND EXAMINATION,PENDING,False
1051,DE,8629,,CHANGES IN THE PRIORITY TABLE,AENDERUNGEN IN DER PRIORITAETSTABELLE,P,RE-PUBLICATION OF DOCUMENT AFTER MODIFICATION,PENDING,False
1052,DE,8642,-,PROCEDURE RELATING TO PCT APPLICATION: CEASED TO HAVE EFFECT FOR DE,VERFAHREN ZUR PCT-ANMELDUNG: WIRKUNG FUER DE WEGGEFALLEN,W,OTHER,DEAD,False
1053,DE,8670,+,REINSTATEMENT OF THE FORMER POSITION,WIEDEREINSETZUNG IN DEN VORIGEN STAND,,,ALIVE,False
1054,DE,8680,,MISCELLANEOUS PART VI,SONSTIGES TEIL VI,,,NEUTRAL,False
1055,DE,8696,,REPRINT OF ERRONEOUS FRONT PAGE,NEUDRUCK FEHLERHAFTER TITELSEITE,Q,DOCUMENT PUBLICATION,PENDING,False
1056,DE,8697,,REPRINT  OF ERRONEOUS TRANSLATION,NEUDRUCK FEHLERHAFTER UEBERSETZUNG,Q,DOCUMENT PUBLICATION,PENDING,False
1057,DE,8698,,CORRECTION OF ERRONEOUS FRONT PAGE,KORREKTUR EINER FEHLERHAFTEN TITELSEITE,P,RE-PUBLICATION OF DOCUMENT AFTER MODIFICATION,PENDING,False
1058,DE,8716,,SENTENCE IN ANNEX GERMAN PATENTBLATT ANNEX 1A6,ANHANGSSATZ PATENTBLATT: ANHANG 1A6,Z,CLASSIFICATION PENDING,NEUTRAL,False
1059,DE,AC,,DIVIDED OUT OF,AUSSCHEIDUNG AUS,A,APPLICATION FILING,PENDING,False
1060,DE,AF,,IS ADDITION TO NO.,ZUSATZ ZU,A,APPLICATION FILING,PENDING,False
1061,DE,AG,,HAS ADDITION NO.,BESITZT ZUSATZ NO:,W,OTHER,NEUTRAL,False
1062,DE,AH,,DIVISION IN,AUSSCHEIDUNG IN,A,APPLICATION FILING,PENDING,False
1063,DE,B2,+,PUBLICATION OF THE EXAMINED APPLICATION AFTER PUBLICATION OF UNEXAMINED APPLICATION,AUSLEGUNG NACH VORHERIGER OFFENLEGUNG,,,PENDING,False
1064,DE,BF,,WILLINGNESS TO GRANT LICENCES,LIZENZBEREITSCHAFT,,,NEUTRAL,False
1065,DE,BGA,,NEW PERSON/NAME/ADDRESS OF THE APPLICANT,"AENDERUNG IN PERSON, NAMEN ODER WOHNORT DES ANMELDERS",,,NEUTRAL,False
1066,DE,BHJ,-,NONPAYMENT OF THE ANNUAL FEE,NICHTZ. D. JAHRESGEB.,,,UNKNOWN,False
1067,DE,BHN,-,WITHDRAWAL,ZURUECKNAHME,,,DEAD,False
1068,DE,BHV,-,REFUSAL,VERSAGUNG,,,UNKNOWN,False
1069,DE,BI,,MISCELLANEOUS SEE PART 2,VERSCHIEDENES SIEHE TEIL 2,,,NEUTRAL,False
1070,DE,C3,+,GRANT AFTER TWO PUBLICATION STEPS (3RD PUBLICATION),PATENTERTEILUNG NACH ZWEI VEROEFFENTLICHUNGSSTUFEN,,,ALIVE,False
1071,DE,D1,+,GRANT (NO UNEXAMINED APPLICATION PUBLISHED) PATENT LAW 81,PATENTERTEILUNG (KEINE 0S) PATG. 81,F,IP RIGHT GRANT,ALIVE,False
1072,DE,D2,+,GRANT AFTER EXAMINATION,PATENTERTEILUNG NACH DURCHFUEHRUNG DES PRUEFUNGSVERFAHRENS,F,IP RIGHT GRANT,ALIVE,False
1073,DE,D3,+,PATENT MAINTAINED RESTRICTED (NO UNEXAMINED APPLICATION PUBLISHED),BESCHRAENKT AUFRECHTERHALTENES PATENT (KEINE OS),M,IP RIGHT MAINTENANCE,ALIVE,False
1074,DE,D4,+,PATENT MAINTAINED RESTRICTED,BESCHRAENKT AUFRECHTERHALTENES PATENT,M,IP RIGHT MAINTENANCE,ALIVE,False
1075,DE,D5,,PATENT MODIFIED IN THE RESTRICTION PROCEEDINGS,PATENT IM BESCHRAENKUNGSVERFAHREN GEAENDERT,M,IP RIGHT MAINTENANCE,NEUTRAL,False
1076,DE,D6,,PATENT MODIFIED IN THE RESTRICTION PROCEEDINGS,PATENT IM BESCHRAENKUNGSVERFAHREN GEAENDERT,M,IP RIGHT MAINTENANCE,NEUTRAL,False
1077,DE,D7,,PATENT MODIFIED IN THE RESTRICTION PROCEEDINGS,PATENT IM BESCHRAENKUNGSVERFAHREN GEAENDERT,,,NEUTRAL,False
1078,DE,E77,+,VALID PATENT AS TO THE  HEYMANNS-INDEX  1977,IM HEYMANNS VERZEICHNIS 1977 ALS AUFRECHT GEFUEHRT,,,UNKNOWN,True
1079,DE,E771,+,"VALID PATENT AS TO THE  HEYMANNS-INDEX  1977, WILLINGNESS TO GRANT LICENCES",IM HEYMANNS VERZEICHNIS 1977 ALS AUFRECHT GEFUEHRT LIZENZBEREIT,,,ALIVE,True
1080,DE,EF,,WILLINGNESS TO GRANT LICENCES,LIZENZBEREITSCHAFT,,,NEUTRAL,False
1081,DE,EGA,,NEW PERSON/NAME/ADDRESS OF THE APPLICANT,"AENDERUNG IN PERSON, NAMEN ODER WOHNORT DES ANMELDERS",,,NEUTRAL,False
1082,DE,EGZ,-,APPLICATION OF ADDITION CEASED THROUGH NON-PAYMENT OF ANNUAL FEE OF MAIN PATENT,"ZUSATZPATENT, ERLOSCHEN WEGEN NICHTZ. D. JAHRESGEB. DES HAUPTPATENTES",,,DEAD,False
1083,DE,EHJ,-,CEASED/NON-PAYMENT OF THE ANNUAL FEE,LOESCHUNG WEGEN NICHTZ. D. JAHRESGEB.,,,DEAD,False
1084,DE,EHN,-,CEASED/INVALIDATION,LOESCHUNG INFOLGE NICHTIGKEIT,,,DEAD,False
1085,DE,EHV,-,CEASED/RENUNCIATION,LOESCHUNG INFOLGE VERZICHT,,,DEAD,False
1086,DE,EHZ,-,PATENT OF ADDITION CEASED/NON-PAYMENT OF ANNUAL FEE OF PARENT PATENT,"ZUSATZPATENT, ERLOSCHEN WEGEN NICHTZ. D. JAHRESGEB. DES HAUPTPATENTES",,,DEAD,False
1087,DE,EI,,MISCELLANEOUS SEE PART 3,VERSCHIEDENES SIEHE TEIL 3,,,NEUTRAL,False
1088,DE,EIB,-,RESTRICTED BY DECISION OF THE DE-PATENT OFFICE,DURCH RECHTSKRAEFTIGEN BESCHLUSS DES DE PATENTAMTES BESCHRAENKT,,,UNKNOWN,False
1089,DE,EILA,+,INVALIDATION OF THE CANCELLATION OF THE PATENT,LOESCHUNG DES PATENTES IST AUFGEHOBEN WORDEN,,,ALIVE,False
1090,DE,EIN,-,INVALID BY FINAL DECISION OF THE FEDERAL PATENT COURT,DURCH RECHTSKRAEFTIGES URTEIL DES BUNDESPATENTGERICHTES NICHTIG,,,DEAD,False
1091,DE,EINK,-,PARTIAL INVALID BY DECISION OF THE FEDERAL COURT,DURCH URTEIL DES BUNDESGERICHTSHOFES TEILWEISE NICHTIG,,,DEAD,False
1092,DE,EINT,-,PARTIAL INVALID BY FINAL DECISION OF THE FEDERAL PATENT COURT,DURCH RECHTSKRAEFTIGES URTEIL DES BUNDESPATENTGERICHTES TEILWEISE NICHTIG,,,DEAD,False
1093,DE,OAM,+,SEARCH REPORT AVAILABLE,MITTEILUNG UEBER DAS RECHERCHENERGEBNIS,,,UNKNOWN,False
1094,DE,OAOB,,WITHOUT DESCRIPTION,OHNE BESCHREIBUNG,,,NEUTRAL,False
1095,DE,OAP,+,REQUEST FOR EXAMINATION FILED,PRUEFUNGSANTRAG IST GESTELLT,,,PENDING,False
1096,DE,OAR,+,REQUEST FOR SEARCH FILED,RECHERCHENANTRAG IST GESTELLT,,,UNKNOWN,False
1097,DE,OAV,+,PUBLICATION OF UNEXAMINED APPLICATION WITH CONSENT OF APPLICANT,MIT EINVERSTAENDNIS DES ANMELDERS OFFENGELEGT GEM. PAR. 31 ABS. 2 Z1,Q,DOCUMENT PUBLICATION,PENDING,False
1098,DE,OB,+,REQUEST FOR EXAMINATION AS TO NOVELTY,EINGANG VON ANTRAEGEN AUF NEUHEITSRECHERCHE,,,PENDING,False
1099,DE,OC,+,SEARCH REPORT AVAILABLE,MITTEILUNG VON RECHERCHENERGEBNISSEN,,,UNKNOWN,False
1100,DE,OD,+,REQUEST FOR EXAMINATION,EINGANG VON PRUEFUNGSANTRAEGEN,,,PENDING,False
1101,DE,OE,-,REQUEST FOR EXAMINATION VOID,UNWIRKSAMKEIT VON PRUEFUNGSANTRAEGEN,,,DEAD,False
1102,DE,OF,,WILLINGNESS TO GRANT LICENCES BEFORE PUBLICATION OF EXAMINED APPLICATION,LIZENZBEREITSCHAFT VOR DER BEKANNTMACHUNG,,,PENDING,False
1103,DE,OGA,,NEW PERSON/NAME/ADDRESS OF THE APPLICANT,"AENDERUNG IN PERSON, NAMEN ODER WOHNORT DES ANMELDERS",,,NEUTRAL,False
1104,DE,OHA,-,EXPIRATION OF TIME FOR REQUEST FOR EXAMINATION,ABLAUF DER PRUEFUNGSANTRAGSFRIST,,,DEAD,False
1105,DE,OHB,-,NON-PAYMENT OF THE PUBLICATION FEE (EXAMINED APPLICATION),NICHTZ. D. BEKANNTMACHUNGSGEB.,,,DEAD,False
1106,DE,OHJ,-,NON-PAYMENT OF THE ANNUAL FEE,NICHTZ. D. JAHRESGEB.,,,DEAD,False
1107,DE,OHN,-,WITHDRAWAL,ZURUECKNAHME,,,DEAD,False
1108,DE,OHW,-,REJECTION,ZURUECKWEISUNG,,,UNKNOWN,False
1109,DE,OI,,MISCELLANEOUS SEE PART 1,VERSCHIEDENES SIEHE TEIL 1,,,NEUTRAL,False
1110,DE,OM8,+,SEARCH REPORT AVAILABLE AS TO PARAGRAPH 43 LIT. 1 SENTENCE 1 PATENT LAW,MITTEILUNG UEBER DAS RECHERCHENERGEBNIS GEM. PAR. 43 ABS. 1 SATZ 1 PATG.,D,SEARCH AND EXAMINATION,PENDING,False
1111,DE,ON,+,LATER SUBMITTED PAPERS,NACHGEREICHTE UNTERLAGEN,Z,CLASSIFICATION PENDING,UNKNOWN,False
1112,DE,OP8,+,REQUEST FOR EXAMINATION AS TO PARAGRAPH 44 PATENT LAW,PRUEFUNGSANTRAG GEM. PAR. 44 PATG. IST GESTELLT,D,SEARCH AND EXAMINATION,PENDING,False
1113,DE,OR8,,REQUEST FOR SEARCH AS TO PARAGRAPH 43 LIT. 1 SENTENCE 1 PATENT LAW,RECHERCHENANTRAG GEM. PAR. 43 ABS. 1 SATZ 1 PATG.,D,SEARCH AND EXAMINATION,PENDING,False
1114,DE,PK,,PUBLICATION DATE CORRECTED,PUBLIKATIONSDATUM KORRIGIERT,,,PENDING,False
1115,DE,Q161,,HAS ADDITIONAL APPLICATION NO.,ANMELDUNG BESITZT ZUSATZ NO:,W,OTHER,PENDING,False
1116,DE,Q162,,APPLICATION BECAME INDEPENDENT,ANMELDUNG IST SELBSTAENDIG GEWORDEN,,,PENDING,False
1117,DE,Q171,,DIVIDED OUT TO:,AUSGESCHIEDEN ODER ABGETEILT NACH:,A,APPLICATION FILING,PENDING,False
1118,DE,Q172,,DIVIDED OUT OF (SUPPLEMENT):,AUSGESCHIEDEN ODER ABGETEILT VON (NACHTRAG):,A,APPLICATION FILING,PENDING,False
1119,DE,Q174,,DIVIDED OUT TO:,AUSGESCHIEDEN ODER ABGETEILT NACH:,,,NEUTRAL,False
1120,DE,Q176,+,THE APPLICATION CAUSED THE SUSPENSE OF AN APPLICATION,DIE ANMELDUNG BEWIRKTE DAS AUSSETZEN EINER ANMELDUNG,T,ADMINISTRATIVE PROCEDURE ADJUSTMENT,PENDING,False
1121,DE,Q261,,HAS ADDITIONAL APPLICATION NO.,ANMELDUNG BESITZT ZUSATZ NO:,,,PENDING,False
1122,DE,Q271,,DIVIDED OUT TO:,AUSGESCHIEDEN ODER ABGETEILT NACH:,,,NEUTRAL,False
1123,DE,Q272,,DIVIDED OUT OF:,AUSGESCHIEDEN ODER ABGETEILT VON:,,,NEUTRAL,False
1124,DE,Q276,,THE APPLICATION CAUSED THE SUSPENSE OF APPLICATION NO:,DIE ANMELDUNG BEWIRKTE DAS AUSSETZEN DER ANMELDUNG:,,,PENDING,False
1125,DE,Q369,,DIVIDED OUT OF:,ABGETEILT VON:,A,APPLICATION FILING,PENDING,False
1126,DE,R001,-,REFUSAL DECISION IN PRELIMINARY PROCEEDINGS,ZURUECKWEISUNGSBESCHLUSS IM VORVERFAHREN,B,APPLICATION DISCONTINUATION,DEAD,False
1127,DE,R002,-,REFUSAL DECISION IN EXAMINATION/REGISTRATION PROCEEDINGS,ZURUECKWEISUNGSBESCHLUSS IM PRUEFUNGS-/EINTRAGUNGSVERFAHREN,B,APPLICATION DISCONTINUATION,DEAD,False
1128,DE,R003,-,REFUSAL DECISION NOW FINAL,RECHTSKRAFT DES ZURUECKWEISUNGSBESCHLUSSES,B,APPLICATION DISCONTINUATION,DEAD,False
1129,DE,R005,-,APPLICATION DEEMED WITHDRAWN DUE TO FAILURE TO REQUEST EXAMINATION,DIE ANMELDUNG GILT WEGEN NICHTSTELLUNG DES PRUEFUNGSANTRAGS ALS ZURUECKGENOMMEN,B,APPLICATION DISCONTINUATION,DEAD,False
1130,DE,R006,,APPEAL FILED,BESCHWERDE IST EINGEGANGEN,V,APPEAL,NEUTRAL,False
1131,DE,R007,,DECISION RECTIFIED ON APPEAL,DER BESCHWERDE WURDE ABGEHOLFEN,V,APPEAL,NEUTRAL,False
1132,DE,R008,,CASE PENDING AT FEDERAL PATENT COURT,AKTE BEIM BPATG ANHAENGIG,V,APPEAL,NEUTRAL,False
1133,DE,R009,,REMITTAL BY FEDERAL PATENT COURT TO DPMA FOR NEW DECISION OR REGISTRATION,ZURUECKVERWEISUNG DURCH BPATG AN PATENT- UND MARKENAMT ZUR ERNEUTEN ENTSCHEIDUNG BZW. ZUR EINTRAGUNG,Z,CLASSIFICATION PENDING,NEUTRAL,False
1134,DE,R010,,APPEAL PROCEEDINGS SETTLED BY WITHDRAWAL OF APPEAL(S) OR IN SOME OTHER WAY,BESCHWERDEVERFAHREN DURCH ZURUECKNAHME DER BESCHWERDE(N) ODER AUF ANDERE WEISE ERLEDIGT,V,APPEAL,NEUTRAL,False
1135,DE,R011,,"ALL APPEALS REJECTED, REFUSED OR OTHERWISE SETTLED","ALLE ERHOBENEN BESCHWERDEN WURDEN VERWORFEN, ZURUECKGEWIESEN ODER IHRE ERLEDIGUNG FESTGESTELLT",V,APPEAL,NEUTRAL,False
1136,DE,R012,+,REQUEST FOR EXAMINATION VALIDLY FILED,PRUEFUNGSANTRAG WIRKSAM GESTELLT,D,SEARCH AND EXAMINATION,PENDING,False
1137,DE,R016,,RESPONSE TO EXAMINATION COMMUNICATION,ERWIDERUNG AUF PRUEFUNGSBESCHEID,D,SEARCH AND EXAMINATION,PENDING,False
1138,DE,R018,+,GRANT DECISION BY EXAMINATION SECTION/EXAMINING DIVISION,ERTEILUNGSBESCHLUSS DURCH PRUEFUNGSSTELLE/PATENTABTEILUNG,F,IP RIGHT GRANT,ALIVE,False
1139,DE,R019,+,GRANT DECISION BY FEDERAL PATENT COURT,ERTEILUNGSBESCHLUSS DURCH BPATG,F,IP RIGHT GRANT,ALIVE,False
1140,DE,R020,+,PATENT GRANT NOW FINAL,PATENT RECHTSKRAEFTIG ERTEILT,F,IP RIGHT GRANT,ALIVE,False
1141,DE,R021,,SEARCH REQUEST VALIDLY FILED,RECHERCHEANTRAG WIRKSAM GESTELLT,D,SEARCH AND EXAMINATION,PENDING,False
1142,DE,R026,-,OPPOSITION FILED AGAINST PATENT,GEGEN DAS PATENT WURDE EINSPRUCH ERHOBEN,L,IP RIGHT REVIEW REQUEST,UNKNOWN,False
1143,DE,R028,+,DECISION THAT OPPOSITION INADMISSIBLE NOW FINAL,RECHTSKRAFT DES BESCHLUSSES UEBER DIE UNZULAESSIGKEIT DES EINSPRUCHS,L,IP RIGHT REVIEW REQUEST,UNKNOWN,False
1144,DE,R030,+,PATENT MAINTAINED UNAMENDED BY DECISION OF FEDERAL PATENT COURT,AUFRECHTERHALTUNG DES PATENTS IN VOLLEN UMFANG DURCH BESCHLUSS DES BPATG,M,IP RIGHT MAINTENANCE,ALIVE,False
1145,DE,R031,+,DECISION OF EXAMINING DIVISION/FEDERAL PATENT COURT MAINTAINING PATENT UNAMENDED NOW FINAL,RECHTSKRAFT DES BESCHLUSSES DER PATENTABTEILUNG/DES BPATG UEBER DIE AUFRECHTERHALTUNG DES PATENTS IN VOLLEM UMFANG,M,IP RIGHT MAINTENANCE,ALIVE,False
1146,DE,R034,,DECISION OF EXAMINING DIVISION/FEDERAL PATENT COURT MAINTAINING PATENT IN LIMITED FORM NOW FINAL,RECHTSKRAFT DES BESCHLUSSES DER PATENTABTEILUNG/DES BPATG UEBER DIE AUFRECHTERHALTUNG DES PATENTS IM BESCHRAENKTEN UMFANG,M,IP RIGHT MAINTENANCE,NEUTRAL,False
1147,DE,R037,-,DECISION OF EXAMINING DIVISION OR OF FEDERAL PATENT COURT REVOKING PATENT NOW FINAL,RECHTSKRAFT DES BESCHLUSSES UEBER DEN WIDERRUF DES PATENTS DURCH PATENTABTEILUNG/BPATG,H,IP RIGHT CESSATION,DEAD,False
1148,DE,R039,-,REVOCATION ACTION FILED,NICHTIGKEITSKLAGE ERHOBEN,L,IP RIGHT REVIEW REQUEST,DEAD,False
1149,DE,R040,+,WITHDRAWAL/REFUSAL OF REVOCATION ACTION NOW FINAL,NICHTIGKEITSKLAGE ZURUECKGENOMMEN/RECHTSKRAEFTIG ZURUECKGEWIESEN,L,IP RIGHT REVIEW REQUEST,UNKNOWN,False
1150,DE,R042,-,PATENT'S REVOCATION IN FULL NOW FINAL,PATENT RECHTSKRAEFTIG IN VOLLEM UMFANG FUER NICHTIG ERKLAERT,H,IP RIGHT CESSATION,DEAD,False
1151,DE,R043,-,PATENT'S REVOCATION IN PART NOW FINAL,PATENT RECHTSKRAEFTIG TEILWEISE FUER NICHTIG ERKLAERT,M,IP RIGHT MAINTENANCE,DEAD,False
1152,DE,R044,-,SUPPLEMENTARY PROTECTION CERTIFICATE'S REVOCATION (IN FULL) NOW FINAL,ERGAENZENDES SCHUTZZERTIFIKAT RECHTSKRAEFTIG IN VOLLEM UMFANG FUER NICHTIG ERKLAERT,H,IP RIGHT CESSATION,DEAD,False
1153,DE,R046,,LIMITATION REQUEST VALIDLY FILED,ANTRAG AUF BESCHRAENKUNG WIRKSAM GESTELLT,L,IP RIGHT REVIEW REQUEST,NEUTRAL,False
1154,DE,R047,+,LIMITATION REQUEST WITHDRAWN,ANTRAG AUF PATENTBESCHRAENKUNG ZURUECKGENOMMEN,L,IP RIGHT REVIEW REQUEST,UNKNOWN,False
1155,DE,R050,-,EXAMING DIVISION/FEDERAL PATENT COURT DECISION LIMITING PATENT NOW FINAL,RECHTSKRAFT DES BESCHLUSSES DER PATENTABTEILUNG/DES BPATG UEBER DIE BESCHRAENKUNG DES PATENTS,M,IP RIGHT MAINTENANCE,UNKNOWN,False
1156,DE,R051,+,REQUEST TO LIMIT PATENT REJECTED BY PATENT DIVISION,ZURUECKWEISUNG DES ANTRAGS AUF PATENTBESCHRAENKUNG DURCH PATENTABTEILUNG,L,IP RIGHT REVIEW REQUEST,UNKNOWN,False
1157,DE,R052,+,REQUEST TO LIMIT PATENT REJECTED BY FEDERAL PATENT COURT,ZURUECKWEISUNG DES ANTRAGS AUF PATENTBESCHRAENKUNG DURCH BPATG,L,IP RIGHT REVIEW REQUEST,UNKNOWN,False
1158,DE,R053,-,EXAMINING DIVISION DECISION REFUSING LIMITATION REQUEST NOW FINAL,RECHTSKRAFT DES BESCHLUSSES UEBER ZURUECKWEISUNG DES ANTRAGS AUF PATENTBESCHRAENKUNG DURCH PATENTABTEILUNG,L,IP RIGHT REVIEW REQUEST,UNKNOWN,False
1159,DE,R055,-,PATENTEE'S LIMITATION REQUEST RECEIVED BY EPO,ANTRAG DES INHABERS AUF PATENTBESCHRAENKUNG BEIM EPA EINGEGANGEN,L,IP RIGHT REVIEW REQUEST,UNKNOWN,False
1160,DE,R056,-,PATENT LIMITED BY EPO AT PATENTEE'S REQUEST,PATENT AUF ANTRAG DES INHABERS DURCH DAS EPA BESCHRAENKT,M,IP RIGHT MAINTENANCE,UNKNOWN,False
1161,DE,R057,-,REVOCATION REQUEST VALIDLY FILED,ANTRAG AUF WIDERRUF WIRKSAM GESTELLT,L,IP RIGHT REVIEW REQUEST,DEAD,False
1162,DE,R059,+,REVOCATION REQUEST WITHDRAWN,ANTRAG AUF WIDERRRUF ZURUECKGENOMMEN,L,IP RIGHT REVIEW REQUEST,UNKNOWN,False
1163,DE,R060,+,REVOCATION REQUEST DEEMED WITHDRAWN,ANTRAG AUF WIDERRUF DES PATENTS GILT ALS ZURUECKGENOMMEN,L,IP RIGHT REVIEW REQUEST,UNKNOWN,False
1164,DE,R061,-,REVOCATION REQUEST RECEIVED BY EPO,ANTRAG AUF WIDERRUF DES PATENTS BEIM EPA EINGEGANGEN,L,IP RIGHT REVIEW REQUEST,DEAD,False
1165,DE,R064,-,EPO'S REVOCATION DECISION NOW FINAL,RECHTSKRAFT DES BESCHLUSSES DES EPA UEBER DEN WIDERRUF,H,IP RIGHT CESSATION,DEAD,False
1166,DE,R065,+,REQUEST FOR GRANT OF SUPPLEMENTARY PROTECTION CERTIFICATE VALIDLY FILED,ANTRAG AUF ERTEILUNG EINES ERGAENZENDEN SCHUTZZERTIFIKATS WIRKSAM GESTELLT,G,PROTECTION BEYOND IP RIGHT TERM,ALIVE,False
1167,DE,R067,+,EXAMINING DIVISION DECISION GRANTING SUPPLEMENTARY PROTECTION CERTIFICATE,ERTEILUNGSBESCHLUSS DES ERGAENZENDEN SCHUTZZERTIFIKATS DURCH PATENTABTEILUNG,G,PROTECTION BEYOND IP RIGHT TERM,ALIVE,False
1168,DE,R069,+,SUPPLEMENTARY PROTECTION CERTIFICATE GRANTED,ERGAENZENDES SCHUTZZERTIFIKAT ERTEILT,G,PROTECTION BEYOND IP RIGHT TERM,ALIVE,False
1169,DE,R071,-,EXPIRY OF RIGHT,SCHUTZRECHT DURCH ZEITABLAUF ERLOSCHEN,H,IP RIGHT CESSATION,DEAD,False
1170,DE,R073,+,RE-ESTABLISHMENT REQUESTED,WIEDEREINSETZUNG BEANTRAGT,C,APPLICATION REVIVAL,ALIVE,False
1171,DE,R074,+,RE-ESTABLISHMENT ALLOWED,WIEDEREINSETZUNG STATTGEGEBEN,C,APPLICATION REVIVAL,ALIVE,False
1172,DE,R079,,AMENDMENT OF IPC MAIN CLASS,AENDERUNG DER IPC HAUPTKLASSE,P,RE-PUBLICATION OF DOCUMENT AFTER MODIFICATION,PENDING,False
1173,DE,R080,,AMENDMENT OF IPC SUB-CLASS,AENDERUNG DER IPC NEBENKLASSE,,,NEUTRAL,False
1174,DE,R081,,CHANGE OF APPLICANT/PATENTEE,AENDERUNG DES ANMELDERS/INHABERS,R,PARTY DATA CHANGE,NEUTRAL,False
1175,DE,R082,,CHANGE OF REPRESENTATIVE,AENDERUNG DES VERTRETERS,R,PARTY DATA CHANGE,NEUTRAL,False
1176,DE,R083,,AMENDMENT OF/ADDITIONS TO INVENTOR(S),AENDERUNG/ERGAENZUNGEN DER ERFINDER,R,PARTY DATA CHANGE,NEUTRAL,False
1177,DE,R084,,DECLARATION OF WILLINGNESS TO LICENCE,LIZENZBEREITSCHAFT ERKLAERT,S,INFORMATION ON LICENSING AND SIMILAR TRANSACTIONS,NEUTRAL,False
1178,DE,R085,,WILLINGNESS TO LICENCE WITHDRAWN,LIZENZBEREITSCHAFT ZURUECKGENOMMEN,S,INFORMATION ON LICENSING AND SIMILAR TRANSACTIONS,NEUTRAL,False
1179,DE,R086,,NON-BINDING DECLARATION OF LICENSING INTEREST,UNVERBINDLICHES LIZENZINTERESSE ERKLAERT,S,INFORMATION ON LICENSING AND SIMILAR TRANSACTIONS,NEUTRAL,False
1180,DE,R087,,NON-BINDING LICENSING INTEREST WITHDRAWN,UNVERBINDLICHES LIZENZINTERESSE ZURUECKGENOMMEN,S,INFORMATION ON LICENSING AND SIMILAR TRANSACTIONS,NEUTRAL,False
1181,DE,R088,,EXCLUSIVE LICENCE REGISTERED,AUSSCHLIESSLICHE LIZENZ EINGETRAGEN,S,INFORMATION ON LICENSING AND SIMILAR TRANSACTIONS,NEUTRAL,False
1182,DE,R089,,EXCLUSIVE LICENCE DELETED,AUSSCHLIESSLICHE LIZENZ GELOESCHT,S,INFORMATION ON LICENSING AND SIMILAR TRANSACTIONS,NEUTRAL,False
1183,DE,R096,+,DPMA PUBLICATION OF MENTIONED EP PATENT GRANT,VEROEFFENTLICHUNG EINES HINWEISES AUF DIE EP-PATENTERTEILUNG DURCH DAS DPMA,F,IP RIGHT GRANT,ALIVE,False
1184,DE,R097,+,"NO OPPOSITION FILED AGAINST GRANTED PATENT, OR EPO OPPOSITION PROCEEDINGS CONCLUDED WITHOUT DECISION","GEGEN DIE PATENTERTEILUNG WURDE KEIN EINSPRUCH ERHOBEN, BZW. EINSPRUCHSVERFAHREN IST BEIM EPA OHNE ENTSCHEIDUNG ABGESCHLOSSEN",L,IP RIGHT REVIEW REQUEST,ALIVE,True
1185,DE,R100,+,EPO DECISION MAINTAINING PATENT UNAMENDED NOW FINAL,RECHTSKRAFT DES BESCHLUSSES DES EPA UEBER DIE AUFRECHTERHALTUNG DES PATENTS IN VOLLEM UMFANG,M,IP RIGHT MAINTENANCE,ALIVE,False
1186,DE,R102,,EPO DECISION MAINTAINING PATENT IN AMENDED FORM NOW FINAL,RECHTSKRAFT DES BESCHLUSSES DES EPA UEBER DIE AUFRECHTERHALTUNG DES PATENTS IN GEAENDERTEM UMFANG,M,IP RIGHT MAINTENANCE,NEUTRAL,False
1187,DE,R103,-,PATENT REVOKED BY EPO,WIDERRUF DES PATENTS DURCH DAS EPA,H,IP RIGHT CESSATION,DEAD,False
1188,DE,R107,-,PUBLICATION OF GRANT OF EUROPEAN PATENT CANCELLED,DIE VEROEFFENTLICHUNG DER ERTEILUNG EUROPAEISCHEN PATENTS WIRD WIDERRUFEN,Q,DOCUMENT PUBLICATION,DEAD,False
1189,DE,R108,-,DE NO LONGER DESIGNATED STATE,VERTRAGSSTAAT DE NICHT MEHR BENANNT,W,OTHER,UNKNOWN,False
1190,DE,R118,-,APPLICATION DEEMED WITHDRAWN DUE TO CLAIM FOR DOMESTIC PRIORITY,DIE ANMELDUNG GILT WEGEN INANSPRUCHNAHME EINER INNEREN PRIORITAET ALS ZURUECKGENOMMEN,B,APPLICATION DISCONTINUATION,DEAD,False
1191,DE,R119,-,"APPLICATION DEEMED WITHDRAWN, OR IP RIGHT LAPSED, DUE TO NON-PAYMENT OF RENEWAL FEE",DIE ANMELDUNG GILT ALS ZURUECKGENOMMEN WEGEN NICHTZAHLUNG DER JAHRESGEBUEHR / SCHUTZRECHT IST WEGEN NICHTZAHLUNG DER JAHRESGEBUEHR VERFALLEN,H,IP RIGHT CESSATION,DEAD,False
1192,DE,R120,-,APPLICATION WITHDRAWN OR IP RIGHT ABANDONED,DIE ANMELDUNG WURDE ZURUECKGENOMMEN/AUF DAS SCHUTZRECHT WURDE VERZICHTET,H,IP RIGHT CESSATION,DEAD,False
1193,DE,R123,-,APPLICATION DEEMED WITHDRAWN DUE TO NON-PAYMENT OF FILING FEE,DIE ANMELDUNG GILT WEGEN NICHTZAHLUNG DER ANMELDEGEBUEHR ALS ZURUECKGENOMMEN,B,APPLICATION DISCONTINUATION,DEAD,False
1194,DE,R124,+,RE-ESTABLISHMENT DECISION NOW FINAL,RECHTSKRAFT DER ENTSCHEIDUNG UEBER DIE WIEDEREINSETZUNG,C,APPLICATION REVIVAL,ALIVE,False
1195,DE,R125,,REQUEST FOR FURTHER PROCESSING FILED,ANTRAG AUF WEITERBEHANDLUNG EINGEGANGEN,C,APPLICATION REVIVAL,PENDING,False
1196,DE,R126,,REQUEST FOR FURTHER PROCESSING ALLOWED,ANTRAG AUF WEITERBEHANDLUNG STATTGEGEBEN,C,APPLICATION REVIVAL,PENDING,False
1197,DE,R127,-,REQUEST FOR FURTHER PROCESSING REFUSED OR DEEMED WITHDRAWN,ANTRAG AUF WEITERBEHANDLUNG GILT ALS ZURUECKGENOMMEN BZW. WURDE ZURUECKGEWIESEN,C,APPLICATION REVIVAL,PENDING,False
1198,DE,R129,,DIVISIONAL APPLICATION FROM,AUSSCHEIDUNGS- ODER TEILUNGSANMELDUNG AUS,A,APPLICATION FILING,PENDING,False
1199,DE,R130,,DIVISIONAL APPLICATION TO,AUSSCHEIDUNGS- ODER TEILUNGSANMELDUNG IN,A,APPLICATION FILING,PENDING,False
1200,DE,R131,,DECLARATION OF DIVISION DEEMED NOT MADE,TEILUNGSERKLAERUNG GILT ALS NICHT ABGEGEBEN,A,APPLICATION FILING,PENDING,False
1201,DE,R132,-,DIVISIONAL APPLICATION DEEMED WITHDRAWN,AUSSCHEIDUNGSANMELDUNG GILT ALS ZURUECKGENOMMEN,B,APPLICATION DISCONTINUATION,DEAD,False
1202,DE,R135,-,EUROPEAN PATENT DEEMED VOID AB INITIO FOR DE,WIRKUNGEN DES EUROPAEISCHEN PATENTS GELTEN FUER DE ALS VON ANFANG AN NICHT EINGETRETEN,Z,CLASSIFICATION PENDING,DEAD,False
1203,DE,R136,,PATENT ABANDONED IN PART,AUF DAS PATENT WURDE TEILWEISE VERZICHTET,M,IP RIGHT MAINTENANCE,NEUTRAL,False
1204,DE,R137,-,PUBLICATION OF GRANT OF PATENT CANCELLED,DIE VEROEFFENTLICHUNG DER ERTEILUNG DES PATENTS WIRD WIDERRUFEN,Q,DOCUMENT PUBLICATION,DEAD,True
1205,DE,R138,,DERIVATION OF UTILITY MODEL,ABZWEIGUNG EINES GEBRAUCHSMUSTERS,A,APPLICATION FILING,PENDING,False
1206,DE,R139,,APPLICATION OF ADDITION TO,ZUSATZANMELDUNG ZU,A,APPLICATION FILING,PENDING,False
1207,DE,R140,+,APPLICATION OF ADDITION NOW INDEPENDENT,ZUSATZANMELDUNG IST SELBSTAENDIG GEWORDEN,W,OTHER,PENDING,False
1208,DE,R141,,THIS PATENT OF ADDITION IS NOW INDEPENDENT,ZUSATZPATENT IST SELBSTAENDIG GEWORDEN,W,OTHER,NEUTRAL,False
1209,DE,R142,-,LAPSE OF PATENT OF ADDITION DUE TO NON-PAYMENT OF RENEWAL FEES FOR PARENT PATENT,ZUSATZPATENT IST WEGEN NICHTZAHLUNG DER JAHRESGEBUEHREN FUER DAS HAUPTPATENT ERLOSCHEN,H,IP RIGHT CESSATION,DEAD,False
1210,DE,R146,-,PUBLICATION OF APPLICATION CANCELLED,DIE OFFENLEGUNG DER ANMELDUNG WIRD WIDERRUFEN,Q,DOCUMENT PUBLICATION,DEAD,False
1211,DE,R147,-,PUBLICATION OF INTERNATIONAL APPLICATIONS IN GERMAN LANGUAGE CANCELLED,DIE VEROEFFENTLICHUNG DER INTERNATIONALER ANMELDUNGEN IN DEUTSCHER SPRACHE WIRD WIDERRUFEN,Q,DOCUMENT PUBLICATION,DEAD,False
1212,DE,R150,+,UTILITY MODEL MAINTAINED AFTER PAYMENT OF FIRST MAINTENANCE FEE AFTER THREE YEARS,SCHUTZDAUER IST AUF 6 JAHRE VERLAENGERT,U,PAYMENT,ALIVE,False
1213,DE,R151,+,UTILITY MODEL MAINTAINED AFTER PAYMENT OF SECOND MAINTENANCE FEE AFTER SIX YEARS,SCHUTZDAUER IST AUF 8 JAHRE VERLAENGERT,U,PAYMENT,ALIVE,False
1214,DE,R152,+,UTILITY MODEL MAINTAINED AFTER PAYMENT OF THIRD MAINTENANCE FEE AFTER EIGHT YEARS,SCHUTZDAUER IST AUF 10 JAHRE VERLAENGERT,U,PAYMENT,ALIVE,False
1215,DE,R153,-,EXTENSION OF TERM OF PROTECTION RESCINDED,DIE VERLAENGERUNG DER SCHUTZDAUER WIRD WIDERRUFEN,G,PROTECTION BEYOND IP RIGHT TERM,NEUTRAL,False
1216,DE,R155,-,UTILITY MODEL ABANDONED IN PART,AUF DAS GEBRAUCHSMUSTER WURDE TEILWEISE VERZICHTET,M,IP RIGHT MAINTENANCE,DEAD,False
1217,DE,R156,-,LAPSE OF IP RIGHT AFTER 3 YEARS,DAS SCHUTZRECHT IST NACH ABLAUF VON 3 JAHREN ERLOSCHEN,H,IP RIGHT CESSATION,DEAD,False
1218,DE,R157,-,LAPSE OF IP RIGHT AFTER 6 YEARS,DAS SCHUTZRECHT IST NACH ABLAUF VON 6 JAHREN ERLOSCHEN,H,IP RIGHT CESSATION,DEAD,False
1219,DE,R158,-,LAPSE OF IP RIGHT AFTER 8 YEARS,DAS SCHUTZRECHT IST NACH ABLAUF VON 8 JAHREN ERLOSCHEN,H,IP RIGHT CESSATION,DEAD,False
1220,DE,R161,,HAS ADDITIONAL APPLICATION NO.,ANMELDUNG BESITZT ZUSATZ NO:,,,PENDING,False
1221,DE,R162,,APPLICATION BECAME INDEPENDENT,ANMELDUNG IST SELBSTAENDIG GEWORDEN,,,PENDING,False
1222,DE,R163,+,IDENTIFIED PUBLICATIONS NOTIFIED,DIE ERMITTELTEN DRUCKSCHRIFTEN WURDEN MITGETEILT,D,SEARCH AND EXAMINATION,PENDING,False
1223,DE,R165,-,REQUEST FOR CANCELLATION OR RULING FILED,LOESCHUNGS-/FESTSTELLUNGSANTRAG EINGEGANGEN,L,IP RIGHT REVIEW REQUEST,DEAD,False
1224,DE,R166,+,REQUEST FOR CANCELLATION OR RULING INADMISSIBLE,LOESCHUNGS-/FESTSTELLUNGSANTRAG UNZULAESSIG,L,IP RIGHT REVIEW REQUEST,UNKNOWN,False
1225,DE,R168,-,UTILITY MODEL CANCELLED,GEBRAUCHSMUSTER GELOESCHT,H,IP RIGHT CESSATION,DEAD,False
1226,DE,R169,-,UTILITY MODEL CANCELLED IN PART,GEBRAUCHSMUSTER TEILWEISE GELOESCHT,M,IP RIGHT MAINTENANCE,DEAD,False
1227,DE,R170,-,UTILITY MODEL RULED INVALID,UNWIRKSAMKEIT DES GEBRAUCHSMUSTERS FESTGESTELLT,H,IP RIGHT CESSATION,DEAD,False
1228,DE,R171,-,UTILITY MODEL RULED INVALID IN PART,TEILWEISE UNWIRKSAMKEIT DES GEBRAUCHSMUSTERS FESTGESTELLT,M,IP RIGHT MAINTENANCE,DEAD,False
1229,DE,R172,+,REQUEST FOR CANCELLATION OF UTILITY MODEL REFUSED,ANTRAG AUF LOESCHUNG DES GEBRAUCHSMUSTERS ZURUECKGEWIESEN,Z,CLASSIFICATION PENDING,UNKNOWN,False
1230,DE,R173,+,REQUEST FOR CANCELLATION OF UTILITY MODEL REFUSED,ANTRAG AUF LOESCHUNG DES GEBRAUCHSMUSTERS ZURUECKGEWIESEN,L,IP RIGHT REVIEW REQUEST,UNKNOWN,False
1231,DE,R174,,REQUEST FOR RULING PROCEEDINGS CONCLUDED WITHOUT DECISION ON MERITS,FESTSTELLUNGSVERFAHREN OHNE SACHENTSCHEIDUNG BEENDET,L,IP RIGHT REVIEW REQUEST,NEUTRAL,False
1232,DE,R175,+,APPLICATION FOR DECLARATION OF INVALIDITY OF THE UTILITY MODEL REJECTED,ANTRAG AUF FESTSTELLUNG DER UNWIRKSAMKEIT DES GEBRAUCHSMUSTERS ZURUECKGEWIESEN,L,IP RIGHT REVIEW REQUEST,PENDING,False
1233,DE,R176,+,REQUEST THAT UTILITY MODEL BE RULED INVALID WITHDRAWN,ANTRAG AUF FESTSTELLUNG DER UNWIRKSAMKEIT DES GEBRAUCHSMUSTERS ZURUECKGENOMMEN,L,IP RIGHT REVIEW REQUEST,UNKNOWN,False
1234,DE,R197,,NEW SUBSEQUENTLY FILED CLAIMS ON IP DOSSIER,ZUR SCHUTZRECHTSAKTE WURDEN NEUE ANSPRUECHE NACHGEREICHT,D,SEARCH AND EXAMINATION,PENDING,False
1235,DE,R199,-,REGISTRATION AND PUBLICATION IS RESCINDED [UTILITY MODEL],DIE EINTRAGUNG UND VEROEFFENTLICHUNG IST WIDERRUFEN [GEBRAUCHSMUSTER],F,IP RIGHT GRANT,PENDING,False
1236,DE,R206,+,AMENDED PATENT SPECIFICATION,GEAENDERTE PATENTSCHRIFT,P,RE-PUBLICATION OF DOCUMENT AFTER MODIFICATION,PENDING,False
1237,DE,R207,,UTILITY MODEL SPECIFICATION,GEBRAUCHSMUSTERSCHRIFT,Q,DOCUMENT PUBLICATION,PENDING,False
1238,DE,R210,+,TRANSLATION OF EP CLAIMS,UEBERSETZUNG EP-ANSPRUECHE,W,OTHER,UNKNOWN,False
1239,DE,R221,,REPRINT OF TRANSLATION OF EP PATENT SPECIFICATION,NEUDRUCK DER UEBERSETZUNG DER EUROPAEISCHEN PATENTSCHRIFT,P,RE-PUBLICATION OF DOCUMENT AFTER MODIFICATION,PENDING,False
1240,DE,R222,,REPRINT OF TRANSLATION OF AMENDED EP PATENT SPECIFICATION,NEUDRUCK DER UEBERSETZUNG DER GEAENDERTEN EUROPAEISCHEN PATENTSCHRIFT,P,RE-PUBLICATION OF DOCUMENT AFTER MODIFICATION,PENDING,False
1241,DE,R225,+,PUBLICATION OF MENTION OF WO PUBLICATION,VEROEFFENTLICHUNG DES HINWEISES AUF EINE WO-VEROEFFENTLICHUNG,Q,DOCUMENT PUBLICATION,PENDING,False
1242,DE,R230,+,REQUEST FOR EARLY PUBLICATION,ANTRAG AUF VORZEITIGE OFFENLEGUNG,Q,DOCUMENT PUBLICATION,PENDING,False
1243,DE,R231,-,PATENT ABANDONED FOR DE,AUF DAS PATENT WURDE FUER DE VERZICHTET,H,IP RIGHT CESSATION,DEAD,False
1244,DE,R261,,HAS ADDITIONAL APPLICATION NO.,ANMELDUNG BESITZT ZUSATZ NO:,,,PENDING,False
1245,DE,R271,,DIVIDED OUT TO:,AUSGESCHIEDEN ODER ABGETEILT NACH:,A,APPLICATION FILING,PENDING,False
1246,DE,R272,,DIVIDED OUT OF:,AUSGESCHIEDEN ODER ABGETEILT VON:,A,APPLICATION FILING,PENDING,False
1247,DE,R276,-,THE APPLICATION CAUSED THE SUSPENSE OF APPLICATION NO:,DIE ANMELDUNG BEWIRKTE DAS AUSSETZEN DER ANMELDUNG:,,,PENDING,False
1248,DE,R369,,DIVIDED OUT OF:,ABGETEILT VON:,A,APPLICATION FILING,PENDING,False
1249,DE,R409,,INTERNAL RECTIFICATION OF THE LEGAL STATUS COMPLETED,INTERNE BERICHTIGUNG DES VERFAHRENSSTANDES DURCHGEFUEHRT,Y,CORRECTION AND DELETION OF EVENT INFORMATION,NEUTRAL,False
1250,DE,R412,+,REQUEST FOR PATENT LIMITATION SUBSEQUENTLY FOUND INVALID,ANTRAG AUF PATENTBESCHRAENKUNG NACHTRAEGLICH ALS UNWIRKSAM FESTGESTELLT,L,IP RIGHT REVIEW REQUEST,UNKNOWN,False
1251,DE,R420,+,REQUEST FOR TERM EXTENSIONS (CHILDREN'S MEDICINES),ANTRAG AUF VERLAENGERUNG DER LAUFZEIT (KINDERARZNEIMITTEL),G,PROTECTION BEYOND IP RIGHT TERM,NEUTRAL,False
1252,DE,R422,,DECISION ON REQUEST FOR TERM EXTENSION (CHILDREN'S MEDICINES) NOW FINAL,RECHTSKRAFT DES BESCHLUSSES DES ANTRAGS AUF VERLAENGERUNG DER LAUFZEIT (KINDERARZNEIMITTEL),G,PROTECTION BEYOND IP RIGHT TERM,NEUTRAL,False
1253,DE,R424,-,NUMBER OF THE APPLICATION DELETED,AKTENZEICHEN WURDE GELOESCHT,W,OTHER,PENDING,False
1254,DE,R425,,DECISION REFUSING REQUEST FOR TERM EXTENSION OF AN SPC (CHILDREN'S MEDICINES) NOW FINAL,"RECHTSKRAFT DES BESCHLUSSES UEBER DIE ZURUECKWEISUNG DES ANTRAGS AUF VERLAENGERUNG DER LAUFZEIT (ESZ, KINDERARZNEIMITTEL)",G,PROTECTION BEYOND IP RIGHT TERM,NEUTRAL,False
1255,DE,R426,-,APPLICATION FOR AN EXTENSION OF THE DURATION (MEDICINAL PRODUCT FOR PAEDIATRIC USE) WITHDRAWN,ANTRAG AUF VERLAENGERUNG DER LAUFZEIT (KINDERARZNEIMITTEL) ZURUECKGENOMMEN,G,PROTECTION BEYOND IP RIGHT TERM,PENDING,False
1256,DE,R427,+,"REQUEST THAT TERM EXTENSION BE RESCINDED (SPC, CHILDRENS MEDICINES)","ANTRAG AUF WIDERRUF DER VERLAENGERUNG DER LAUFZEIT (ESZ, KINDERARZNEIMITTEL)",L,IP RIGHT REVIEW REQUEST,UNKNOWN,False
1257,DE,R429,-,"DECISION REFUSING REQUEST FOR TERM EXTENSION (SPC, CHILDRENS MEDICINES) NOW FINAL","RECHTSKRAFT DES BESCHLUSSES UEBER DIE ZURUECKWEISUNG DES ANTRAGS AUF WIDERRUF DER VERLAENGERUNG DER LAUFZEIT (ESZ, KINDERARZNEIMITTEL)",L,IP RIGHT REVIEW REQUEST,UNKNOWN,False
1258,DE,R430,-,WITHDRAWAL OF REQUEST FOR RESCISSION OF TERM EXTENSION (CHILDREN'S MEDICINES),ANTRAG AUF WIDERRUF DER VERLAENGERUNG DER LAUFZEIT ZURUECKGENOMMEN (KINDERARZNEIMITTEL),L,IP RIGHT REVIEW REQUEST,DEAD,False
1259,DE,R431,,REQUEST FOR TERM CORRECTION,ANTRAG AUF BERICHTIGUNG DER LAUFZEIT,G,PROTECTION BEYOND IP RIGHT TERM,NEUTRAL,False
1260,DE,R432,,DECISION ON TERM CORRECTION NOW FINAL,RECHTSKRAFT DES BESCHLUSSES UEBER DIE BERICHTIGUNG DER LAUFZEIT,G,PROTECTION BEYOND IP RIGHT TERM,NEUTRAL,False
1261,DE,R433,,DECISION OF REJECTION OF REQUEST ON TERM CORRECTION NOW FINAL,RECHTSKRAFT DES BESCHLUSSES UEBER ZURUECKWEISUNG DES ANTRAGS AUF BERICHTIGUNG DER LAUFZEIT,G,PROTECTION BEYOND IP RIGHT TERM,NEUTRAL,False
1262,DE,R434,-,REQUEST FOR TERM CORRECTION WITHDRAWN,ANTRAG AUF BERICHTIGUNG DER LAUFZEIT ZURUECKGENOMMEN,G,PROTECTION BEYOND IP RIGHT TERM,NEUTRAL,False
1263,DE,R437,-,APPLICATION IS DEEMED TO BE WITHDRAWN DUE TO FAILURE TO SUBMIT TRANSLATION,DIE ANMELDUNG GILT WEGEN NICHTEINREICHUNG DER UEBERSETZUNG ALS ZURUECKGENOMMEN,B,APPLICATION DISCONTINUATION,DEAD,False
1264,DE,R443,,DECISION BY DEPARTMENT,BESCHLUSS DURCH ABTEILUNG ERGANGEN,Z,CLASSIFICATION PENDING,NEUTRAL,False
1265,DE,R451,+,REQUEST FOR LIMITATION OF THE PATENT BY THE EPO REJECTED,ZURUECKWEISUNG DES ANTRAGES AUF PATENTBESCHRAENKUNG DURCH DAS EPA,L,IP RIGHT REVIEW REQUEST,UNKNOWN,False
1266,DE,R452,,OPPOSITION PROCEEDINGS CONCLUDED BY DECISION OF THE PATENT DIVISION/THE FEDERAL PATENT COURT,EINSPRUCHSVERFAHREN BEENDET DURCH BESCHLUSS DER PATENTABTEILUNG/DES BUNDESPATENTGERICHTES,L,IP RIGHT REVIEW REQUEST,NEUTRAL,False
1267,DE,R453,,DECISION OF THE PATENT DIVISION/THE FEDERAL PATENT COURT ON THE CONCLUSION OF THE OPPOSITION PROCEEDINGS HAS BECOME FINAL,RECHTSKRAFT DES BESCHLUSSES DER PATENTABTEILUNG/ DES BUNDESPATENTGERICHTES UEBER DIE BEENDIGUNG DES EINSPRUCHSVERFAHRENS,L,IP RIGHT REVIEW REQUEST,NEUTRAL,False
1268,DE,R454,,DECISION BY THE PATENT DIVISION ON GRANTING THE APPLICATION FOR AN EXTENSION OF THE DURATION (MEDICINAL PRODUCTS FOR PAEDIATRIC USE),BESCHLUSS DER PATENTABTEILUNG UEBER DIE BEWILLIGUNG DES ANTRAGS AUF VERLAENGERUNG DER LAUFZEIT (KINDERARZNEIMITTEL),G,PROTECTION BEYOND IP RIGHT TERM,PENDING,False
1269,DE,R455,-,DECISION BY THE PATENT DIVISION ON REJECTING THE APPLICATION FOR AN EXTENSION OF THE DURATION (MEDICINAL PRODUCTS FOR PAEDIATRIC USE),BESCHLUSS DER PATENTABTEILUNG UEBER DIE ZURUECKWEISUNG DES ANTRAGS AUF VERLAENGERUNG DER LAUFZEIT (KINDERARZNEIMITTEL),G,PROTECTION BEYOND IP RIGHT TERM,PENDING,False
1270,DE,R456,,DECISION BY PATENT DIVISION TO GRANT REQUEST FOR RECTIFICATION OF SUPPLEMENTARY PROTECTION CERTIFICATE TERM,BESCHLUSS DER PATENTABTEILUNG UEBER DIE BEWILLIGUNG DES ANTRAGS AUF BERICHTIGUNG DER LAUFZEIT,G,PROTECTION BEYOND IP RIGHT TERM,NEUTRAL,False
1271,DE,R457,,APPLICATION FOR THE RECTIFICATION OF THE DURATION REJECTED BY THE PATENT DECISION,BESCHLUSS DER PATENTABTEILUNG UEBER DIE ZURUECKWEISUNG DES ANTRAGS AUF BERICHTIGUNG DER LAUFZEIT,G,PROTECTION BEYOND IP RIGHT TERM,PENDING,False
1272,DE,SH,+,REQUEST FOR EXAMINATION BETWEEN 03.10.1968 AND 22.04.1971,PRUEFUNGSANTRAG ZWISCHEN 681003 UND 710422,,,PENDING,False
1273,DE,SPC0,,APPEAL PROCEEDINGS SETTLED BY WITHDRAWAL OF APPEAL(S) OR IN SOME OTHER WAY FOR A SUPPLEMENTARY PROTECTION CERTIFICATE (SPC),BESCHWERDEVERFAHREN DURCH ZURUECKNAHME DER BESCHWERDE(N) ODER AUF ANDERE WEISE ERLEDIGT FUER EIN ESZ,V,APPEAL,NEUTRAL,False
1274,DE,SPC2,-,REFUSAL DECISION IN REGISTRATION PROCEEDINGS FOR A SUPPLEMENTARY PROTECTION CERTIFICATE (SPC),ZURUECKWEISUNGSBESCHLUSS IM EINTRAGUNGSVERFAHREN FUER EIN ESZ,G,PROTECTION BEYOND IP RIGHT TERM,NEUTRAL,False
1275,DE,SPC3,-,REFUSAL DECISION NOW FINAL FOR A SUPPLEMENTARY PROTECTION CERTIFICATE (SPC),RECHTSKRAFT DES ZURUECKWEISUNGSBESCHLUSSES FUER EIN ESZ,G,PROTECTION BEYOND IP RIGHT TERM,DEAD,False
1276,DE,SPC6,,APPEAL FILED TO A SUPPLEMENTARY PROTECTION CERTIFICATE (SPC),BESCHWERDE IST EINGEGANGEN ZU EINEM ESZ,V,APPEAL,NEUTRAL,False
1277,DE,SPC8,,CASE PENDING AT FEDERAL PATENT COURT (FOR A SUPPLEMENTARY PROTECTION CERTIFICATE),AKTE ZU EINEM ESZ BEIM BPATG ANHAENGIG,,,NEUTRAL,False
1278,DE,V448,+,APPLICATION OF SPC,ZERTIFIKAT BEANTRAGT,G,PROTECTION BEYOND IP RIGHT TERM,PENDING,False
1279,DE,V454,,SPC APPLICATION WITHDRAWN OR TO BE REGARDED AS WITHDRAWN,ANMELDUNG DES ZERTIFIKATS WURDE ZURUECKGENOMMEN ODER GILT ALS ZURUECKGENOMMEN,G,PROTECTION BEYOND IP RIGHT TERM,PENDING,False
1280,DE,V455,,RENUNCIATION OF SPC,AUF DAS ZERTIFIKAT WURDE VERZICHTET,H,IP RIGHT CESSATION,NEUTRAL,False
1281,DE,V457,+,SPC GRANTED,ZERTIFIKAT ERTEILT,G,PROTECTION BEYOND IP RIGHT TERM,ALIVE,False
1282,DE,V460,,REQUEST OF ANNULATION FOR SPC,NICHTIGKEITSKLAGE AUF ZERTIFIKAT ERHOBEN,L,IP RIGHT REVIEW REQUEST,NEUTRAL,False
1283,DE,V463,+,APPLICATION OF ANNULATION FOR SPC REVOKED OR REFUSED BY LAW ORDER,NICHTIGKEITSKLAGE FUER ZERTIFIKAT ZURUECKGENOMMEN ODER RECHTSKRAEFTIG ZURUECKGEWIESEN,L,IP RIGHT REVIEW REQUEST,PENDING,False
1284,DE,V464,-,SPC EXPIRED,ZERTIFIKAT DURCH ZEITABLAUF ERLOSCHEN,H,IP RIGHT CESSATION,DEAD,False
1285,DE,V465,-,SPC LAPSED DUE TO NONPAYMENT OF THE ANNUAL FEE,ZERTIFIKAT ERLOSCHEN WEGEN NICHTZAHLUNG DER JAHRESGEBUEHR,H,IP RIGHT CESSATION,DEAD,False
1286,DE,V472,,APPLICATION FOR SUPPLEMENTARY PROTECTION CERTIFICATE REJECTED,ZURUECKWEISUNG DER ZERTIFIKATSANMELDUNG,G,PROTECTION BEYOND IP RIGHT TERM,PENDING,False
1287,DE,V484,,DELIVERY OF THE DECISION OF GRANT,ZUSTELLUNGS DES ERTEILUNGSBESCHLUSSES,G,PROTECTION BEYOND IP RIGHT TERM,NEUTRAL,False
1288,DE,V491,-,SPC ANNULLED,ZERTIFIKAT NICHTIG,H,IP RIGHT CESSATION,DEAD,False
1289,DE,V492,-,SPC REGARDED AS ANNULLED CAUSED BY LAPSE OF BASIC PATENT,SCHUTZZERTIFIKAT GILT WEGEN ERLOESCHEN DES GRUNDPATENTS ALS NICHTIG,H,IP RIGHT CESSATION,DEAD,False
1290,DE,V507,,"INTERNAL CHANGE IN THE STATE OF PROCEEDINGS OF SPC, SPC APPLIED","INTERNE BERICHTIGUNG DES VERFAHRENSTANDES DURCHGEFUEHRT, ZERTIFIKAT BEANTRAGT",,,NEUTRAL,False
1291,DE,WID1,-,REVOCATION BY DECISION OF THE PATENT DEPARTMENT,WIDERRUF DURCH BESCHLUSS DER PATENTABTEILUNG,,,DEAD,False
1292,DE,XX,,MISCELLANEOUS:,DIVERSES:,,,NEUTRAL,False
1293,DE,ZPFA,,FILING OF CERTIFICATE FOR PLANT PROTECTION,ZERTIFIKATSANMELDUNG FUER PFLANZENSCHUTZ,,,NEUTRAL,False
1294,DE,ZPFE,+,GRANT OF CERTIFICATE FOR PLANT PROTECTION,ZERTIFIKATSERTEILUNG FUER PFLANZENSCHUTZ,,,ALIVE,False
1295,DE,ZPFN,-,CERTIFICATE FOR PLANT PROTECTION SETTLED OR VOID,ZERTIFIKAT FUER PFLANZENSCHUTZ ERLEDIGT ODER NICHTIG,,,DEAD,False
1296,DE,ZPZA,-,REFUSAL OF APPLICATION OF CERTIFICATE FOR PLANT PROTECTION,ZURUECKWEISUNG DER ZERTIFIKATSANMELDUNG FUER PFLANZENSCHUTZ,,,PENDING,False
1297,DE,ZPZG,-,WITHDRAWAL OF APPLICATION OF CERTIFICATE FOR PLANT PROTECTION,ZURUECKNAHME DER ZERTIFIKATSANMELDUNG FUER PFLANZENSCHUTZ,,,DEAD,False
1298,DE,ZTFA,,FILING OF CERTIFICATE,ZERTIFIKATSANMELDUNG,,,NEUTRAL,False
1299,DE,ZTFE,+,GRANT OF CERTIFICATE,ZERTIFIKATSERTEILUNG,,,ALIVE,False
1300,DE,ZTFN,-,CERTIFICATE SETTLED OR VOID,ZERTIFIKAT ERLEDIGT ODER NICHTIG,,,DEAD,False
1301,DE,ZTZA,-,REFUSAL OF APPLICATION FOR CERTIFICATE,ZURUECKWEISUNG DER ZERTIFIKATSANMELDUNG,,,PENDING,False
1302,DE,ZTZG,-,WITHDRAWAL OF APPLICATION FOR CERTIFICATE,ZURUECKNAHME DER ZERTIFIKATSANMELDUNG,,,DEAD,False
1303,DK,A0,+,APPLICATION FILED,APPLICATION FILED,,,PENDING,False
1304,DK,AGE,+,RE-ESTABLISHMENT OF RIGHTS: APPROVED,GENOPTAGELSE IMOEDEKOMMET,K,IP RIGHT REVIVAL,ALIVE,False
1305,DK,AHB,-,APPLICATION SHELVED DUE TO NON-PAYMENT,ANSOEGNING HENLAGT P.G.A. MANGLENDE BETALING,B,APPLICATION DISCONTINUATION,DEAD,False
1306,DK,AHS,-,APPLICATION SHELVED FOR OTHER REASONS THAN NON-PAYMENT,ANSOEGNING HENLAGT AF ANDRE GRUNDE,B,APPLICATION DISCONTINUATION,DEAD,False
1307,DK,ARF,-,APPLICATION REFUSED,ANSOEGNING AFSLAAET,B,APPLICATION DISCONTINUATION,DEAD,False
1308,DK,ATS,-,APPLICATION WITHDRAWN,ANSOEGNING TILBAGETAGET,B,APPLICATION DISCONTINUATION,DEAD,False
1309,DK,B1,+,PATENT GRANTED (LAW 1993),PATENT GRANTED (LAW 1993),F,IP RIGHT GRANT,ALIVE,True
1310,DK,B2,+,PATENT AMENDED (LAW 1993),PATENT AMENDED (LAW 1993),P,RE-PUBLICATION OF DOCUMENT AFTER MODIFICATION,PENDING,False
1311,DK,B3,+,PATENT SPECIFICATION AMENDED AFTER ADMINISTRATIVE REEXAMINATION (ACC. PATENT LAW 1993),PATENT AFTER REEX (LAW 1993),P,RE-PUBLICATION OF DOCUMENT AFTER MODIFICATION,PENDING,False
1312,DK,BP,+,CORRECTION OF LAPSE OF PATENT,CORRECTION OF LAPSE OF PATENT,,,NEUTRAL,False
1313,DK,CTFF,,APPLICATION FOR SUPPLEMENTARY PROTECTION CERTIFICATE (SPC) FILED,ANSOEGNING OM SUPPLERENDE BESKYTTELSESCERTIFIKAT (SPC) INDLEVERET,G,PROTECTION BEYOND IP RIGHT TERM,PENDING,False
1314,DK,CTFG,+,SUPPLEMENTARY PROTECTION CERTIFICATE (SPC) ISSUED,SUPPLERENDE BESKYTTELSESCERTIFIKAT (SPC) MEDDELT,G,PROTECTION BEYOND IP RIGHT TERM,NEUTRAL,False
1315,DK,CTFL,-,SUPPLEMENTARY PROTECTION CERTIFICATE (SPC) LAPSED,SUPPLERENDE BESKYTTELSESCERTIFIKAT (SPC) BORTFALDET,H,IP RIGHT CESSATION,DEAD,False
1316,DK,CTFW,-,"SUPPLEMENTARY PROTECTION CERTIFICATE (SPC) WITHDRAWN, REFUSED OR DEEMED WITHDRAWN","SUPPLERENDE BESKYTTELSESCERTIFIKAT (SPC) TILBAGETAGET, AFSLAAET ELLER HENLAGT",G,PROTECTION BEYOND IP RIGHT TERM,NEUTRAL,False
1317,DK,CTGE,+,RE-ESTABLISHMENT OF SUPPLEMENTARY PROTECTION CERTIFICATE (SPC) APPLICATION,GENOPRETTELSE AF SUPPLERENDE BESKYTTELSESCERTIFIKAT (SPC) ANSOGNINGER,G,PROTECTION BEYOND IP RIGHT TERM,ALIVE,False
1318,DK,CUG,-,SUPPLEMENTARY PROTECTION CERTIFICATE (SPC) REVOKED,SUPPLERENDE BESKYTTDELSESCERTIFIKAT (SPC) UGYLDIGKENDT,H,IP RIGHT CESSATION,DEAD,False
1319,DK,EAP,-,EP PATENT SURRENDERED,EP PATENTET AFKALDT,H,IP RIGHT CESSATION,DEAD,False
1320,DK,EAU,-,EP PATENT REVOKED,EP PATENT UGYLDIGKENDT,,,DEAD,False
1321,DK,EBP,-,EP PATENT LAPSED,EP PATENTET BORTFALDET,H,IP RIGHT CESSATION,DEAD,False
1322,DK,EDA,,DECISION ON ADMINISTRATIVE RE-EXAMINATION: PATENT MAINTAINED AS UNAMENDED,ADMINISTRATIV OMPROEVNING: PATENT OPRETHOLDT UAENDRET,M,IP RIGHT MAINTENANCE,PENDING,False
1323,DK,EDD,,DECISION ON ADMINISTRATIVE RE-EXAMINATION: PATENT MAINTAINED AS AMENDED,ADMINISTRATIV OMPROEVNING: PATENT OPRETHOLDT AENDRET,M,IP RIGHT MAINTENANCE,PENDING,False
1324,DK,EDF,,REQUEST FOR ADMINISTRATIVE RE-EXAMINATION REFUSED,ADMINISTRATIV OMPROEVNING: ANMODNING AFVIST,,,PENDING,False
1325,DK,EDS,,REQUEST FOR ADMINISTRATIVE RE-EXAMINATION WITHDRAWN,ANMODNING OM ADMINISTRATIV OMPROEVNING TILBAGETAGET,,,PENDING,False
1326,DK,EDV,-,DECISION ON ADMINISTRATIVE RE-EXAMINATION: PATENT WITHDRAWN,PATENT ERKLAERET OPHAEVET EFTER ADMINISTRATIV OMPROVNING,H,IP RIGHT CESSATION,DEAD,False
1327,DK,EGA,-,DECISION ON RE-ESTABLISHMENT OF RIGHTS: REFUSED,GENOPTAGELSE: AFSLAAET,,,UNKNOWN,False
1328,DK,EGB,,REQUEST FOR RE-ESTABLISHMENT OF RIGHTS,GENOPTAGELSE BEGAERET,K,IP RIGHT REVIVAL,NEUTRAL,False
1329,DK,EGE,+,RE-ESTABLISHMENT OF RIGHTS: APPROVED,GENOPTAGELSE IMOEDEKOMMET,K,IP RIGHT REVIVAL,ALIVE,False
1330,DK,ERA,,REQUEST FOR ADMINISTRATIVE RE-EXAMINATION FILED,ANMODNING OM ADMINISTRATIV OMPROEVNING,L,IP RIGHT REVIEW REQUEST,PENDING,False
1331,DK,EUG,-,EP PATENT REVOKED,EP PATENTET UGYLDIGKENDT,H,IP RIGHT CESSATION,DEAD,False
1332,DK,EUP,-,EP PATENT EXPIRED,EP PATENTET UDLOEBET,H,IP RIGHT CESSATION,DEAD,False
1333,DK,PAB,+,APPLICATION PUBLISHED ON REQUEST,ANSOEGNING ALM. TILGAENGELIG PA BEGAERING,Q,DOCUMENT PUBLICATION,PENDING,False
1334,DK,PAT,+,APPLICATION PUBLISHED,ANSOEGNING ALM. TILGAENGELIG,Q,DOCUMENT PUBLICATION,PENDING,False
1335,DK,PAU,-,RE-EXAMINATION: PATENT INVALID,ADMINISTRATIV OMPROEVNING: PATENT KENDT UGYLDIGT,,,DEAD,False
1336,DK,PBP,-,PATENT LAPSED,PATENTET BORTFALDET,H,IP RIGHT CESSATION,DEAD,False
1337,DK,PDA,+,DECISION ON ADMINISTRATIVE RE-EXAMINATION: PATENT MAINTAINED AS UNAMENDED,ADMINISTRATIV OMPROEVNING: PATENT OPRETHOLDT UAENDRET,M,IP RIGHT MAINTENANCE,ALIVE,False
1338,DK,PDD,,RE-EXAMINATION: PATENT MAINTAINED AS AMENDED,ADMINISTRATIV OMPROEVNING: PATENT OPRETHOLDT I AENDRET FORM,M,IP RIGHT MAINTENANCE,PENDING,False
1339,DK,PDF,-,REQUEST FOR ADMINISTRATIVE RE-EXAMINATION REFUSED,ADMINISTRATIV OMPROEVNING: ANMODNING AFVIST,,,PENDING,False
1340,DK,PDP,+,DECISION ON OPPOSITION,INDSIGELSE,L,IP RIGHT REVIEW REQUEST,UNKNOWN,False
1341,DK,PDQ,+,REQUEST FOR OPPOSITION WITHDRAWN,INDSIGELSE TILBAGETAGET,L,IP RIGHT REVIEW REQUEST,UNKNOWN,False
1342,DK,PDS,-,REQUEST FOR ADMINISTRATIVE RE-EXAMINATION WITHDRAWN,ANMODNING OM ADMINISTRATIV OMPROEVNING TILBAGETAGET,L,IP RIGHT REVIEW REQUEST,PENDING,False
1343,DK,PDU,+,DECISION ON OPPOSITION: PATENT MAINTAINED AS UNAMENDED,INDSIGELSE: PATENT OPRETHOLDT UAENDRET,M,IP RIGHT MAINTENANCE,ALIVE,False
1344,DK,PDV,-,PATENT CEASED,PATENT OPHAEVET,,,DEAD,False
1345,DK,PGA,-,DECISION ON RE-ESTABLISHMENT OF RIGHTS: REFUSED,GENOPTAGELSE: AFSLAAET,,,UNKNOWN,False
1346,DK,PGB,,REQUEST FOR RE-ESTABLISHMENT OF RIGHTS,GENOPTAGELSE BEGAERET,,,NEUTRAL,False
1347,DK,PGE,+,RE-ESTABLISHMENT OF RIGHTS: APPROVED,GENOPTAGELSE IMOEDEKOMMET,K,IP RIGHT REVIVAL,ALIVE,False
1348,DK,PHB,-,APPLICATION DEEMED WITHDRAWN DUE TO NON-PAYMENT OR OTHER REASONS,ANSOEGNING HENLAGT P.G.A. MANGLENDE BETALING ELLER ANDRE GRUNDE,B,APPLICATION DISCONTINUATION,DEAD,False
1349,DK,PHS,-,APPLICATION SHELVED FOR OTHER REASONS THAN NON-PAYMENT,ANSOEGNING HENLAGT AF ANDRE GRUNDE,B,APPLICATION DISCONTINUATION,DEAD,False
1350,DK,PIA,,OPPOSITION: PATENT MAINTAINED AS AMENDED,INDSIGELSE: PATENT OPRETHOLDT I AENDRET FORM,M,IP RIGHT MAINTENANCE,NEUTRAL,False
1351,DK,PIU,-,OPPOSITION: PATENT INVALID,INDSIGELSE: PATENT KENDT UGYLDIGT,H,IP RIGHT CESSATION,DEAD,False
1352,DK,PME,+,PATENT GRANTED,PATENT MEDDELT,F,IP RIGHT GRANT,ALIVE,True
1353,DK,PPF,,OPPOSITION FILED,INDSIGELSE INDLEVERET,L,IP RIGHT REVIEW REQUEST,NEUTRAL,False
1354,DK,PRA,,REQUEST ON ADMINISTRATIVE RE-EXAMINATION FILED,ANMODNING OM ADMINISTRATIV OMPROEVNING,L,IP RIGHT REVIEW REQUEST,PENDING,False
1355,DK,PRF,-,APPLICATION REFUSED,ANSOEGNING AFSLAAET,B,APPLICATION DISCONTINUATION,DEAD,False
1356,DK,PSP,-,PATENT SURRENDERED,PATENTET AFKALDT,H,IP RIGHT CESSATION,DEAD,False
1357,DK,PTS,-,APPLICATION WITHDRAWN,ANSOEGNING TILBAGETAGET,B,APPLICATION DISCONTINUATION,DEAD,False
1358,DK,PUG,-,PATENT REVOKED,PATENTET UGYLDIGKENDT,H,IP RIGHT CESSATION,DEAD,False
1359,DK,PUP,-,PATENT EXPIRED,PATENTET UDLOEBET,H,IP RIGHT CESSATION,DEAD,False
1360,DK,RAHB,-,CORRECTION OF: APPLICATION SHELVED DUE TO NON-PAYMENT,CORRECTION OF: ANSOEGNING HENLAGT P.G.A. MANGLENDE BETALING,,,DEAD,False
1361,DK,RAHS,,CORRECTION OF: APPLICATION SHELVED FOR OTHER REASONS THAN NON-PAYMENT,CORRECTION OF: ANSOEGNING HENLAGT AF ANDRE GRUNDE,,,PENDING,False
1362,DK,RATS,,CORRECTION OF: APPLICATION WITHDRAWN,CORRECTION OF: ANSOEGNING TILBAGETAGET,,,PENDING,False
1363,DK,RPBP,,CORRECTION OF: PATENT LAPSED,CORRECTION OF: PATENTET BORTFALDET,,,NEUTRAL,False
1364,DK,RPC,,CORRECTION OF: GRANT (GRANT NULLIFIED),CORRECTION OF: GRANT (GRANT NULLIFIED),,,NEUTRAL,False
1365,DK,RPDA,,CORRECTION OF: DECISION ON ADMINISTRATIVE RE-EXAMINATION: PATENT MAINTAINED AS UNAMENDED,CORRECTION OF: ADMINISTRATIV OMPROEVNING: PATENT OPRETHOLDT UAENDRET,,,PENDING,False
1366,DK,RPDF,,CORRECTION OF: REQUEST FOR ADMINISTRATIVE RE-EXAMINATION REFUSED,CORRECTION OF: ADMINISTRATIV OMPROEVNING: ANMODNING AFVIST,,,PENDING,False
1367,DK,RPDQ,,CORRECTION OF: REQUEST FOR OPPOSITION WITHDRAWN,CORRECTION OF: INDSIGELSE TILBAGETAGET,,,NEUTRAL,False
1368,DK,RPDS,-,CORRECTION OF: REQUEST FOR ADMINISTRATIVE RE-EXAMINATION WITHDRAWN,CORRECTION OF: ANMODNING OM ADMINISTRATIV OMPROEVNING TILBAGETAGET,,,PENDING,False
1369,DK,RPDU,,CORRECTION OF: DECISION ON OPPOSITION: PATENT MAINTAINED AS UNAMENDED,CORRECTION OF: INDSIGELSE: PATENT OPRETHOLDT UAENDRET,,,NEUTRAL,False
1370,DK,RPDV,,CORRECTION OF: PATENT CEASED,CORRECTION OF: PATENT OPHAEVET,,,NEUTRAL,False
1371,DK,RPGA,,CORRECTION OF: DECISION ON RE-ESTABLISHMENT OF RIGHTS: REFUSED,CORRECTION OF: GENOPTAGELSE: AFSLAAET,,,NEUTRAL,False
1372,DK,RPGB,,CORRECTION OF: REQUEST FOR RE-ESTABLISHMENT OF RIGHTS,CORRECTION OF: GENOPTAGELSE BEGAERET,,,NEUTRAL,False
1373,DK,RPGE,,CORRECTION OF: RE-ESTABLISHMENT OF RIGHTS: APPROVED,CORRECTION OF: GENOPTAGELSE IMOEDEKOMMET,,,NEUTRAL,False
1374,DK,RPHB,,CORRECTION OF: APPLICATION SHELVED DUE TO NON-PAYMENT,CORRECTION OF: ANSOEGNING HENLAGT P.G.A. MANGLENDE BETALING,,,PENDING,False
1375,DK,RPHS,,CORRECTION OF: APPLICATION SHELVED FOR OTHER REASONS THAN NON-PAYMENT,CORRECTION OF: ANSOEGNING HENLAGT AF ANDRE GRUNDE,,,PENDING,False
1376,DK,RPPF,,CORRECTION OF: OPPOSITION FILED,CORRECTION OF: INDSIGELSE INDLEVERET,,,NEUTRAL,False
1377,DK,RPRA,,CORRECTION OF: REQUEST ON ADMINISTRATIVE RE-EXAMINATION FILED,CORRECTION OF: ANMODNING OM ADMINISTRATIV OMPROEVNING,,,PENDING,False
1378,DK,RPRF,,CORRECTION OF: APPLICATION REFUSED,CORRECTION OF: ANSOEGNING AFSLAAET,,,PENDING,False
1379,DK,RPSP,,CORRECTION OF: PATENT SURRENDERED,CORRECTION OF: PATENTET AFKALDT,,,NEUTRAL,False
1380,DK,RPTS,,CORRECTION OF: APPLICATION WITHDRAWN,CORRECTION OF: ANSOEGNING TILBAGETAGET,,,PENDING,False
1381,DK,RPUG,-,CORRECTION OF: PATENT REVOKED,CORRECTION OF: PATENTET UGYLDIGKENDT,,,DEAD,False
1382,DK,RPUP,,CORRECTION OF: PATENT EXPIRED,CORRECTION OF: PATENTET UDLOEBET,,,NEUTRAL,False
1383,DK,RUBP,,CORRECTION OF: UTILITY MODEL LAPSED,CORRECTION OF: BRUGSMODEL OPHAEVET,,,NEUTRAL,False
1384,DK,RUDE,,CORRECTION OF: DECISION ON TERMINATION: TOTAL TERMINATION,CORRECTION OF: RESULTAT AFANMODNING OM UDSLETTELSE: UDSLETTET,,,NEUTRAL,False
1385,DK,RUDM,,CORRECTION OF: DECISION ON TERMINATION: UTILITY MODEL MAINTAINED AS UNAMENDED,CORRECTION OF: RESULTAT AFANMODNING OM UDSLETTELSE: OPRETHOLDT UAENDRET,,,NEUTRAL,False
1386,DK,RUDV,,CORRECTION OF: UTILITY MODEL CEASED,CORRECTION OF: BRUGSMODEL OPHAEVET,,,NEUTRAL,False
1387,DK,RURA,,CORRECTION OF: REQUEST FOR TERMINATION FILED,CORRECTION OF: ANMODNING OM UDSLETTELSE,,,NEUTRAL,False
1388,DK,RUYA,,CORRECTION OF: REQUEST FOR EXAMINATION FILED,CORRECTION OF: ANMODNING OM PROEVNING,,,PENDING,False
1389,DK,RUYD,,CORRECTION OF: DECISION ON EXAMINATION: UTILITY MODEL MAINTAINED AS AMENDED,CORRECTION OF: RESULTAT AF PROEVNING: OPRETHOLDT AENDRET,,,PENDING,False
1390,DK,RUYM,,CORRECTION OF: DECISION ON EXAMINATION: UTILITY MODEL MAINTAINED AS UNAMENDED,CORRECTION OF: RESULTAT AF PROEVNING: OPRETHOLDT UAENDRET,,,PENDING,False
1391,DK,RUYT,,CORRECTION OF: DECISION ON EXAMINATION: UTILITY MODEL TERMINATED,CORRECTION OF: RESULTAT AF PROEVNING: UDSLETTET,,,PENDING,False
1392,DK,SPCE,+,FILING AN EXTENSION FOR AN SPC,ANSOGNING OM FORLAENGELSE AF CERTIFIKAT,,,UNKNOWN,False
1393,DK,SPCX,-,EXPIRY OF AN SPC,UDLOB AF SUPPLERENDE BESKYTTELSESCERTIFIKAT,,,DEAD,False
1394,DK,SPCY,-,REJECTION OF AN EXTENSION FOR AN SPC,ANMODNING OM FORLAENGELSE AFSLAET,,,UNKNOWN,False
1395,DK,SPCZ,+,GRANT OF EXTENSION FOR AN SPC,FORLAENGELSE AF CERTIFIKAT MEDDELT,,,ALIVE,False
1396,DK,T2,,CORRECTED TRANSLATION OF THE CLAIMS OF EP PATENT,AENDRET DANSK OVERSAETTELSE AF KRAV I EP ANSOEGNING,,,NEUTRAL,False
1397,DK,T3,+,EP PATENT WITH DANISH CLAIMS,EP PATENT MED KRAV OVERSAT TIL DANSK,W,OTHER,UNKNOWN,False
1398,DK,T4,,AMENDED EP PATENT WITH DANISH CLAIMS,AENDRET EP PATENT MED KRAV OVERSAT TIL DANSK,W,OTHER,NEUTRAL,False
1399,DK,T5,+,CORRECTED TRANSLATION OF EP PATENT,RETTET VERSION AF EP PATENT,P,RE-PUBLICATION OF DOCUMENT AFTER MODIFICATION,PENDING,False
1400,DK,T6,,EP PATENT WITH LIMITED CLAIMS,EP PATENT MED BEGRAESEDE KRAV,,,NEUTRAL,False
1401,DK,UAT,+,UTILITY MODEL PUBLISHED,BRUGSMODEL ALM. TILGAENGELIG,Q,DOCUMENT PUBLICATION,PENDING,False
1402,DK,UBP,-,UTILITY MODEL LAPSED,BRUGSMODEL OPHAEVET,H,IP RIGHT CESSATION,DEAD,False
1403,DK,UDD,,RESULT OF EXAMINATION: UTILITY MODEL MAINTAINED AS AMENDED,RESULTAT OF PROVNING: BRUGSMODEL OPRETHOLDT I AENDRET FORM,M,IP RIGHT MAINTENANCE,PENDING,False
1404,DK,UDE,-,DECISION ON TERMINATION: TOTAL TERMINATION (UTILITY MODEL),RESULTAT AF ANMODNING OM UDSLETTELSE: UDSLETTET (BRUGSMODEL),H,IP RIGHT CESSATION,DEAD,False
1405,DK,UDM,+,RESULT OF INVALIDATION REQUEST: UTILITY MODEL MAINTAINED IN FULL,RESULTAT AF ANMODNING OM UDSLETTELSE: OPRETHOLDT UAENDRET (BRUGSMODEL),M,IP RIGHT MAINTENANCE,ALIVE,False
1406,DK,UDV,-,UTILITY MODEL CEASED,BRUGSMODEL OPHAEVET,H,IP RIGHT CESSATION,DEAD,False
1407,DK,UHB,-,APPLICATION (UTILITY MODEL) SHELVED DUE TO NON-PAYMENT,ANSOEGNING HENLAGT P.G.A. MANGLENDE BETALING,B,APPLICATION DISCONTINUATION,DEAD,False
1408,DK,UME,+,UTILITY MODEL REGISTERED,BRUGSMODEL REGISTRERET,F,IP RIGHT GRANT,ALIVE,False
1409,DK,URA,-,REQUEST FOR TERMINATION FILED (UTILITY MODEL),BRUGSMODEL: ANMODNING OM UDSLETTELSE,L,IP RIGHT REVIEW REQUEST,DEAD,False
1410,DK,URF,-,UTILITY MODEL: APPLICATION REFUSED,ANSOEGNING AFSLAAET,B,APPLICATION DISCONTINUATION,DEAD,False
1411,DK,UTS,-,UTILITY MODEL APPLICATION WITHDRAWN,BROGSMODEL TILBAGETAGET,B,APPLICATION DISCONTINUATION,DEAD,False
1412,DK,UUP,-,UTILITY MODEL EXPIRED,BROGSMODEL UDLOEBET,H,IP RIGHT CESSATION,DEAD,False
1413,DK,UYA,,REQUEST FOR EXAMINATION FILED (UTILITY MODEL),ANMODNING OM PROEVNING (BRUGSMODEL),D,SEARCH AND EXAMINATION,PENDING,False
1414,DK,UYD,+,DECISION ON EXAMINATION: UTILITY MODEL MAINTAINED AS AMENDED,RESULTAT AF PROEVNING: OPRETHOLDT AENDRET (BRUGSMODEL),,,PENDING,False
1415,DK,UYM,+,RESULT OF EXAMINATION: UTILITY MODEL MAINTAINED IN FULL,RESULTAT AF PROEVNING: OPRETHOLDT UAENDRET (BRUGSMODEL),M,IP RIGHT MAINTENANCE,ALIVE,False
1416,DK,UYT,-,DECISION ON EXAMINATION: UTILITY MODEL TERMINATED,RESULTAT AF PROEVNING: UDSLETTET (BRUGSMODEL),H,IP RIGHT CESSATION,DEAD,False
1417,EA,DZ4A,,EURASIAN PATENT ASSIGNED FOR AMENDMENT OF CLAIMS,EURASIAN PATENT ASSIGNED FOR AMENDMENT OF CLAIMS,M,IP RIGHT MAINTENANCE,NEUTRAL,False
1418,EA,FA9A,-,WITHDRAWAL OF A EURASIAN APPLICATION,WITHDRAWAL OF A EURASIAN APPLICATION,B,APPLICATION DISCONTINUATION,DEAD,False
1419,EA,HC1A,,CHANGE IN NAME OF AN APPLICANT IN A EURASIAN APPLICATION,CHANGE IN NAME OF AN APPLICANT IN A EURASIAN APPLICATION,R,PARTY DATA CHANGE,PENDING,False
1420,EA,HK1A,,ERRATA IN EAPO OFFICIAL GAZETTE IN PUBLISHED EURASIAN APPLICATIONS,ERRATA IN EAPO OFFICIAL GAZETTE IN PUBLISHED EURASIAN APPLICATIONS,Y,CORRECTION AND DELETION OF EVENT INFORMATION,PENDING,False
1421,EA,HK9A,,AMENDMENT TO THE EAPO BULLETIN CONCERNING PUBLISHED EURASIAN APPLICATION,[NO DESCRIPTION IN ORIGINAL LANGUAGE],Y,CORRECTION AND DELETION OF EVENT INFORMATION,PENDING,False
1422,EA,HM1A,,CHANGE IN COMPOSITION OF INVENTORS IN A PUBLISHED EURASIAN APPLICATION,CHANGE IN COMPOSITION OF INVENTORS IN A PUBLISHED EURASIAN APPLICATION,R,PARTY DATA CHANGE,PENDING,False
1423,EA,HZ9A,,PUBLICATION OF CORRECTED TITLE PAGE OF A PUBLICATION DOCUMENT (A8 PUBLICATION),PUBLICATION OF CORRECTED TITLE PAGE OF A PUBLICATION DOCUMENT (A8 PUBLICATION),Q,DOCUMENT PUBLICATION,PENDING,False
1424,EA,LC4A,,PARTIAL ADMINISTRATIVE REVOCATION OF A EURASIAN PATENT (B2),PARTIAL ADMINISTRATIVE REVOCATION OF A EURASIAN PATENT (B2),M,IP RIGHT MAINTENANCE,NEUTRAL,False
1425,EA,LD4A,,EURASIAN PATENT LIMITED ON REQUEST OF PATENT HOLDER (B3),LIMITATION OF A EURASIAN PATENT ON PATENT HOLDER'S REQUEST FILED WITH THE EAPO (B3),M,IP RIGHT MAINTENANCE,NEUTRAL,False
1426,EA,MA4A,-,SURRENDER OF THE EURASIAN PATENT AT THE REQUEST OF THE PROPRIETOR IN THE FOLLOWING DESIGNATED STATE(S),SURRENDER OF THE EURASIAN PATENT AT THE REQUEST OF THE PROPRIETOR IN THE FOLLOWING DESIGNATED STATE(S),H,IP RIGHT CESSATION,DEAD,False
1427,EA,MC4A,-,REVOCATION OF A EURASIAN PATENT UNDER OPPOSITION PROCEDURE,REVOCATION OF A EURASIAN PATENT UNDER OPPOSITION PROCEDURE,H,IP RIGHT CESSATION,DEAD,False
1428,EA,MD4A,,OPPOSITION FILED AGAINST GRANTED EURASIAN PATENT,[NO DESCRIPTION IN ORIGINAL LANGUAGE],L,IP RIGHT REVIEW REQUEST,NEUTRAL,False
1429,EA,MF4A,-,REVOCATION OF A EURASIAN PATENT AS INVALID ENTIRELY,REVOCATION OF A EURASIAN PATENT AS INVALID ENTIRELY,H,IP RIGHT CESSATION,DEAD,False
1430,EA,MH4A,-,REVOCATION OF A EURASIAN PATENT IN PART,REVOCATION OF A EURASIAN PATENT IN PART,M,IP RIGHT MAINTENANCE,DEAD,False
1431,EA,MH4D,-,REVOCATION OF A EURASIAN PATENT IN PART,REVOCATION OF A EURASIAN PATENT IN PART,M,IP RIGHT MAINTENANCE,DEAD,False
1432,EA,MK4A,-,PATENT EXPIRED,PATENT EXPIRED,H,IP RIGHT CESSATION,DEAD,False
1433,EA,MM4A,-,LAPSE OF A EURASIAN PATENT DUE TO NON-PAYMENT OF RENEWAL FEES WITHIN THE TIME LIMIT IN THE FOLLOWING DESIGNATED STATE(S),LAPSE OF A EURASIAN PATENT DUE TO NON-PAYMENT OF RENEWAL FEES WITHIN THE TIME LIMIT IN THE FOLLOWING DESIGNATED STATE(S),H,IP RIGHT CESSATION,DEAD,False
1434,EA,ND4A,+,EXTENSION OF TERM OF A EURASIAN PATENT,EXTENSION OF TERM OF A EURASIAN PATENT,G,PROTECTION BEYOND IP RIGHT TERM,NEUTRAL,False
1435,EA,NF4A,+,RESTORATION OF LAPSED RIGHT TO A EURASIAN PATENT,RESTORATION OF LAPSED RIGHT TO A EURASIAN PATENT,K,IP RIGHT REVIVAL,ALIVE,False
1436,EA,NF9A,+,RESTORATION OF LAPSED RIGHT TO A EURASIAN APPLICATION,RESTORATION OF LAPSED RIGHT TO A EURASIAN APPLICATION,C,APPLICATION REVIVAL,ALIVE,False
1437,EA,NG4A,+,REJECTION OF OPPOSITION AGAINST GRANT OF A EURASIAN PATENT,[NO DESCRIPTION IN ORIGINAL LANGUAGE],L,IP RIGHT REVIEW REQUEST,ALIVE,False
1438,EA,PC1A,,REGISTRATION OF TRANSFER TO A EURASIAN APPLICATION BY FORCE OF ASSIGNMENT,REGISTRATION OF TRANSFER TO A EURASIAN APPLICATION BY FORCE OF ASSIGNMENT,R,PARTY DATA CHANGE,PENDING,False
1439,EA,PC4A,,REGISTRATION OF TRANSFER OF A EURASIAN PATENT BY ASSIGNMENT,REGISTRATION OF TRANSFER OF A EURASIAN PATENT BY ASSIGNMENT,R,PARTY DATA CHANGE,NEUTRAL,False
1440,EA,PD1A,,REGISTRATION OF TRANSFER TO A EURASIAN APPLICATION BY ORDER OF SUCCESSION IN TITLE,REGISTRATION OF TRANSFER TO A EURASIAN APPLICATION BY ORDER OF SUCCESSION IN TITLE,R,PARTY DATA CHANGE,PENDING,False
1441,EA,PD4A,,REGISTRATION OF TRANSFER OF A EURASIAN PATENT IN ACCORDANCE WITH THE SUCCESSION IN TITLE,REGISTRATION OF TRANSFER OF A EURASIAN PATENT IN ACCORDANCE WITH THE SUCCESSION IN TITLE,R,PARTY DATA CHANGE,NEUTRAL,False
1442,EA,PZ1A,,REGISTRATION OF PLEDGE OF RIGHTS TO A EURASIAN APPLICATION,REGISTRATION OF PLEDGE OF RIGHTS TO A EURASIAN APPLICATION,S,INFORMATION ON LICENSING AND SIMILAR TRANSACTIONS,PENDING,False
1443,EA,PZ4A,,REGISTRATION OF PLEDGE OF RIGHTS TO A EURASIAN PATENT,REGISTRATION OF PLEDGE OF RIGHTS TO A EURASIAN PATENT,S,INFORMATION ON LICENSING AND SIMILAR TRANSACTIONS,NEUTRAL,False
1444,EA,QB4A,,REGISTRATION OF A LICENCE IN A CONTRACTING STATE,REGISTRATION OF A LICENCE IN A CONTRACTING STATE,S,INFORMATION ON LICENSING AND SIMILAR TRANSACTIONS,NEUTRAL,False
1445,EA,QC4A,,TERMINATION OF A REGISTERED LICENCE IN A CONTRACTING STATE,TERMINATION OF A REGISTERED LICENCE IN A CONTRACTING STATE,S,INFORMATION ON LICENSING AND SIMILAR TRANSACTIONS,NEUTRAL,False
1446,EA,QZ4A,,REGISTERED CORRECTIONS AND AMENDMENTS IN A LICENCE,REGISTERED CORRECTIONS AND AMENDMENTS IN A LICENCE,S,INFORMATION ON LICENSING AND SIMILAR TRANSACTIONS,NEUTRAL,False
1447,EA,RH4A,+,GRANT OF A DUPLICATE OF A EURASIAN PATENT,GRANT OF A DUPLICATE OF A EURASIAN PATENT,F,IP RIGHT GRANT,ALIVE,False
1448,EA,RL4A,,COURT DECISIONS RENDERED IN RESPECT OF A EURASIAN PATENT,COURT DECISIONS RENDERED IN RESPECT OF A EURASIAN PATENT,V,APPEAL,NEUTRAL,False
1449,EA,TB4A,,CORRECTION OF COMPOSITION OF INVENTORS IN A PUBLISHED EURASIAN PATENT,CORRECTION OF COMPOSITION OF INVENTORS IN A PUBLISHED EURASIAN PATENT,R,PARTY DATA CHANGE,NEUTRAL,False
1450,EA,TC4A,,CHANGE IN NAME OF A PATENT PROPRIETOR IN A EURASIAN PATENT,CHANGE IN NAME OF A PATENT PROPRIETOR IN A EURASIAN PATENT,R,PARTY DATA CHANGE,NEUTRAL,False
1451,EA,TH4A,,PUBLICATION OF THE CORRECTED SPECIFICATION TO EURASIAN PATENT,PUBLICATION OF THE CORRECTED SPECIFICATION TO EURASIAN PATENT,P,RE-PUBLICATION OF DOCUMENT AFTER MODIFICATION,PENDING,False
1452,EA,TK4A,,CORRECTIONS IN PUBLISHED EURASIAN PATENTS,CORRECTIONS IN PUBLISHED EURASIAN PATENTS,P,RE-PUBLICATION OF DOCUMENT AFTER MODIFICATION,PENDING,False
1453,EA,TZ4A,,PUBLICATION OF CORRECTED EURASIAN PATENT (FIRST PAGE),PUBLICATION OF CORRECTED EURASIAN PATENT (FIRST PAGE),,,PENDING,False
1454,EE,AA1Y,+,SPC FILED,TAEIENDAVA KAITSE TAOTLUSED,G,PROTECTION BEYOND IP RIGHT TERM,NEUTRAL,False
1455,EE,BB2E,+,TRANSLATION OF THE CLAIMS OF A PUBLISHED EUROPEAN PATENT APPLICATION,AVALDATUD EUROPEA PATENDITAOTLUSTE PATENDINOUDLUSE TOLKED,W,OTHER,PENDING,False
1456,EE,EXFP,+,UTILITY MODEL EXTENDED TO 8 OR 10 YEARS AFTER PAYMENT OF FEE,KASULIKU MUDELI REGISTREERINGUT PUUDAUTAVAD MUUD TEATED,U,PAYMENT,ALIVE,False
1457,EE,FC1Y,-,SPC APPLICATION REFUSED,TAGASILUEKATUD TAEIENDAVA KAITSE TAOTLUSED,G,PROTECTION BEYOND IP RIGHT TERM,PENDING,False
1458,EE,FG1Y,+,SPC GRANTED,TAEIENDAVA KAITSE ANDMINE,G,PROTECTION BEYOND IP RIGHT TERM,ALIVE,False
1459,EE,FG4A,+,TRANSLATION OF THE SPECIFICATION OF EUROPEAN PATENT VALID IN ESTONIA,ESTIS KEHTIVATE EUROOPA PATENTIDE PATENDIKIRJELDUSE TOLKED,W,OTHER,UNKNOWN,False
1460,EE,GB1A,,CHANGE IN THE OWNERSHIP OR IN THE ADDRESS OF THE OWNER,A VALDATUD PATENTIAOTLUSTE OIGUSLIKU STAATUSE MUUDATUSED,R,PARTY DATA CHANGE,NEUTRAL,False
1461,EE,HA1A,,CORRECTION OF INVENTOR NAME OR ADDRESS,CORRECTION OF INVENTOR NAME OR ADDRESS,R,PARTY DATA CHANGE,NEUTRAL,False
1462,EE,HB1A,,CORRECTION OF OWNER NAME OR ADDRESS,CORRECTION OF OWNER NAME OR ADDRESS,R,PARTY DATA CHANGE,NEUTRAL,False
1463,EE,HC1A,,CHANGE OF OWNER NAME,CHANGE OF OWNER NAME,R,PARTY DATA CHANGE,NEUTRAL,False
1464,EE,HD1A,,CORRECTION OF ADDRESS,CORRECTION OF ADDRESS,R,PARTY DATA CHANGE,NEUTRAL,False
1465,EE,HE1A,,CHANGE OF ADDRESS,CHANGE OF ADDRESS,R,PARTY DATA CHANGE,NEUTRAL,False
1466,EE,HF1A,,CORRECTION OF A DATE,CORRECTION OF A DATE,P,RE-PUBLICATION OF DOCUMENT AFTER MODIFICATION,PENDING,False
1467,EE,HG1A,,CORRECTION OF CLASSIFICATION,CORRECTION OF CLASSIFICATION,,,NEUTRAL,False
1468,EE,HH1A,,CHANGE OF REPRESENTATIVE,CHANGE OF REPRESENTATIVE,R,PARTY DATA CHANGE,NEUTRAL,False
1469,EE,HH2A,,CORRECTION OF EP APPLICATION AND TRANSLATION OF THE SPECIFICATION OF A EUROPEAN PATENT VALID IN ESTONIA,EUROOPA PETENDITAOLUSTE JA EESTIS KEHTIVATE EUROOPA PATENTIDE PETENDIKIRJELDUSE TOLGETE PARANDUSED,Z,CLASSIFICATION PENDING,PENDING,False
1470,EE,HK1A,,ERRATUM IN GAZETTE,ERRATUM IN GAZETTE,Y,CORRECTION AND DELETION OF EVENT INFORMATION,NEUTRAL,False
1471,EE,HZ1A,,CORRECTIONS AND CHANGES IN PUBLISHED PATENT APPLICATIONS,AVALDATUD PATENDITAOTLUSTE ANDMETE PARANDUSED JA MUUDATUSED,Y,CORRECTION AND DELETION OF EVENT INFORMATION,PENDING,False
1472,EE,KB4A,+,VALID PATENT AT THE END OF A YEAR,KEHTIVATE PATENTIDE NUMBRILINE LOEND SEISUGA,W,OTHER,UNKNOWN,True
1473,EE,LD1K,,CORRECTION OF UTILITY MODEL SPECIFICATION,MUUDATUSED KASULIKUS MUDELIS,P,RE-PUBLICATION OF DOCUMENT AFTER MODIFICATION,PENDING,False
1474,EE,LD4A,,AMENDMENT IN THE SPECIFICATION,MUUDATUSED PATENTIDES,P,RE-PUBLICATION OF DOCUMENT AFTER MODIFICATION,PENDING,False
1475,EE,MA1K,-,RENUNCIATION,KASULIKU MUDELI REGISTREERINGU KEHTIVUSE LOPPEMINE (RENUNCIATION),H,IP RIGHT CESSATION,DEAD,False
1476,EE,MA4A,-,ABANDONMENT OR WITHDRAWAL,PATENTIDE KEHTIVUSE LOPPEMINE: TEADE AVALDATAKSE PATENDISEADUSE PARAGRAHVI 38 LOIKE 2 JA PARAGRAHVI 50 LOIKE 5 ALUSEL,H,IP RIGHT CESSATION,DEAD,False
1477,EE,MC1Y,-,ANNULMENT OF AN SPC,TAEIENDAVA KAITSE TUEHISTAMINE,H,IP RIGHT CESSATION,DEAD,False
1478,EE,MF1K,-,REVOCATION AFTER OPPOSITION,KASULIKU MUDELI REGISTREERINGU KEHTIVUSE LOPPEMINE (REVOCATION),H,IP RIGHT CESSATION,DEAD,False
1479,EE,MF4A,-,RIGHT REVOKED FOLLOWING OPPOSITION OR REVOCATION,RIGHT REVOKED FOLLOWING OPPOSITION OR REVOCATION,H,IP RIGHT CESSATION,DEAD,False
1480,EE,MM1K,-,LAPSE DUE TO NON-PAYMENT OF FEE [UTILITY MODEL],KASULIKU MUDELI REGISTREERINGU KEHTIVUSE LOPPEMINE,H,IP RIGHT CESSATION,DEAD,False
1481,EE,MM4A,-,LAPSED BY NOT PAYING THE ANNUAL FEES,PATENTIDE KEHTIVUSE LOPPEMINE: TEADE AVALDATAKSE PATENDISEADUSE PARAGRAHVI 38 LOIKE 2 JA PARAGRAHVI 50 LOIKE 5 ALUSEL,H,IP RIGHT CESSATION,DEAD,False
1482,EE,PC1K,,CHANGE OF OWNERSHIP (OF UTILITY MODEL),REGISTREERITUD KASULIKE MUDELITE OIGUSLIKU STAATUSE MUUDATUSED,R,PARTY DATA CHANGE,NEUTRAL,False
1483,EE,QB1K,,REGISTRATION OF A LICENCE FOR A UTILITY MODEL,KASULIKU MUDELI LITSENTSIDE REGISTREERIM INE,S,INFORMATION ON LICENSING AND SIMILAR TRANSACTIONS,NEUTRAL,False
1484,EE,QB4A,+,LICENCE REGISTERED,LITSENDTSIDE REGISTREERIMINE,S,INFORMATION ON LICENSING AND SIMILAR TRANSACTIONS,UNKNOWN,False
1485,EE,RC1K,,REGISTRATION OF A PLEDGE FOR A UTILITY MODEL,KASULIKU MUDELI PANTIDE REGISTREERIM INE,S,INFORMATION ON LICENSING AND SIMILAR TRANSACTIONS,NEUTRAL,False
1486,EE,RZ4A,,PLEDGE REGISTRATION,PANDI REGISTREERIMINE,S,INFORMATION ON LICENSING AND SIMILAR TRANSACTIONS,NEUTRAL,False
1487,EE,SPCE,+,REQUEST FOR EXTENSION OF SUPPLEMENTARY PROTECTION CERTIFICATE  FILED [PAEDIATRIC EXTENSION],PEDIAATRIAS KASUTATAVATE RAVIMITE TAIENDAVA KAITSE PIKENDAMISE TAOTLUSTE,G,PROTECTION BEYOND IP RIGHT TERM,NEUTRAL,False
1488,EE,SPCJ,,PLEDGE OF A SUPPLEMENTARY PROTECTION CERTIFICATE,PLEDGE OF A SUPPLEMENTARY PROTECTION CERTIFICATE,,,NEUTRAL,False
1489,EE,SPCM,,CORRECTION AND AMENDMENT TO THE DATA CONCERNING APPLICATION FOR A SUPPLEMENTARY PROTECTION CERTIFICATE,TAEIENDAVA KAITSE TAOTLUSTE ANDMETE MUUDATUSED JA PARANDUSED,P,RE-PUBLICATION OF DOCUMENT AFTER MODIFICATION,PENDING,False
1490,EE,SPCR,-,EXTENSION OF SUPPLEMENTARY PROTECTION CERTIFICATE: REFUSED [PAEDIATRIC EXTENSION],PEDIAATRIAS KASUTATAVATE RAVIMITE TAIENDAVA KAITSE PIKENDAMISE TAGASILUKATUD TAOTLUSED,G,PROTECTION BEYOND IP RIGHT TERM,NEUTRAL,False
1491,EE,SPCT,,PARTY DATA CHANGE RELATED TO A SUPPLEMENTARY PROTECTION CERTIFICATE,TAEIENDAVA KAITSE TAOTLUSTE OIGUSLIKU STAATUSE MUUDATUSED,R,PARTY DATA CHANGE,NEUTRAL,False
1492,EE,SPCX,-,TERM OF VALIDITY OF SUPPLEMENTARY PROTECTION EXPIRED,TAEIENDAVA KAITSE KEHTIVUSE LOPPEMINE,H,IP RIGHT CESSATION,DEAD,False
1493,EE,SPCZ,+,EXTENSION OF SUPPLEMENTARY PROTECTION CERTIFICATE: GRANTED [PAEDIATRIC EXTENSION],PEDIAATRIAS KASUTATAVATE RAVIMITE TAIENDAVA KAITSE PIKENDAMINE,G,PROTECTION BEYOND IP RIGHT TERM,ALIVE,False
1494,EE,TC1K,,CHANGE OF NAME (IN UTILITY MODEL),KASULIKU MUDELI REGISTREERINGU ANDMETE MUUDATUSED (NAME),R,PARTY DATA CHANGE,NEUTRAL,False
1495,EE,TE1K,,CHANGE OF ADDRESS (IN UTILITY MODEL),KASULIKU MUDELI REGISTREERINGU ANDMETE MUUDATUSED (ADDRESS),R,PARTY DATA CHANGE,NEUTRAL,False
1496,EE,TH1K,,CHANGE OF REPRESENTATIVE (IN UTILITY MODEL),KASULIKU MUDELI REGISTREERINGU ANDMETE MUUDATUSED (REPRESENTATIVE),R,PARTY DATA CHANGE,NEUTRAL,False
1497,EE,TH4A,+,REINSTATEMENT,ENNISTATUD,K,IP RIGHT REVIVAL,ALIVE,False
1498,EP,110E,,REQUEST FILED FOR CONVERSION INTO A NATIONAL PATENT APPLICATION [ACCORDING TO ART. 135 EPC],REQUEST FILED FOR CONVERSION INTO A NATIONAL PATENT APPLICATION [ACCORDING TO ART. 135 EPC],A,APPLICATION FILING,PENDING,False
1499,EP,111L,,LICENCE RECORDED,LICENCE RECORDED,S,INFORMATION ON LICENSING AND SIMILAR TRANSACTIONS,NEUTRAL,False
1500,EP,111R,,"OTHER RIGHTS ""IN REM""","OTHER RIGHTS ""IN REM""",,,NEUTRAL,False
1501,EP,111Z,,INFORMATION PROVIDED ON OTHER RIGHTS AND LEGAL MEANS OF EXECUTION,INFORMATION PROVIDED ON OTHER RIGHTS AND LEGAL MEANS OF EXECUTION,S,INFORMATION ON LICENSING AND SIMILAR TRANSACTIONS,NEUTRAL,False
1502,EP,16A,,NEW DOCUMENTS DESPATCHED TO APPLICANT AFTER PUBLICATION OF THE SEARCH REPORT,NEW DOCUMENTS DESPATCHED TO APPLICANT AFTER PUBLICATION OF THE SEARCH REPORT,D,SEARCH AND EXAMINATION,PENDING,False
1503,EP,17A,+,APPLICATION MAINTAINED,APPLICATION MAINTAINED,,,PENDING,False
1504,EP,17P,+,REQUEST FOR EXAMINATION FILED,REQUEST FOR EXAMINATION FILED,D,SEARCH AND EXAMINATION,PENDING,False
1505,EP,17Q,+,FIRST EXAMINATION REPORT DESPATCHED,FIRST EXAMINATION REPORT DESPATCHED,D,SEARCH AND EXAMINATION,PENDING,False
1506,EP,18D,-,APPLICATION DEEMED TO BE WITHDRAWN,APPLICATION DEEMED TO BE WITHDRAWN,B,APPLICATION DISCONTINUATION,DEAD,False
1507,EP,18R,-,APPLICATION REFUSED,APPLICATION REFUSED,B,APPLICATION DISCONTINUATION,DEAD,False
1508,EP,18RA,+,REQUEST FILED FOR RE-ESTABLISHMENT OF RIGHTS BEFORE GRANT,REQUEST FILED FOR RE-ESTABLISHMENT OF RIGHTS BEFORE GRANT,C,APPLICATION REVIVAL,ALIVE,False
1509,EP,18RR,+,DECISION TO GRANT THE REQUEST FOR RE-ESTABLISHMENT OF RIGHTS BEFORE GRANT,DECISION TO GRANT THE REQUEST FOR RE-ESTABLISHMENT OF RIGHTS BEFORE GRANT,C,APPLICATION REVIVAL,ALIVE,False
1510,EP,18W,-,APPLICATION WITHDRAWN,APPLICATION WITHDRAWN,B,APPLICATION DISCONTINUATION,DEAD,False
1511,EP,19A,-,PROCEEDINGS STAYED BEFORE GRANT,PROCEEDINGS STAYED BEFORE GRANT,T,ADMINISTRATIVE PROCEDURE ADJUSTMENT,UNKNOWN,False
1512,EP,19F,+,RESUMPTION OF PROCEEDINGS BEFORE GRANT (AFTER STAY OF PROCEEDINGS),RESUMPTION OF PROCEEDINGS BEFORE GRANT (AFTER STAY OF PROCEEDINGS),T,ADMINISTRATIVE PROCEDURE ADJUSTMENT,ALIVE,False
1513,EP,19U,-,INTERRUPTION OF PROCEEDINGS BEFORE GRANT,INTERRUPTION OF PROCEEDINGS BEFORE GRANT,T,ADMINISTRATIVE PROCEDURE ADJUSTMENT,UNKNOWN,False
1514,EP,19W,+,PROCEEDINGS RESUMED BEFORE GRANT AFTER INTERRUPTION OF PROCEEDINGS,PROCEEDINGS RESUMED BEFORE GRANT AFTER INTERRUPTION OF PROCEEDINGS,T,ADMINISTRATIVE PROCEDURE ADJUSTMENT,ALIVE,False
1515,EP,19X,,INFORMATION ON STAY/INTERRUPTION OF PROCEEDINGS DELETED,INFORMATION ON STAY/INTERRUPTION OF PROCEEDINGS DELETED,T,ADMINISTRATIVE PROCEDURE ADJUSTMENT,NEUTRAL,False
1516,EP,25,-,LAPSED IN A CONTRACTING STATE ANNOUNCED VIA POSTGRANT INFORM. FROM NAT. OFFICE TO EPO,LAPSED IN A CONTRACTING STATE ANNOUNCED VIA POSTGRANT INFORM. FROM NAT. OFFICE TO EPO,,,DEAD,False
1517,EP,25N,+,VALID IN ALL DESIGNATED STATES,VALID IN ALL DESIGNATED STATES,,,UNKNOWN,False
1518,EP,26,-,OPPOSITION FILED,OPPOSITION FILED,L,IP RIGHT REVIEW REQUEST,UNKNOWN,False
1519,EP,26D,+,OPPOSITION DEEMED NOT TO HAVE BEEN FILED,OPPOSITION DEEMED NOT TO HAVE BEEN FILED,L,IP RIGHT REVIEW REQUEST,UNKNOWN,False
1520,EP,26N,+,NO OPPOSITION FILED,NO OPPOSITION FILED,L,IP RIGHT REVIEW REQUEST,UNKNOWN,False
1521,EP,26U,+,OPPOSITION FOUND INADMISSIBLE,OPPOSITION FOUND INADMISSIBLE,L,IP RIGHT REVIEW REQUEST,UNKNOWN,False
1522,EP,27A,,PATENT MAINTAINED IN AMENDED FORM,PATENT MAINTAINED IN AMENDED FORM,M,IP RIGHT MAINTENANCE,NEUTRAL,False
1523,EP,27C,+,OPPOSITION PROCEEDINGS TERMINATED,OPPOSITION PROCEEDINGS TERMINATED,L,IP RIGHT REVIEW REQUEST,UNKNOWN,False
1524,EP,27O,+,OPPOSITION REJECTED,OPPOSITION REJECTED,L,IP RIGHT REVIEW REQUEST,UNKNOWN,False
1525,EP,27W,-,PATENT REVOKED,PATENT REVOKED,H,IP RIGHT CESSATION,DEAD,False
1526,EP,28,+,RIGHTS RE-ESTABLISHED AFTER GRANT,RIGHTS RE-ESTABLISHED AFTER GRANT,K,IP RIGHT REVIVAL,ALIVE,False
1527,EP,29A,-,PROCEEDINGS STAYED AFTER GRANT,PROCEEDINGS STAYED AFTER GRANT,T,ADMINISTRATIVE PROCEDURE ADJUSTMENT,UNKNOWN,False
1528,EP,29F,+,PROCEEDINGS RESUMED AFTER GRANT [AFTER STAY OF PROCEEDINGS ACCORDING TO RULE 14 EPC],PROCEEDINGS RESUMED AFTER GRANT [AFTER STAY OF PROCEEDINGS ACCORDING TO RULE 14 EPC],T,ADMINISTRATIVE PROCEDURE ADJUSTMENT,ALIVE,False
1529,EP,29U,-,PROCEEDINGS INTERRUPTED AFTER GRANT ACCORDING TO RULE 142 EPC,PROCEEDINGS INTERRUPTED AFTER GRANT ACCORDING TO RULE 142 EPC,T,ADMINISTRATIVE PROCEDURE ADJUSTMENT,UNKNOWN,False
1530,EP,29W,+,PROCEEDINGS RESUMED AFTER GRANT [AFTER INTERRUPTION OF PROCEEDINGS ACCORDING TO RULE 142 EPC],PROCEEDINGS RESUMED AFTER GRANT [AFTER INTERRUPTION OF PROCEEDINGS ACCORDING TO RULE 142 EPC],T,ADMINISTRATIVE PROCEDURE ADJUSTMENT,ALIVE,False
1531,EP,31I,-,INTERRUPTION,INTERRUPTION,,,UNKNOWN,False
1532,EP,31R,+,RESUMPTION,RESUMPTION,,,ALIVE,False
1533,EP,31S,-,SUSPENSION,SUSPENSION,,,UNKNOWN,False
1534,EP,31W,+,RESUMPTION,RESUMPTION,,,ALIVE,False
1535,EP,32,-,CONVERSION,CONVERSION,,,UNKNOWN,False
1536,EP,32PN,-,PUBLIC NOTIFICATION,PUBLIC NOTIFICATION,W,OTHER,UNKNOWN,False
1537,EP,33,,TRANSFER OF RIGHTS,TRANSFER OF RIGHTS,,,NEUTRAL,False
1538,EP,34E,,"ESTABLISHMENT OF OTHER RIGHTS ""IN REM""","ESTABLISHMENT OF OTHER RIGHTS ""IN REM""",,,NEUTRAL,False
1539,EP,34G,,GRANT OF LICENCES,GRANT OF LICENCES,,,NEUTRAL,False
1540,EP,34L,,LEGAL MEANS OF EXECUTION,LEGAL MEANS OF EXECUTION,,,NEUTRAL,False
1541,EP,34TL,,TRANSFER OF LICENCES,TRANSFER OF LICENCES,,,NEUTRAL,False
1542,EP,34TR,,"TRANSFER OF OTHER RIGHTS ""IN REM""","TRANSFER OF OTHER RIGHTS ""IN REM""",,,NEUTRAL,False
1543,EP,35,,CORRECTION,CORRECTION,,,NEUTRAL,False
1544,EP,710B,,GB: PROCEEDING UNDER RULE 110(4) PATENTS ACT 1977,GB: VERFAHREN UNTER REGEL 110(4) PATENTGESETZ 1977,,,NEUTRAL,False
1545,EP,7119,-,GB: EP PATENT (UK) WITHDRAWN (SECTION 117/1977),GB: EP PATENT (UK) WITHDRAWN (SECTION 117/1977),H,IP RIGHT CESSATION,DEAD,False
1546,EP,A4,+,SUPPLEMENTARY SEARCH REPORT DRAWN UP AND DESPATCHED,SUPPLEMENTARY SEARCH REPORT DRAWN UP AND DESPATCHED,D,SEARCH AND EXAMINATION,PENDING,False
1547,EP,A5,+,SEPARATE PUBLICATION OF THE EP OR INT. SEARCH REPORT,SEPARATE PUBLICATION OF THE EP OR INT. SEARCH REPORT,,,PENDING,False
1548,EP,AC,,DIVISIONAL APPLICATION: REFERENCE TO EARLIER APPLICATION,DIVISIONAL APPLICATION: REFERENCE TO EARLIER APPLICATION,A,APPLICATION FILING,PENDING,False
1549,EP,AF,,NEW APPLICATION ACCORDING TO ART. 61(8) EPC: REFERENCE TO EARLIER DOCUMENT,NEW APPLICATION ACCORDING TO ART. 61(8) EPC: REFERENCE TO EARLIER DOCUMENT,A,APPLICATION FILING,PENDING,False
1550,EP,AK,+,DESIGNATED CONTRACTING STATES,DESIGNATED CONTRACTING STATES,W,OTHER,UNKNOWN,False
1551,EP,AKNL,,NL: CORRECTIONS (PART 1 HEADING G),[NO ORIGINAL LANGUAGE PROVIDED],,,NEUTRAL,False
1552,EP,AKX,+,DESIGNATION FEES PAID,DESIGNATION FEES PAID,U,PAYMENT,UNKNOWN,False
1553,EP,AKY,-,NO DESIGNATION FEES PAID,NO DESIGNATION FEES PAID,U,PAYMENT,UNKNOWN,False
1554,EP,APAA,,APPEAL REFERENCE RECORDED,APPEAL NUMBER,V,APPEAL,NEUTRAL,False
1555,EP,APAB,,APPEAL DOSSIER MODIFIED,CHANGE - APPEAL,V,APPEAL,NEUTRAL,False
1556,EP,APAC,,APPEAL DOSSIER MODIFIED,CHANGE - APPEAL,V,APPEAL,NEUTRAL,False
1557,EP,APAD,,APPEAL REFERENCE RECORDED,CHANGE - APPEAL NUMBER,V,APPEAL,NEUTRAL,False
1558,EP,APAE,,APPEAL REFERENCE MODIFIED,CHANGE - APPEAL NUMBER,V,APPEAL,NEUTRAL,False
1559,EP,APAF,,APPEAL REFERENCE MODIFIED,CHANGE - APPEAL NUMBER,V,APPEAL,NEUTRAL,False
1560,EP,APAG,,APPEAL REFERENCE MODIFIED,CHANGE - APPEAL NUMBER,V,APPEAL,NEUTRAL,False
1561,EP,APAH,,APPEAL REFERENCE MODIFIED,CHANGE - APPEAL NUMBER,V,APPEAL,NEUTRAL,False
1562,EP,APAI,,DATE OF RECEIPT OF NOTICE OF APPEAL MODIFIED,CHANGE: DATE OF RECEIPT OF NOTICE OF APPEAL,V,APPEAL,NEUTRAL,False
1563,EP,APAJ,,DATE OF RECEIPT OF NOTICE OF APPEAL MODIFIED,CHANGE: DATE OF RECEIPT OF NOTICE OF APPEAL,V,APPEAL,NEUTRAL,False
1564,EP,APAK,,DATE OF RECEIPT OF STATEMENT OF GROUNDS OF AN APPEAL MODIFIED,CHANGE: DATE OF RECEIPT OF STATEMENT OF GROUNDS OF AN APPEAL,V,APPEAL,NEUTRAL,False
1565,EP,APAL,,DATE OF RECEIPT OF STATEMENT OF GROUNDS OF AN APPEAL MODIFIED,CHANGE: DATE OF RECEIPT OF STATEMENT OF GROUNDS OF AN APPEAL,V,APPEAL,NEUTRAL,False
1566,EP,APAM,,INFORMATION ON CLOSURE OF APPEAL PROCEDURE MODIFIED,CHANGE: DECISION (+DATE) IN APPEAL PROCEDURE,V,APPEAL,NEUTRAL,False
1567,EP,APAN,,INFORMATION ON CLOSURE OF APPEAL PROCEDURE MODIFIED,CHANGE: DECISION (+DATE) IN APPEAL PROCEDURE,V,APPEAL,NEUTRAL,False
1568,EP,APAO,,INFORMATION ON INTERLOCUTORY REVISION MODIFIED,CHANGE: INTERLOCUTORY REVISION OF APPEAL,V,APPEAL,NEUTRAL,False
1569,EP,APAP,,INFORMATION ON INTERLOCUTORY REVISION MODIFIED,CHANGE: INTERLOCUTORY REVISION OF APPEAL,V,APPEAL,NEUTRAL,False
1570,EP,APAQ,,INFORMATION ON INVITATION TO FILE OBSERVATION IN APPEAL MODIFIED,CHANGE: INVITATION TO FILE OBSERVATIONS IN AN APPEAL + TIME LIMIT,V,APPEAL,NEUTRAL,False
1571,EP,APAR,,INFORMATION ON INVITATION TO FILE OBSERVATION IN APPEAL MODIFIED,CHANGE: INVITATION TO FILE OBSERVATIONS IN AN APPEAL + TIME LIMIT,V,APPEAL,NEUTRAL,False
1572,EP,APAS,,INFORMATION ON RECEIPT OF OBSERVATION IN APPEAL MODIFIED,CHANGE: RECEIPT OF OBSERVATIONS IN AN APPEAL,V,APPEAL,NEUTRAL,False
1573,EP,APAT,,INFORMATION ON RECEIPT OF OBSERVATION IN APPEAL MODIFIED,CHANGE: RECEIPT OF OBSERVATIONS IN AN APPEAL,V,APPEAL,NEUTRAL,False
1574,EP,APAU,,COMMUNICATION FROM THE BOARD OF APPEAL SENT,COMMUNICATIONS FROM THE BOARD OF APPEAL,V,APPEAL,NEUTRAL,False
1575,EP,APAV,,APPEAL REFERENCE DELETED,DELETION: APPEAL NUMBER,V,APPEAL,NEUTRAL,False
1576,EP,APAW,,APPEAL REFERENCE DELETED,DELETION: APPEAL NUMBER,V,APPEAL,NEUTRAL,False
1577,EP,APAX,,DATE OF RECEIPT OF NOTICE OF APPEAL DELETED,DELETION: DATE OF RECEIPT OF NOTICE OF APPEAL,V,APPEAL,NEUTRAL,False
1578,EP,APAY,,DATE OF RECEIPT OF NOTICE OF APPEAL DELETED,DELETION: DATE OF RECEIPT OF NOTICE OF APPEAL,V,APPEAL,NEUTRAL,False
1579,EP,APAZ,,DATE OF RECEIPT OF STATEMENT OF GROUNDS OF APPEAL DELETED,DELETION: DATE OF RECEIPT OF STATEMENT OF GROUNDS OF AN APPEAL,V,APPEAL,NEUTRAL,False
1580,EP,APBA,,DATE OF RECEIPT OF STATEMENT OF GROUNDS OF APPEAL DELETED,DELETION: DATE OF RECEIPT OF STATEMENT OF GROUNDS OF AN APPEAL,V,APPEAL,NEUTRAL,False
1581,EP,APBB,,INFORMATION ON CLOSURE OF APPEAL PROCEDURE DELETED,DELETION: DECISION (+DATE) IN APPEAL PROCEDURE,V,APPEAL,NEUTRAL,False
1582,EP,APBC,,INFORMATION ON CLOSURE OF APPEAL PROCEDURE DELETED,DELETION: DECISION (+DATE) IN APPEAL PROCEDURE,V,APPEAL,NEUTRAL,False
1583,EP,APBD,,INFORMATION ON INTERLOCUTORY REVISION DELETED,DELETION: INTERLOCUTORY REVISION OF APPEAL,V,APPEAL,NEUTRAL,False
1584,EP,APBE,,INFORMATION ON INTERLOCUTORY REVISION DELETED,DELETION: INTERLOCUTORY REVISION OF APPEAL,V,APPEAL,NEUTRAL,False
1585,EP,APBF,,INFORMATION ON INVITATION TO FILE OBSERVATION IN APPEAL DELETED,DELETION: INVITATION TO FILE OBSERVATIONS IN AN APPEAL + TIME LIMIT,V,APPEAL,NEUTRAL,False
1586,EP,APBG,,INFORMATION ON INVITATION TO FILE OBSERVATION IN APPEAL DELETED,DELETION: INVITATION TO FILE OBSERVATIONS IN AN APPEAL + TIME LIMIT,V,APPEAL,NEUTRAL,False
1587,EP,APBH,,INFORMATION ON RECEIPT OF OBSERVATION IN APPEAL DELETED,DELETION: RECEIPT OF OBSERVATIONS IN AN APPEAL,V,APPEAL,NEUTRAL,False
1588,EP,APBI,,INFORMATION ON RECEIPT OF OBSERVATION IN APPEAL DELETED,DELETION: RECEIPT OF OBSERVATIONS IN AN APPEAL,V,APPEAL,NEUTRAL,False
1589,EP,APBJ,,INTERLOCUTORY REVISION OF APPEAL RECORDED,INTERLOCUTORY REVISION OF APPEAL,V,APPEAL,NEUTRAL,False
1590,EP,APBK,,APPEAL REFERENCE RECORDED,NEW ENTRY: APPEAL NUMBER,V,APPEAL,NEUTRAL,False
1591,EP,APBL,,APPEAL REFERENCE RECORDED,NEW ENTRY: APPEAL NUMBER,V,APPEAL,NEUTRAL,False
1592,EP,APBM,,APPEAL REFERENCE RECORDED,NEW ENTRY: APPEAL NUMBER,V,APPEAL,NEUTRAL,False
1593,EP,APBN,,DATE OF RECEIPT OF NOTICE OF APPEAL RECORDED,NEW ENTRY: DATE OF RECEIPT OF NOTICE OF APPEAL,V,APPEAL,NEUTRAL,False
1594,EP,APBO,,DATE OF RECEIPT OF NOTICE OF APPEAL RECORDED,NEW ENTRY: DATE OF RECEIPT OF NOTICE OF APPEAL,V,APPEAL,NEUTRAL,False
1595,EP,APBP,,DATE OF RECEIPT OF NOTICE OF APPEAL RECORDED,NEW ENTRY: DATE OF RECEIPT OF NOTICE OF APPEAL,V,APPEAL,NEUTRAL,False
1596,EP,APBQ,,DATE OF RECEIPT OF STATEMENT OF GROUNDS OF APPEAL RECORDED,NEW ENTRY: DATE OF RECEIPT OF STATEMENT OF GROUNDS OF AN APPEAL,V,APPEAL,NEUTRAL,False
1597,EP,APBR,,DATE OF RECEIPT OF STATEMENT OF GROUNDS OF APPEAL RECORDED,NEW ENTRY: DATE OF RECEIPT OF STATEMENT OF GROUNDS OF APPEAL,V,APPEAL,NEUTRAL,False
1598,EP,APBS,,DATE OF RECEIPT OF STATEMENT OF GROUNDS OF APPEAL RECORDED,NEW ENTRY: DATE OF RECEIPT OF STATEMENT OF GROUNDS OF APPEAL,V,APPEAL,NEUTRAL,False
1599,EP,APBT,,APPEAL PROCEDURE CLOSED,NEW ENTRY: DECISION (+DATE) IN APPEAL PROCEDURE,V,APPEAL,NEUTRAL,False
1600,EP,APBU,,APPEAL PROCEDURE CLOSED,NEW ENTRY: DECISION (+DATE) IN APPEAL PROCEDURE,V,APPEAL,NEUTRAL,False
1601,EP,APBV,,INTERLOCUTORY REVISION OF APPEAL RECORDED,NEW ENTRY: INTERLOCUTORY REVISION OF APPEAL,V,APPEAL,NEUTRAL,False
1602,EP,APBW,,INTERLOCUTORY REVISION OF APPEAL RECORDED,NEW ENTRY: INTERLOCUTORY REVISION OF APPEAL,V,APPEAL,NEUTRAL,False
1603,EP,APBX,,INVITATION TO FILE OBSERVATIONS IN APPEAL SENT,NEW ENTRY: INVITATION TO FILE OBSERVATIONS IN AN APPEAL + TIME LIMIT,V,APPEAL,NEUTRAL,False
1604,EP,APBY,,INVITATION TO FILE OBSERVATIONS IN APPEAL SENT,NEW ENTRY: INVITATION TO FILE OBSERVATIONS IN AN APPEAL + TIME LIMIT,V,APPEAL,NEUTRAL,False
1605,EP,APBZ,,RECEIPT OF OBSERVATIONS IN APPEAL RECORDED,NEW ENTRY: RECEIPT OF OBSERVATIONS IN AN APPEAL,V,APPEAL,NEUTRAL,False
1606,EP,APCA,,RECEIPT OF OBSERVATIONS IN APPEAL RECORDED,NEW ENTRY: RECEIPT OF OBSERVATIONS IN AN APPEAL,V,APPEAL,NEUTRAL,False
1607,EP,APCB,,COMMUNICATION FROM THE BOARD OF APPEAL SENT,OBSERVATIONS IN AN APPEAL,V,APPEAL,NEUTRAL,False
1608,EP,APCC,,COMMUNICATION FROM THE BOARD OF APPEAL SENT,OBSERVATIONS IN AN APPEAL,V,APPEAL,NEUTRAL,False
1609,EP,AV,+,REQUEST FOR VALIDATION OF THE EUROPEAN PATENT,REQUEST FOR VALIDATION OF THE EUROPEAN PATENT,W,OTHER,ALIVE,False
1610,EP,AX,+,REQUEST FOR EXTENSION OF THE EUROPEAN PATENT,REQUEST FOR EXTENSION OF THE EUROPEAN PATENT,W,OTHER,UNKNOWN,False
1611,EP,AXX,+,EXTENSION FEES PAID,EXTENSION FEES PAID,U,PAYMENT,UNKNOWN,False
1612,EP,B1DE,-,PUBLICATION OF PATENT CANCELLED,DELETION OF B1 DOCUMENT,Q,DOCUMENT PUBLICATION,DEAD,False
1613,EP,B565,,ISSUANCE OF SEARCH RESULTS UNDER RULE 164(2) EPC,ISSUANCE OF SEARCH RESULTS UNDER RULE 164(2) EPC,D,SEARCH AND EXAMINATION,PENDING,False
1614,EP,BE20,-,BE: PATENT EXPIRED,BE: BREVET ECHU,H,IP RIGHT CESSATION,DEAD,False
1615,EP,BECA,,BE: CHANGE OF HOLDER'S ADDRESS,BE: CHANGEMENT D'ADRESSE DE TITULAIRE DE BREVET,R,PARTY DATA CHANGE,NEUTRAL,False
1616,EP,BECH,,BE: CHANGE OF HOLDER,BE: CHANGEMENT DE TITULAIRE DE BREVET,R,PARTY DATA CHANGE,NEUTRAL,False
1617,EP,BECN,,BE: CHANGE OF HOLDER'S NAME,BE: CHANGEMENT DE NOM DE TITULAIRE DE BREVET,R,PARTY DATA CHANGE,NEUTRAL,False
1618,EP,BERE,-,BE: LAPSED,BE: DECHU,H,IP RIGHT CESSATION,DEAD,False
1619,EP,BERR,+,BE: REESTABLISHED,BE: BREVET DECHU DONT LA RESTAURATION A ETE OBTENUE,K,IP RIGHT REVIVAL,ALIVE,False
1620,EP,CCHV,+,BE: GRANT OF A COMPLEMENTARY PROTECTION CERTIFICATE FOR HERBICIDES,BE: DELIVRANCE D'UN CERTIFICAT COMPLEMENTAIRE DE PROTECTION POUR           PHYTOPHARMACEUTIQUES,G,PROTECTION BEYOND IP RIGHT TERM,ALIVE,False
1621,EP,CCPA,,BE: APPLICATION FOR A COMPLEMENTARY PROTECTION CERTIFICATE,BE: DEMANDE POUR UN CERTIFICAT COMPLEMENTAIRE DE PROTECTION,,,PENDING,False
1622,EP,CCPR,-,BE: REJECTION OF A COMPLEMENTARY PROTECTION CERTIFICATE,BE: CERTIFICAT COMPLEMENTAIRE DE PROTECTION REJETE,,,UNKNOWN,False
1623,EP,CCPT,-,BE: WITHDRAWAL OF A COMPLEMENTARY PROTECTION CERTIFICATE,BE: CERTIFICAT COMPLEMENTAIRE DE PROTECTION RETIRE,,,DEAD,False
1624,EP,CCPV,+,BE: GRANT OF A COMPLEMENTARY PROTECTION CERTIFICATE,BE: DELIVRANCE D'UN CERTIFICAT COMPLEMENTAIRE DE PROTECTION,G,PROTECTION BEYOND IP RIGHT TERM,ALIVE,False
1625,EP,CCRE,-,BE: EXPIRY OF A COMPLEMENTARY PROTECTION CERTIFICATE,BE: CERTIFICAT COMPLEMENTAIRE DE PROTECTION DECHU,H,IP RIGHT CESSATION,DEAD,False
1626,EP,CND3,,COPIED FROM NATIONAL REGISTER ON DEMAND OF THIRD PARTY,COPIED FROM NATIONAL REGISTER ON DEMAND OF THIRD PARTY,W,OTHER,NEUTRAL,False
1627,EP,CRD3,,COPY OF EPO REGISTER ON DEMAND OF THIRD PARTY,COPY OF EPO REGISTER ON DEMAND OF THIRD PARTY,W,OTHER,NEUTRAL,False
1628,EP,D11X,,INFORMATION PROVIDED ON OTHER RIGHTS AND LEGAL MEANS OF EXECUTION (DELETED),INFORMATION PROVIDED ON OTHER RIGHTS AND LEGAL MEANS OF EXECUTION (DELETED),Y,CORRECTION AND DELETION OF EVENT INFORMATION,NEUTRAL,False
1629,EP,D17D,,DEFERRED SEARCH REPORT PUBLISHED (DELETED),DEFERRED SEARCH REPORT PUBLISHED (DELETED),Y,CORRECTION AND DELETION OF EVENT INFORMATION,NEUTRAL,False
1630,EP,D17P,,REQUEST FOR EXAMINATION FILED (DELETED),REQUEST FOR EXAMINATION FILED (DELETED),Y,CORRECTION AND DELETION OF EVENT INFORMATION,PENDING,False
1631,EP,D17Q,,FIRST EXAMINATION REPORT DESPATCHED (DELETED),FIRST EXAMINATION REPORT DESPATCHED (DELETED),Y,CORRECTION AND DELETION OF EVENT INFORMATION,PENDING,False
1632,EP,D18D,,APPLICATION DEEMED TO BE WITHDRAWN (DELETED),APPLICATION DEEMED TO BE WITHDRAWN (DELETED),Y,CORRECTION AND DELETION OF EVENT INFORMATION,PENDING,False
1633,EP,D18R,,APPLICATION REFUSED (DELETED),APPLICATION REFUSED (DELETED),Y,CORRECTION AND DELETION OF EVENT INFORMATION,PENDING,False
1634,EP,D18W,,APPLICATION WITHDRAWN (DELETED),APPLICATION WITHDRAWN (DELETED),Y,CORRECTION AND DELETION OF EVENT INFORMATION,PENDING,False
1635,EP,D18Z,,REQUEST FILED FOR RE-ESTABLISHMENT OF RIGHTS BEFORE GRANT (DELETED),REQUEST FILED FOR RE-ESTABLISHMENT OF RIGHTS BEFORE GRANT (DELETED),Y,CORRECTION AND DELETION OF EVENT INFORMATION,NEUTRAL,False
1636,EP,D19F,,RESUMPTION OF PROCEEDINGS (AFTER INTERRUPTION OF PROCEEDINGS) (CORRECTION),RESUMPTION OF PROCEEDINGS (AFTER INTERRUPTION OF PROCEEDINGS) (CORRECTION),Y,CORRECTION AND DELETION OF EVENT INFORMATION,NEUTRAL,False
1637,EP,D20,,CORRECTIONS OF A PATENT SPECIFICATION (DELETED),CORRECTIONS OF A PATENT SPECIFICATION (DELETED),,,NEUTRAL,False
1638,EP,D25,+,LAPSED IN A CONTRACTING STATE (DELETED),LAPSED IN A CONTRACTING STATE (DELETED),,,UNKNOWN,False
1639,EP,D26,,OPPOSITION FILED (DELETED),OPPOSITION FILED (DELETED),Y,CORRECTION AND DELETION OF EVENT INFORMATION,NEUTRAL,False
1640,EP,D26N,,NO OPPOSITION FILED (DELETED),NO OPPOSITION FILED (DELETED),Y,CORRECTION AND DELETION OF EVENT INFORMATION,NEUTRAL,False
1641,EP,D27A,,PATENT MAINTAINED IN AMENDED FORM (DELETED),PATENT MAINTAINED IN AMENDED FORM (DELETED),Y,CORRECTION AND DELETION OF EVENT INFORMATION,NEUTRAL,False
1642,EP,D27C,,OPPOSITION PROCEEDINGS TERMINATED (DELETED),OPPOSITION PROCEEDINGS TERMINATED (DELETED),Y,CORRECTION AND DELETION OF EVENT INFORMATION,NEUTRAL,False
1643,EP,D27O,,INFORMATION RELATED TO THE REJECTION OF OPPOSITION DELETED,INFORMATION RELATED TO THE REJECTION OF OPPOSITION DELETED,Y,CORRECTION AND DELETION OF EVENT INFORMATION,NEUTRAL,False
1644,EP,D27W,,PATENT REVOKED (DELETED),PATENT REVOKED (DELETED),Y,CORRECTION AND DELETION OF EVENT INFORMATION,NEUTRAL,False
1645,EP,D565,,INFORMATION ON THE ISSUANCE OF SEARCH RESULTS UNDER RULE 164(2) EPC DELETED,INFORMATION ON THE ISSUANCE OF SEARCH RESULTS UNDER RULE 164(2) EPC DELETED,Y,CORRECTION AND DELETION OF EVENT INFORMATION,NEUTRAL,False
1646,EP,D8RA,,REQUEST FILED FOR RE-ESTABLISHMENT OF RIGHTS AFTER GRANT (DELETED),REQUEST FILED FOR RE-ESTABLISHMENT OF RIGHTS AFTER GRANT (DELETED),Y,CORRECTION AND DELETION OF EVENT INFORMATION,NEUTRAL,False
1647,EP,DA1,,APPLICATION PUBLISHED (DELETED),APPLICATION PUBLISHED (DELETED),Y,CORRECTION AND DELETION OF EVENT INFORMATION,PENDING,False
1648,EP,DA4,,SUPPLEMENTARY SEARCH REPORT DRAWN UP AND DESPATCHED (DELETED),SUPPLEMENTARY SEARCH REPORT DRAWN UP AND DESPATCHED (DELETED),Y,CORRECTION AND DELETION OF EVENT INFORMATION,NEUTRAL,False
1649,EP,DAC,,DIVISIONAL APPLICATION: REFERENCE TO EARLIER APPLICATION (DELETED),DIVISIONAL APPLICATION: REFERENCE TO EARLIER APPLICATION (DELETED),Y,CORRECTION AND DELETION OF EVENT INFORMATION,PENDING,False
1650,EP,DAF,,NEW APPLICATION ACCORDING TO ART. 61(8) EPC: REFERENCE TO EARLIER DOCUMENT (DELETED),NEW APPLICATION ACCORDING TO ART. 61(8) EPC: REFERENCE TO EARLIER DOCUMENT (DELETED),Y,CORRECTION AND DELETION OF EVENT INFORMATION,PENDING,False
1651,EP,DAHF,,DIVISIONAL APPLICATION (ART 76) IN: (DELETED),DIVISIONAL APPLICATION (ART 76) IN: (DELETED),Y,CORRECTION AND DELETION OF EVENT INFORMATION,PENDING,False
1652,EP,DAV,,REQUEST FOR VALIDATION OF THE EUROPEAN PATENT (DELETED),REQUEST FOR VALIDATION OF THE EUROPEAN PATENT (DELETED),Y,CORRECTION AND DELETION OF EVENT INFORMATION,NEUTRAL,False
1653,EP,DAX,,REQUEST FOR EXTENSION OF THE EUROPEAN PATENT (DELETED),REQUEST FOR EXTENSION OF THE EUROPEAN PATENT (DELETED),Y,CORRECTION AND DELETION OF EVENT INFORMATION,NEUTRAL,False
1654,EP,DB1,-,PUBLICATION OF PATENT CANCELLED,B1 DOCUMENT DELETED,Q,DOCUMENT PUBLICATION,DEAD,False
1655,EP,DB2,,B2 DOCUMENT PUBLISHED (DELETED),B2 DOCUMENT PUBLISHED (DELETED),Y,CORRECTION AND DELETION OF EVENT INFORMATION,NEUTRAL,True
1656,EP,DBV,+,DESIGNATED CONTRACTING STATES (DELETED),DESIGNATED CONTRACTING STATES (DELETED),Y,CORRECTION AND DELETION OF EVENT INFORMATION,NEUTRAL,False
1657,EP,DET,,DE: TRANSLATION OF PATENT CLAIMS,DE: UEBERSETZUNG DER PATENTANSPRUECHE,W,OTHER,NEUTRAL,False
1658,EP,DIN1,,INFORMATION ON INVENTOR PROVIDED BEFORE GRANT (DELETED),INFORMATION ON INVENTOR PROVIDED BEFORE GRANT (DELETED),Y,CORRECTION AND DELETION OF EVENT INFORMATION,NEUTRAL,False
1659,EP,DIN2,,INFORMATION ON INVENTOR PROVIDED AFTER GRANT (DELETED),INFORMATION ON INVENTOR PROVIDED AFTER GRANT (DELETED),Y,CORRECTION AND DELETION OF EVENT INFORMATION,NEUTRAL,False
1660,EP,DX,,MISCELLANEOUS (DELETED),MISCELLANEOUS (DELETED),Y,CORRECTION AND DELETION OF EVENT INFORMATION,NEUTRAL,False
1661,EP,EAL,+,SE: EUROPEAN PATENT IN FORCE IN SWEDEN,SE: EUROPEISKT PATENT GAELLANDE I SVERIGE,,,ALIVE,False
1662,EP,EL,+,FR: TRANSLATION OF CLAIMS FILED,FR: TRADUCTION DES REVENDICATIONS A ETE REMISE,W,OTHER,NEUTRAL,False
1663,EP,EL1,+,FR: TRANSLATION OR CORRECTED TRANSLATION OF CLAIMS FILED,FR: TRADUCTION ET EVENTUELLEMENT TRADUCTION REVISEE DES REVENDICATIONS ** REVISION DE LA TRADUCTION OU DES REVENDICATIONS,W,OTHER,NEUTRAL,False
1664,EP,EM,+,FR: REVISED TRANSLATION OF CLAIMS FILED,FR: TRADUCTION REVISEE DES REVENDICATIONS A ETE REMISE,W,OTHER,NEUTRAL,False
1665,EP,EN,-,FR: TRANSLATION NOT FILED,FR: TRADUCTION N'A PAS ETE REMISE,W,OTHER,UNKNOWN,False
1666,EP,EN3,-,FR: TRANSLATION NOT FILED ** DECISION CONCERNING OPPOSITION,FR: TRADUCTION N'A PAS ETE REMISE ** DECISION CONCERNANT L'OPPOSITION,W,OTHER,UNKNOWN,False
1667,EP,EN4,+,FR: NOTIFICATION OF NON FILING TRANSLATION IN AN EARLIER BOPI IS ERRONEOUS,FR: LA MENTION DE LA NON REMISE DANS UN BOPI PRECEDANT EST ERRONEE,Y,CORRECTION AND DELETION OF EVENT INFORMATION,NEUTRAL,False
1668,EP,EPTA,+,LU: LAST PAID ANNUAL FEE,LU: DERNIER PAYEMENT D'UNE TAXE ANNUELE,,,UNKNOWN,False
1669,EP,ET,+,FR: TRANSLATION FILED,FR: TRADUCTION A ETE REMISE,W,OTHER,NEUTRAL,False
1670,EP,ET1,+,FR: TRANSLATION FILED ** REVISION OF THE TRANSLATION OF THE PATENT OR THE CLAIMS,FR: TRADUCTION A ETE REMISE ** REVISION DE LA TRADUCTION DU BREVET OU DES REVENDICATIONS,W,OTHER,NEUTRAL,False
1671,EP,ET2,+,FR: TRANSLATION FILED ** REVISION OF THE TRANSLATION OF THE MODIFIED PATENT AFTER OPPOSITION,FR: TRADUCTION A ETE REMISE ** REVISION DE LA TRADUCTION DU BREVET MODIFIE APRES OPPOSITION,W,OTHER,NEUTRAL,False
1672,EP,ET3,+,FR: TRANSLATION FILED ** DECISION CONCERNING OPPOSITION,FR: TRADUCTION A ETE REMISE ** DECISION CONCERNANT L'OPPOSITION,W,OTHER,NEUTRAL,False
1673,EP,ETR,+,FR: TRANSLATION FILED ** RESTORATION OF THE RIGHT,FR: TRADUCTION A ETE REMISE ** RESTAURATION DANS LES DROITS,,,ALIVE,False
1674,EP,EUG,-,SE: EUROPEAN PATENT HAS LAPSED,SE: EUROPEISKT PATENT HAR UPPHOERT ATT GAELLA,H,IP RIGHT CESSATION,DEAD,False
1675,EP,FDY,-,FILE DESTROYED,FILE DESTROYED,W,OTHER,UNKNOWN,False
1676,EP,FIT,,IT: SUPPLEMENTARY PROTECTION CERTIFICATE FOR HERBICIDAL PRODUCTS: NO ACTION TAKEN,IT: SUPPLEMENTARY PROTECTION CERTIFICATE FOR HERBICIDAL PRODUCTS: NO ACTION TAKEN,G,PROTECTION BEYOND IP RIGHT TERM,NEUTRAL,False
1677,EP,FITB,-,IT: SUPPLEMENTARY PROTECTION CERTIFICATE FOR HERBICIDAL PRODUCTS: SUSPENDED,IT: SUPPLEMENTARY PROTECTION CERTIFICATE FOR HERBICIDAL PRODUCTS: SUSPENDED,T,ADMINISTRATIVE PROCEDURE ADJUSTMENT,UNKNOWN,False
1678,EP,FITD,+,IT: SUPPLEMENTARY PROTECTION CERTIFICATE FOR HERBICIDAL PRODUCTS: GRANTED,IT: SUPPLEMENTARY PROTECTION CERTIFICATE FOR HERBICIDAL PRODUCTS: GRANTED,G,PROTECTION BEYOND IP RIGHT TERM,ALIVE,False
1679,EP,GBA,+,GB: TRANSLATION AMENDED (GB SECTION 77(6)(A)/1977),GB: TRANSLATION AMENDED (GB SECT. 77(6)(A)/1977),,,UNKNOWN,False
1680,EP,GBAT,+,GB: AMENDMENT OF TRANSLATION ALLOWED (OF EP PATENT) (GB SECT. 80(3)/1977),GB: AMENDMENT OF TRANSLATION ALLOWED (OF EP PATENT) (GB SECT. 80(3)/1977),W,OTHER,UNKNOWN,False
1681,EP,GBAW,-,GB: APPLICATION WITHDRAWN,GB: APPLICATION WITHDRAWN,,,PENDING,False
1682,EP,GBC,+,GB: TRANSLATION OF CLAIMS FILED (GB SECTION 78(7)/1977),GB: TRANSLATION OF CLAIMS FILED (GB SECT. 78(7)/1977),W,OTHER,NEUTRAL,False
1683,EP,GBC8,+,GB: TRANSLATION OF CLAIMS FILED (GB SECTION 80(3)/1977),GB: TRANSLATION OF CLAIMS FILED (GB SECT. 80(3)/1977),,,NEUTRAL,False
1684,EP,GBCC,+,GB: CORRECTED TRANSLATION (OF CLAIMS) FILED (GB SECTION 80(3)/1977),GB: CORRECTED TRANSLATION (OF CLAIMS) FILED (GB SECT. 80(3)/1977),W,OTHER,UNKNOWN,False
1685,EP,GBDL,+,"GB: DELETE ""EUROPEAN PATENT CEASED"" FROM JOURNAL","GB: DELETE ""EUROPEAN PATENT CEASED"" FROM JOURNAL",,,UNKNOWN,False
1686,EP,GBDW,-,GB: GB DESIGNATION WITHDRAWN,GB: GB DESIGNATION WITHDRAWN,W,OTHER,UNKNOWN,False
1687,EP,GBGD,-,GB: DATE OF PUBLICATION OF THE NEW SPECIFICATION OF THE PATENT UNDER ARTICLE 103 (1977) ** GRANT DATE WITHDRAWN,GB: DATE OF PUB. OF THE NEW SPEC. OF THE PATENT UNDER ART. 103 (1977) ** GRANT DATE WITHDRAWN,,,PENDING,False
1688,EP,GBGR,-,GB: GRANT DATE REVOKED,GB: GRANT DATE REVOKED,,,DEAD,False
1689,EP,GBGW,-,GB: GRANT DATE WITHDRAWN,GB: GRANT DATE WITHDRAWN,,,UNKNOWN,False
1690,EP,GBPC,-,GB: EUROPEAN PATENT CEASED THROUGH NON-PAYMENT OF RENEWAL FEE,GB: EUROPEAN PATENT CEASED THROUGH NON-PAYMENT OF RENEWAL FEE,H,IP RIGHT CESSATION,DEAD,False
1691,EP,GBPR,-,GB: PATENT REVOKED UNDER ART. 102 OF THE EP CONVENTION DESIGNATING THE UK AS CONTRACTING STATE,GB: PATENT REVOKED UNDER ART. 102 OF THE EP CONVENTION DESIGNATING THE UK AS CONTRACTING STATE,H,IP RIGHT CESSATION,DEAD,False
1692,EP,GBRH,+,GB: EP (UK) PATENT REINSTATED (GB RULE 100),GB: EP (UK) PATENT REINSTATED (GB RULE 100),,,ALIVE,False
1693,EP,GBRI,+,GB: EP (UK) PATENT REINSTATED (GB RULE 110(3)A/1987),GB: EP (UK) PATENT REINSTATED (GB RULE 110(3)A/1987),,,ALIVE,False
1694,EP,GBRJ,,GB: REINSTATED UNDER RULE 110(4) - ALTERATION OF TIME LIMITS,GB: REINSTATED UNDER RULE 110(4) - ALTERATION OF TIME LIMITS,T,ADMINISTRATIVE PROCEDURE ADJUSTMENT,NEUTRAL,False
1695,EP,GBT,+,GB: TRANSLATION OF EP PATENT FILED (GB SECTION 77(6)(A)/1977),GB: TRANSLATION OF EP PATENT FILED (GB SECT. 77(6)(A)/1977),W,OTHER,UNKNOWN,False
1696,EP,GBT8,+,GB: TRANSLATION FILED (GB SECTION 80(3)/1977),GB: TRANSLATION FILED (GB SECT. 80(3)/1977),W,OTHER,NEUTRAL,False
1697,EP,GBTA,+,GB: TRANSLATION OF AMENDED EP PATENT FILED (GB SECTION 77(6)(B)/1977),GB: TRANSLATION OF AMENDED EP PATENT FILED (GB SECT. 77(6)(B)/1977),W,OTHER,UNKNOWN,False
1698,EP,GBTC,+,GB: CORRECTED TRANSLATION (OF EP PATENT) FILED (GB SECTION 80(3)/1977),GB: CORRECTED TRANSLATION (OF EP PATENT) FILED (GB SECT. 80(3)/1977),W,OTHER,UNKNOWN,False
1699,EP,GBTH,,GB: TRANSLATIONS FILED: AMENDED EUROPEAN PATENTS - CORRECTION,GB: TRANSLATIONS FILED: AMENDED EUROPEAN PATENTS - CORRECTION,,,NEUTRAL,False
1700,EP,GBV,-,GB: EP PATENT (UK) TREATED AS ALWAYS HAVING BEEN VOID IN ACCORDANCE WITH GB SECTION 77(7)/1977 [NO TRANSLATION FILED],GB: EP PATENT (UK) TREATED AS ALWAYS HAVING BEEN VOID IN ACCORDANCE WITH GB SECT. 77(7)/1977,H,IP RIGHT CESSATION,DEAD,False
1701,EP,GRAA,+,(EXPECTED) GRANT,(EXPECTED) GRANT,F,IP RIGHT GRANT,ALIVE,False
1702,EP,GRAB,,INFORMATION RELATED TO APPROVAL FOLLOWING COMMUNICATION OF INTENTION TO GRANT MODIFIED,CHANGE: APPROVAL (YES/NO) AFTER COMMUNICATION OF INTENTION TO GRANT,Y,CORRECTION AND DELETION OF EVENT INFORMATION,NEUTRAL,False
1703,EP,GRAC,,INFORMATION RELATED TO COMMUNICATION OF INTENTION TO GRANT A PATENT MODIFIED,CHANGE: COMMUNICATION OF INTENTION TO GRANT A PATENT,Y,CORRECTION AND DELETION OF EVENT INFORMATION,NEUTRAL,False
1704,EP,GRAD,,INFORMATION RELATED TO INTENTION TO GRANT A PATENT MODIFIED,CHANGE: INFORMATION ABOUT INTENTION TO GRANT A PATENT,Y,CORRECTION AND DELETION OF EVENT INFORMATION,NEUTRAL,False
1705,EP,GRAE,,INFORMATION RELATED TO CORRECTION AFTER DECISION TO GRANT OR AFTER DECISION TO MAINTAIN PATENT IN AMENDED FORM MODIFIED,CHANGE: REQUEST FILED FOR CORRECTION OF THE DECISION TO GRANT,Y,CORRECTION AND DELETION OF EVENT INFORMATION,NEUTRAL,True
1706,EP,GRAF,,INFORMATION RELATED TO PAYMENT OF GRANT FEE MODIFIED,CHANGE: PAYMENT OF FEE FOR GRANT,Y,CORRECTION AND DELETION OF EVENT INFORMATION,NEUTRAL,False
1707,EP,GRAG,+,DESPATCH OF COMMUNICATION OF INTENTION TO GRANT,COMMUNICATION OF INTENTION TO GRANT,D,SEARCH AND EXAMINATION,ALIVE,False
1708,EP,GRAH,+,DESPATCH OF COMMUNICATION OF INTENTION TO GRANT A PATENT,COMMUNICATION OF INTENTION TO GRANT A PATENT,D,SEARCH AND EXAMINATION,ALIVE,False
1709,EP,GRAI,,INFORMATION RELATED TO APPROVAL/DISAPPROVAL FOLLOWING COMMUNICATION OF INTENTION TO GRANT DELETED,DELETION: APPROVAL (YES/NO) AFTER COMMUNICATION OF INTENTION TO GRANT,Y,CORRECTION AND DELETION OF EVENT INFORMATION,NEUTRAL,False
1710,EP,GRAJ,,INFORMATION RELATED TO DISAPPROVAL OF COMMUNICATION OF INTENTION TO GRANT BY THE APPLICANT OR RESUMPTION OF EXAMINATION PROCEEDINGS BY THE EPO DELETED,DELETION - DISAPPROVAL OF THE COMMUNICATION OF INTENTION TO GRANT THE PATENT BY THE APPLICANT OR RESUMPTION OF EXAMINATION PROCEEDINGS BY THE EPO,Y,CORRECTION AND DELETION OF EVENT INFORMATION,PENDING,False
1711,EP,GRAK,,INFORMATION RELATED TO DESPATCH OF COMMUNICATION OF INTENTION TO GRANT DELETED,DELETION: DESPATCH OF COMMUNICATION OF INTENTION TO GRANT,Y,CORRECTION AND DELETION OF EVENT INFORMATION,NEUTRAL,False
1712,EP,GRAL,,INFORMATION RELATED TO PAYMENT OF FEE FOR PUBLISHING/PRINTING DELETED,DELETION: PAYMENT OF FEE FOR PUBLISHING/PRINTING,Y,CORRECTION AND DELETION OF EVENT INFORMATION,NEUTRAL,False
1713,EP,GRAM,,INFORMATION RELATED TO CORRECTION AFTER DECISION AFTER DECISION TO GRANT OR TO MAINTAIN PATENT IN AMENDED FORM DELETED,DELETION: REQUEST FILED FOR CORRECTION OF THE DECISION TO GRANT,Y,CORRECTION AND DELETION OF EVENT INFORMATION,NEUTRAL,True
1714,EP,GRAN,,INFORMATION RELATED TO APPROVAL FOLLOWING COMMUNICATION OF INTENTION TO GRANT DELETED,DELETION: SUBSEQUENT APPROVAL FOLLOWING COMMUNICATION OF INTENTION TO GRANT,Y,CORRECTION AND DELETION OF EVENT INFORMATION,NEUTRAL,False
1715,EP,GRAO,,APPROVAL/DISAPPROVAL FOLLOWING COMMUNICATION OF INTENTION TO GRANT,NEW ENTRY: APPROVAL (YES/NO) AFTER COMMUNICATION OF INTENTION TO GRANT,D,SEARCH AND EXAMINATION,PENDING,False
1716,EP,GRAP,+,DESPATCH OF COMMUNICATION OF INTENTION TO GRANT A PATENT,NEW ENTRY: COMMUNICATION OF INTENTION TO GRANT A PATENT,D,SEARCH AND EXAMINATION,ALIVE,False
1717,EP,GRAQ,+,DESPATCH OF COMMUNICATION OF INTENTION TO GRANT,NEW ENTRY: DESPATCH OF COMMUNICATION OF INTENTION TO GRANT,D,SEARCH AND EXAMINATION,ALIVE,False
1718,EP,GRAR,+,INFORMATION RELATED TO INTENTION TO GRANT A PATENT RECORDED,NEW ENTRY: INFORMATION ABOUT INTENTION TO GRANT A PATENT,D,SEARCH AND EXAMINATION,ALIVE,False
1719,EP,GRAS,+,GRANT FEE PAID,NEW ENTRY: PAYMENT OF FEE FOR GRANT,U,PAYMENT,ALIVE,False
1720,EP,GRAT,,CORRECTION REQUESTED AFTER DECISION TO GRANT OR AFTER DECISION TO MAINTAIN PATENT IN AMENDED FORM,NEW ENTRY: REQUEST FILED FOR CORRECTION OF THE DECISION TO GRANT,Y,CORRECTION AND DELETION OF EVENT INFORMATION,NEUTRAL,True
1721,EP,GRAU,+,APPROVAL FOLLOWING COMMUNICATION OF INTENTION TO GRANT,NEW ENTRY: SUBSEQUENT APPROVAL FOLLOWING COMMUNICATION OF INTENTION TO GRANT,F,IP RIGHT GRANT,ALIVE,False
1722,EP,IECL,+,IE: TRANSLATION FOR EP CLAIMS FILED,IE: TRANSLATION FOR EP CLAIMS FILED,W,OTHER,UNKNOWN,False
1723,EP,INTC,,INTENTION TO GRANT ANNOUNCED (DELETED),INTENTION TO GRANT ANNOUNCED (DELETED),Y,CORRECTION AND DELETION OF EVENT INFORMATION,NEUTRAL,False
1724,EP,INTG,+,INTENTION TO GRANT ANNOUNCED,INTENTION TO GRANT ANNOUNCED,D,SEARCH AND EXAMINATION,ALIVE,False
1725,EP,ITCL,+,IT: TRANSLATION FOR EP CLAIMS FILED,IT: DEPOSITO TRADUZIONE DI RIVENDICAZIONI EUROPEE,W,OTHER,UNKNOWN,False
1726,EP,ITCP,,IT: SUPPLEMENTARY PROTECTION CERTIFICATE,IT: CERTIFICATO COMPLEMENTARE DI PROTEZIONE,,,NEUTRAL,False
1727,EP,ITF,+,IT: TRANSLATION FOR A EP PATENT FILED,IT: DEPOSITO TRADUZIONE DI BREVETTO EUROPEO,W,OTHER,UNKNOWN,False
1728,EP,ITPR,,IT: CHANGES IN OWNERSHIP OF A EUROPEAN PATENT,IT: TRASCRIZIONI DI BREVETTO EUROPEO,R,PARTY DATA CHANGE,NEUTRAL,False
1729,EP,ITTA,,IT: LAST PAID ANNUAL FEE,IT: TASSA ANNUALE ULTIMO PAGAMENTO,,,NEUTRAL,False
1730,EP,K1C0,,CORRECTION OF PATENT APPLICATION (TITLE PAGE) PUBLISHED (DELETED),CORRECTION OF PATENT APPLICATION (TITLE PAGE) PUBLISHED (DELETED),Y,CORRECTION AND DELETION OF EVENT INFORMATION,PENDING,False
1731,EP,K1C1,,CORRECTION OF PATENT APPLICATION (TITLE PAGE) PUBLISHED,CORRECTION OF PATENT APPLICATION (TITLE PAGE) PUBLISHED,P,RE-PUBLICATION OF DOCUMENT AFTER MODIFICATION,PENDING,False
1732,EP,K1C2,,CORRECTION OF PATENT APPLICATION (PARTIAL REPRINT) PUBLISHED,CORRECTION OF PATENT APPLICATION (PARTIAL REPRINT) PUBLISHED,,,PENDING,False
1733,EP,K1C3,,CORRECTION OF PATENT APPLICATION (COMPLETE DOCUMENT) PUBLISHED,CORRECTION OF PATENT APPLICATION (COMPLETE REPRINT) PUBLISHED,P,RE-PUBLICATION OF DOCUMENT AFTER MODIFICATION,PENDING,False
1734,EP,K2,,CORRECTION OF PATENT SPECIFICATION PUBLISHED,CORRECTION OF PATENT SPECIFICATION PUBLISHED,,,NEUTRAL,True
1735,EP,K2C0,,NOTIFICATION OF RECTIFICATION CANCELLED,NOTIFICATION OF RECTIFICATION CANCELLED,Y,CORRECTION AND DELETION OF EVENT INFORMATION,NEUTRAL,False
1736,EP,K2C1,,CORRECTION OF PATENT SPECIFICATION (TITLE PAGE) PUBLISHED,CORRECTION OF PATENT SPECIFICATION (TITLE PAGE) PUBLISHED,P,RE-PUBLICATION OF DOCUMENT AFTER MODIFICATION,PENDING,False
1737,EP,K2C2,,CORRECTION OF PATENT SPECIFICATION (PARTIAL REPRINT) PUBLISHED,CORRECTION OF PATENT SPECIFICATION (PARTIAL REPRINT) PUBLISHED,,,NEUTRAL,False
1738,EP,K2C3,,CORRECTION OF PATENT SPECIFICATION (COMPLETE DOCUMENT) PUBLISHED,CORRECTION OF PATENT SPECIFICATION (COMPLETE REPRINT) PUBLISHED,P,RE-PUBLICATION OF DOCUMENT AFTER MODIFICATION,PENDING,False
1739,EP,KL,,CORRECTION LIST,CORRECTION LIST,,,NEUTRAL,False
1740,EP,LIM1,,REQUEST FOR LIMITATION FOUND ADMISSIBLE,REQUEST FOR LIMITATION FOUND ADMISSIBLE,L,IP RIGHT REVIEW REQUEST,NEUTRAL,False
1741,EP,LIM2,,REQUEST FOR LIMITATION FOUND INADMISSIBLE,REQUEST FOR LIMITATION FOUND INADMISSIBLE,L,IP RIGHT REVIEW REQUEST,NEUTRAL,False
1742,EP,LIM3,,REQUEST FOR LIMITATION DEEMED NOT TO HAVE BEEN FILED,REQUEST FOR LIMITATION DEEMED NOT TO HAVE BEEN FILED,L,IP RIGHT REVIEW REQUEST,NEUTRAL,False
1743,EP,LIM4,,REQUEST FOR LIMITATION DEEMED NOT HAVE BEEN FILED (OPPOSITION PENDING/FILED),REQUEST FOR LIMITATION DEEMED NOT HAVE BEEN FILED (OPPOSITION PENDING/FILED),L,IP RIGHT REVIEW REQUEST,PENDING,False
1744,EP,LIM5,,REQUEST FOR LIMITATION WITHDRAWN,REQUEST FOR LIMITATION WITHDRAWN,L,IP RIGHT REVIEW REQUEST,NEUTRAL,False
1745,EP,LTIE,-,LT: INVALIDATION OF EUROPEAN PATENT OR PATENT EXTENSION,LT: INVALIDATION OF EUROPEAN PATENT EXTENSION,H,IP RIGHT CESSATION,DEAD,False
1746,EP,LTLA,-,LT: LAPSE OF EUROPEAN PATENT OR PATENT EXTENSION,LT: LAPSE OF EUROPEAN PATENT EXTENSION,H,IP RIGHT CESSATION,DEAD,False
1747,EP,MED,,IT: SUPPLEMENTARY PROTECTION CERTIFICATE FOR PHARMACEUTICAL PRODUCTS: NO ACTION TAKEN,IT: SUPPLEMENTARY PROTECTION CERTIFICATE FOR PHARMACEUTICAL PRODUCTS: NO ACTION TAKEN,G,PROTECTION BEYOND IP RIGHT TERM,NEUTRAL,False
1748,EP,MEDA,,IT: SUPPLEMENTARY PROTECTION CERTIFICATE FOR PHARMACEUTICAL PRODUCTS: EXAMINED,IT: SUPPLEMENTARY PROTECTION CERTIFICATE FOR PHARMACEUTICAL PRODUCTS: EXAMINED,,,NEUTRAL,False
1749,EP,MEDB,-,IT: SUPPLEMENTARY PROTECTION CERTIFICATE FOR PHARMACEUTICAL PRODUCTS: SUSPENDED,IT: SUPPLEMENTARY PROTECTION CERTIFICATE FOR PHARMACEUTICAL PRODUCTS: SUSPENDED,T,ADMINISTRATIVE PROCEDURE ADJUSTMENT,UNKNOWN,False
1750,EP,MEDD,+,IT: SUPPLEMENTARY PROTECTION CERTIFICATE FOR PHARMACEUTICAL PRODUCTS: GRANTED,IT: SUPPLEMENTARY PROTECTION CERTIFICATE FOR PHARMACEUTICAL PRODUCTS: GRANTED,G,PROTECTION BEYOND IP RIGHT TERM,ALIVE,False
1751,EP,MEDE,,IT: SUPPLEMENTARY PROTECTION CERTIFICATE FOR PHARMACEUTICAL PRODUCTS: INTERLOCUTARY REFUSAL,IT: SUPPLEMENTARY PROTECTION CERTIFICATE FOR PHARMACEUTICAL PRODUCTS: INTERLOCUTARY REFUSAL,,,NEUTRAL,False
1752,EP,MEDF,,IT: SUPPLEMENTARY PROTECTION CERTIFICATE FOR PHARMACEUTICAL PRODUCTS: OFFICE REFUSAL,IT: SUPPLEMENTARY PROTECTION CERTIFICATE FOR PHARMACEUTICAL PRODUCTS: OFFICE REFUSAL,,,NEUTRAL,False
1753,EP,MEDG,-,IT: SUPPLEMENTARY PROTECTION CERTIFICATE FOR PHARMACEUTICAL PRODUCTS: DEFINITIVE REFUSAL,IT: SUPPLEMENTARY PROTECTION CERTIFICATE FOR PHARMACEUTICAL PRODUCTS: DEFINITIVE REFUSAL,,,UNKNOWN,False
1754,EP,MEDH,,IT: SUPPLEMENTARY PROTECTION CERTIFICATE FOR PHARMACEUTICAL PRODUCTS: BOARD OF APPEAL,IT: SUPPLEMENTARY PROTECTION CERTIFICATE FOR PHARMACEUTICAL PRODUCTS: BOARD OF APPEAL,,,NEUTRAL,False
1755,EP,MEDM,-,IT: SUPPLEMENTARY PROTECTION CERTIFICATE FOR PHARMACEUTICAL PRODUCTS: WITHDRAWAL OF SPC APPLICATION,IT: SUPPLEMENTARY PROTECTION CERTIFICATE FOR PHARMACEUTICAL PRODUCTS: WITHDRAWAL OF SPC APPLICATION,G,PROTECTION BEYOND IP RIGHT TERM,DEAD,False
1756,EP,MEDN,-,IT: SUPPLEMENTARY PROTECTION CERTIFICATE FOR PHARMACEUTICAL PRODUCTS: ANNULMENT OF SPC,IT: SUPPLEMENTARY PROTECTION CERTIFICATE FOR PHARMACEUTICAL PRODUCTS: ANNULMENT OF SPC,H,IP RIGHT CESSATION,DEAD,False
1757,EP,NLE,+,NL: NOTIFICATIONS CONCERNING APPLICATIONS,NL: RUBRIEK E,,,PENDING,False
1758,EP,NLR1,-,NL: OPPOSITION HAS BEEN FILED WITH THE EPO,"NL: EUROPESE OCTROOIEN, WAARTEGEN OPPOSITIE IS INGESTELD",L,IP RIGHT REVIEW REQUEST,UNKNOWN,False
1759,EP,NLR2,,NL: DECISION OF OPPOSITION,"NL: BESLISSINGEN OVER OPPOSITIES, INGESTELT TEGEN EP OCTROOIEN",L,IP RIGHT REVIEW REQUEST,NEUTRAL,False
1760,EP,NLR3,+,NL: RECEIPT OF MODIFIED TRANSLATIONS IN THE NETHERLANDS LANGUAGE AFTER AN OPPOSITION PROCEDURE,NL: ONTVANGST VAN NA OPPOSITIE GEWIJZIGDE VERTALINGEN VAN EP OCTROOIEN,W,OTHER,UNKNOWN,False
1761,EP,NLR4,+,NL: RECEIPT OF CORRECTED TRANSLATION IN THE NETHERLANDS LANGUAGE AT THE INITIATIVE OF THE PROPRIETOR OF THE PATENT,NL: ONTVANGST VAN OCTROOIHOUDERS VAN VERBETETERDE VERTALINGEN VON EP OCTROOIEN,W,OTHER,UNKNOWN,False
1762,EP,NLR5,,NL: PATENTS IN RESPECT OF WHICH A REQUEST TO PROVIDE A CERTIFICATE OF PRIOR USE HAS BEEN FILED,NL: OCTROOIEN TEN AANZIEN WAARVAN EEN VERZOEK TOT HET VERSTREKKEN VAN EEN VERKLARING VAN VOORGEBRUIK IS INGEDIEND,,,NEUTRAL,False
1763,EP,NLR6,,NL: PATENTS IN RESPECT OF WHICH A DECISION HAS BEEN TAKEN ON A REQUEST CONCERNING PRIOR USE,NL: OCTROOIN TEN AANZIEN WAARVAN ENN BESLISSIN IS GENOMEN OP EEN VERZOEK TOT HET VERSTREKKEN VAN EEN VERKLARING VAN VOORGEBRUI,W,OTHER,NEUTRAL,False
1764,EP,NLS,,NL: ASSIGNMENTS OF EP-PATENTS,NL: MEDEDELINGEN VAN OVERDRACHT VAN EUROPESE OCTROOIEN,R,PARTY DATA CHANGE,NEUTRAL,False
1765,EP,NLT1,,"NL: MODIFICATIONS OF NAMES REGISTERED IN VIRTUE OF DOCUMENTS PRESENTED TO THE PATENT OFFICE PURSUANT TO ART. 16 A, PARAGRAPH 1",NL: MEDEDELINGEN VAN NAAMSWIJZIGINGEN (ART. 16A 1E),R,PARTY DATA CHANGE,NEUTRAL,False
1766,EP,NLT2,,"NL: MODIFICATIONS (OF NAMES), TAKEN FROM THE EUROPEAN PATENT PATENT BULLETIN","NL: (NAAMS)WIJZIGINGEN, DIE ZIJN OVERGENOMEN UIT HET EP OCTROOIBLAD",R,PARTY DATA CHANGE,NEUTRAL,False
1767,EP,NLUE,,NL: LICENCE REGISTERED WITH REGARD TO EUROPEAN PATENTS,NL: MEDEDELINGEN VAN INSCHRIJVING VAN LICENTIES MET BETREKKING TOT EUROPESE OCTROOIEN,S,INFORMATION ON LICENSING AND SIMILAR TRANSACTIONS,NEUTRAL,False
1768,EP,NLV1,-,NL: LAPSED OR ANNULLED DUE TO FAILURE TO FULFILL THE REQUIREMENTS OF ART. 29P AND 29M OF THE PATENTS ACT,NL: WIRKUNG IN NL NICHT EINGETRETEN (ART. 29P UND 29M NL PATG.),H,IP RIGHT CESSATION,DEAD,False
1769,EP,NLV4,-,NL: LAPSED OR ANULLED DUE TO NON-PAYMENT OF THE ANNUAL FEE,NL: VERVALLEN WEGENS NIET BETALEN VAN EEN JAARCIJNS,H,IP RIGHT CESSATION,DEAD,False
1770,EP,NLV5,-,NL: ANNULMENT (ART. 75),NL: NIETIG VERKLAARD (ART. 75),H,IP RIGHT CESSATION,DEAD,False
1771,EP,NLV6,-,NL: EUROPEAN PATENT SURRENDERED (CF. ARTICLE 48 OR ARTICLE 63 OF THE PATENTS ACT 1995),NL: VERVALLEN OF NIETIG VERKLAARDE EUROPESE OCTROOIEN WEGENS AFSTAND DOEN DOOR DE OCTROOIHOUDER,H,IP RIGHT CESSATION,DEAD,False
1772,EP,NLV7,-,NL: CEASED DUE TO REACHING THE MAXIMUM LIFETIME OF A PATENT,NL: VERVALLEN WEGENS AFLOOP VAN DE MAXIMALE DUUR,H,IP RIGHT CESSATION,DEAD,False
1773,EP,NLXE,,NL: OTHER COMMUNICATIONS CONCERNING EP-PATENTS (PART 3 HEADING XE),NL: OVERIGE MEDEDELINGEN OVER EUROPESE OCTROOIEN,W,OTHER,NEUTRAL,False
1774,EP,P01,,OPT-OUT OF THE COMPETENCE OF THE UNIFIED PATENT COURT (UPC) REGISTERED,OPT-OUT OF THE COMPETENCE OF THE UNIFIED PATENT COURT (UPC) REGISTERED,W,OTHER,NEUTRAL,False
1775,EP,P02,,OPT-OUT OF THE COMPETENCE OF THE UNIFIED PATENT COURT (UPC) CHANGED,OPT-OUT OF THE COMPETENCE OF THE UNIFIED PATENT COURT (UPC) CHANGED,Y,CORRECTION AND DELETION OF EVENT INFORMATION,NEUTRAL,False
1776,EP,P03,,OPT-OUT OF THE COMPETENCE OF THE UNIFIED PATENT COURT (UPC) DELETED,OPT-OUT OF THE COMPETENCE OF THE UNIFIED PATENT COURT (UPC) DELETED,W,OTHER,NEUTRAL,False
1777,EP,P04,,WITHDRAWAL OF OPT-OUT OF THE COMPETENCE OF THE UNIFIED PATENT COURT (UPC) REGISTERED,WITHDRAWAL OF OPT-OUT OF THE COMPETENCE OF THE UNIFIED PATENT COURT (UPC) REGISTERED,W,OTHER,NEUTRAL,False
1778,EP,P05,,WITHDRAWAL OF OPT-OUT OF THE COMPETENCE OF THE UNIFIED PATENT COURT (UPC) CHANGED,WITHDRAWAL OF OPT-OUT OF THE COMPETENCE OF THE UNIFIED PATENT COURT (UPC) CHANGED,Y,CORRECTION AND DELETION OF EVENT INFORMATION,NEUTRAL,False
1779,EP,P06,,WITHDRAWAL OF THE COMPETENCE OF THE UNIFIED PATENT COURT (UPC) DELETED,WITHDRAWAL OF THE COMPETENCE OF THE UNIFIED PATENT COURT (UPC) DELETED,Y,CORRECTION AND DELETION OF EVENT INFORMATION,NEUTRAL,False
1780,EP,PG25,-,LAPSED IN A CONTRACTING STATE [ANNOUNCED VIA POSTGRANT INFORMATION FROM NATIONAL OFFICE TO EPO],LAPSED IN A CONTRACTING STATE [ANNOUNCED VIA POSTGRANT INFORMATION FROM NATIONAL OFFICE TO EPO],H,IP RIGHT CESSATION,DEAD,False
1781,EP,PG2D,,INFORMATION ON LAPSE IN CONTRACTING STATE DELETED,INFORMATION ON LAPSE IN CONTRACTING STATE DELETED,Y,CORRECTION AND DELETION OF EVENT INFORMATION,NEUTRAL,False
1782,EP,PGFP,+,ANNUAL FEE PAID TO NATIONAL OFFICE  [ANNOUNCED VIA POSTGRANT INFORMATION FROM NATIONAL OFFICE TO EPO],ANNUAL FEE PAID TO NATIONAL OFFICE  [ANNOUNCED VIA POSTGRANT INFORMATION FROM NATIONAL OFFICE TO EPO],U,PAYMENT,ALIVE,False
1783,EP,PGRI,+,PATENT REINSTATED IN CONTRACTING STATE [ANNOUNCED FROM NATIONAL OFFICE TO EPO],PATENT REINSTATED IN CONTRACTING STATE [ANNOUNCED FROM NATIONAL OFFICE TO EPO],K,IP RIGHT REVIVAL,ALIVE,False
1784,EP,PLAA,,INFORMATION MODIFIED RELATED TO EVENT THAT NO OPPOSITION WAS FILED,CHANGE - NO OPPOSITION FILED,Y,CORRECTION AND DELETION OF EVENT INFORMATION,NEUTRAL,False
1785,EP,PLAB,,"OPPOSITION DATA, OPPONENT'S DATA OR THAT OF THE OPPONENT'S REPRESENTATIVE MODIFIED",CHANGE - OPPOSITION DATA/OPPONENT'S DATA OR THAT OF THE OPPONENT'S REPRESENTATIVE,Y,CORRECTION AND DELETION OF EVENT INFORMATION,NEUTRAL,False
1786,EP,PLAC,,INFORMATION RELATED TO FILING OF OPPOSITION MODIFIED,CHANGE - OPPOSITION FILED,Y,CORRECTION AND DELETION OF EVENT INFORMATION,NEUTRAL,False
1787,EP,PLAD,,INFORMATION RELATED TO TERMINATION OF OPPOSITION PROCEDURE MODIFIED,CHANGE - OPPOSITION PROCEDURE TERMINATED,Y,CORRECTION AND DELETION OF EVENT INFORMATION,NEUTRAL,False
1788,EP,PLAE,,INFORMATION RELATED TO REJECTION OF OPPOSITION MODIFIED,CHANGE - REJECTION OF OPPOSITION,Y,CORRECTION AND DELETION OF EVENT INFORMATION,NEUTRAL,False
1789,EP,PLAF,,INFORMATION MODIFIED RELATED TO COMMUNICATION OF A NOTICE OF OPPOSITION AND REQUEST TO FILE OBSERVATIONS + TIME LIMIT,CHANGE: COMMUNICATION OF A NOTICE OF OPPOSITION AND REQUEST TO FILE OBSERVATIONS + TIME LIMIT,Y,CORRECTION AND DELETION OF EVENT INFORMATION,NEUTRAL,False
1790,EP,PLAG,,INFORMATION MODIFIED RELATED TO DESPATCH OF COMMUNICATION THAT OPPOSITION IS REJECTED,CHANGE: DESPATCH OF COMMUNICATION THAT OPPOSITION IS REJECTED,Y,CORRECTION AND DELETION OF EVENT INFORMATION,NEUTRAL,False
1791,EP,PLAH,,INFORMATION RELATED TO DESPATCH OF EXAMINATION REPORT IN OPPOSITION + TIME LIMIT MODIFIED,CHANGE: DESPATCH OF EXAMINATION REPORT IN OPPOSITION + TIME LIMIT,Y,CORRECTION AND DELETION OF EVENT INFORMATION,PENDING,False
1792,EP,PLAI,,EXAMINATION OF ADMISSIBILITY OF OPPOSITION: INFORMATION RELATED TO DESPATCH OF COMMUNICATION + TIME LIMIT MODIFIED,CHANGE: EXAMINATION OF ADMISSIBILITY OF OPPOSITION: DESPATCH OF COMMUNICATION + TIME LIMIT,Y,CORRECTION AND DELETION OF EVENT INFORMATION,PENDING,False
1793,EP,PLAJ,,EXAMINATION OF ADMISSIBILITY OF OPPOSITION: INFORMATION RELATED TO RECEIPT OF REPLY MODIFIED,CHANGE: EXAMINATION OF ADMISSIBILITY OF OPPOSITION: RECEIPT OF REPLY,Y,CORRECTION AND DELETION OF EVENT INFORMATION,PENDING,False
1794,EP,PLAK,,INFORMATION RELATED TO REPLY OF PATENT PROPRIETOR TO NOTICE(S) OF OPPOSITION MODIFIED,CHANGE: REPLY OF PATENT PROPRIETOR TO NOTICE(S) OF OPPOSITION,Y,CORRECTION AND DELETION OF EVENT INFORMATION,NEUTRAL,False
1795,EP,PLAL,,INFORMATION RELATED TO REPLY TO EXAMINATION REPORT IN OPPOSITION MODIFIED,CHANGE: REPLY TO EXAMINATION REPORT IN OPPOSITION,Y,CORRECTION AND DELETION OF EVENT INFORMATION,PENDING,False
1796,EP,PLAM,,TERMINATION OF OPPOSITION PROCEDURE: INFORMATION RELATED TO DESPATCH OF DECISION MODIFIED,CHANGE: TERMINATION OF OPPOSITION PROCEDURE: DESPATCH OF DECISION,Y,CORRECTION AND DELETION OF EVENT INFORMATION,NEUTRAL,False
1797,EP,PLAN,,INFORMATION DELETED RELATED TO COMMUNICATION OF A NOTICE OF OPPOSITION AND REQUEST TO FILE OBSERVATIONS + TIME LIMIT,DELETION: COMMUNICATION OF A NOTICE OF OPPOSITION AND REQUEST TO FILE OBSERVATIONS + TIME LIMIT,Y,CORRECTION AND DELETION OF EVENT INFORMATION,NEUTRAL,False
1798,EP,PLAO,,INFORMATION DELETED RELATED TO DESPATCH OF COMMUNICATION THAT OPPOSITION IS REJECTED,DELETION: DESPATCH OF COMMUNICATION THAT OPPOSITION IS REJECTED,Y,CORRECTION AND DELETION OF EVENT INFORMATION,NEUTRAL,False
1799,EP,PLAP,,INFORMATION RELATED TO DESPATCH OF EXAMINATION REPORT IN OPPOSITION + TIME LIMIT DELETED,DELETION: DESPATCH OF EXAMINATION REPORT IN OPPOSITION + TIME LIMIT,Y,CORRECTION AND DELETION OF EVENT INFORMATION,PENDING,False
1800,EP,PLAQ,,EXAMINATION OF ADMISSIBILITY OF OPPOSITION: INFORMATION RELATED TO DESPATCH OF COMMUNICATION + TIME LIMIT DELETED,DELETION: EXAMINATION OF ADMISSIBILITY OF OPPOSITION: DESPATCH OF COMMUNICATION + TIME LIMIT,Y,CORRECTION AND DELETION OF EVENT INFORMATION,PENDING,False
1801,EP,PLAR,,EXAMINATION OF ADMISSIBILITY OF OPPOSITION: INFORMATION RELATED TO RECEIPT OF REPLY DELETED,DELETION: EXAMINATION OF ADMISSIBILITY OF OPPOSITION: RECEIPT OF REPLY,Y,CORRECTION AND DELETION OF EVENT INFORMATION,PENDING,False
1802,EP,PLAS,,INFORMATION RELATED TO REPLY OF PATENT PROPRIETOR TO NOTICE(S) OF OPPOSITION DELETED,DELETION: REPLY OF PATENT PROPRIETOR TO NOTICE(S) OF OPPOSITION,Y,CORRECTION AND DELETION OF EVENT INFORMATION,NEUTRAL,False
1803,EP,PLAT,,INFORMATION RELATED TO REPLY TO EXAMINATION REPORT IN OPPOSITION DELETED,DELETION: REPLY TO EXAMINATION REPORT IN OPPOSITION,Y,CORRECTION AND DELETION OF EVENT INFORMATION,PENDING,False
1804,EP,PLAU,,TERMINATION OF OPPOSITION PROCEDURE: INFORMATION RELATED TO DESPATCH OF DECISION DELETED,DELETION: TERMINATION OF OPPOSITION PROCEDURE: DESPATCH OF DECISION,Y,CORRECTION AND DELETION OF EVENT INFORMATION,NEUTRAL,False
1805,EP,PLAV,,EXAMINATION OF ADMISSIBILITY OF OPPOSITION,EXAMINATION OF ADMISSIBILITY OF OPPOSITION,L,IP RIGHT REVIEW REQUEST,PENDING,False
1806,EP,PLAW,,INTERLOCUTORY DECISION IN OPPOSITION,INTERLOCUTORY DECISION IN OPPOSITION,L,IP RIGHT REVIEW REQUEST,NEUTRAL,False
1807,EP,PLAX,,NOTICE OF OPPOSITION AND REQUEST TO FILE OBSERVATION + TIME LIMIT SENT,NEW ENTRY: COMMUNICATION OF A NOTICE OF OPPOSITION AND REQUEST TO FILE OBSERVATIONS + TIME LIMIT,L,IP RIGHT REVIEW REQUEST,NEUTRAL,False
1808,EP,PLAY,,EXAMINATION REPORT IN OPPOSITION DESPATCHED + TIME LIMIT,NEW ENTRY: DESPATCH OF EXAMINATION REPORT IN OPPOSITION + TIME LIMIT,L,IP RIGHT REVIEW REQUEST,PENDING,False
1809,EP,PLAZ,,EXAMINATION OF ADMISSIBILITY OF OPPOSITION: DESPATCH OF COMMUNICATION + TIME LIMIT,NEW ENTRY: EXAMINATION OF ADMISSIBILITY OF OPPOSITION: DESPATCH OF COMMUNICATION + TIME LIMIT,L,IP RIGHT REVIEW REQUEST,PENDING,False
1810,EP,PLBA,,EXAMINATION OF ADMISSIBILITY OF OPPOSITION: REPLY RECEIVED,NEW ENTRY: EXAMINATION OF ADMISSIBILITY OF OPPOSITION: RECEIPT OF REPLY,L,IP RIGHT REVIEW REQUEST,PENDING,False
1811,EP,PLBB,,REPLY OF PATENT PROPRIETOR TO NOTICE(S) OF OPPOSITION RECEIVED,NEW ENTRY: REPLY OF PATENT PROPRIETOR TO NOTICE(S) OF OPPOSITION,L,IP RIGHT REVIEW REQUEST,NEUTRAL,False
1812,EP,PLBC,,REPLY TO EXAMINATION REPORT IN OPPOSITION RECEIVED,NEW ENTRY: REPLY TO EXAMINATION REPORT IN OPPOSITION,L,IP RIGHT REVIEW REQUEST,PENDING,False
1813,EP,PLBD,,TERMINATION OF OPPOSITION PROCEDURE: DECISION DESPATCHED,NEW ENTRY: TERMINATION OF OPPOSITION PROCEDURE: DESPATCH OF DECISION,L,IP RIGHT REVIEW REQUEST,NEUTRAL,False
1814,EP,PLBE,+,NO OPPOSITION FILED WITHIN TIME LIMIT,NO OPPOSITION FILED WITHIN TIME LIMIT,L,IP RIGHT REVIEW REQUEST,UNKNOWN,False
1815,EP,PLBF,,REPLY OF PATENT PROPRIETOR TO NOTICE(S) OF OPPOSITION,OBSERVATIONS OF PROPRIETOR ON OPPOSITION,L,IP RIGHT REVIEW REQUEST,NEUTRAL,False
1816,EP,PLBG,+,OPPOSITION DEEMED NOT TO HAVE BEEN FILED,OPPOSITION DEEMED NOT TO HAVE BEEN FILED,L,IP RIGHT REVIEW REQUEST,UNKNOWN,False
1817,EP,PLBH,+,OPPOSITION DEEMED NOT TO HAVE BEEN FILED,OPPOSITION DEEMED NOT TO HAVE BEEN FILED,L,IP RIGHT REVIEW REQUEST,UNKNOWN,False
1818,EP,PLBI,-,OPPOSITION FILED,OPPOSITION FILED,L,IP RIGHT REVIEW REQUEST,UNKNOWN,False
1819,EP,PLBJ,+,OPPOSITION FOUND INADMISSIBLE,OPPOSITION INADMISSIBLE,L,IP RIGHT REVIEW REQUEST,UNKNOWN,False
1820,EP,PLBK,+,OPPOSITION FOUND INADMISSIBLE,OPPOSITION INADMISSIBLE,L,IP RIGHT REVIEW REQUEST,UNKNOWN,False
1821,EP,PLBL,,OPPOSITION PROCEDURE TERMINATED,OPPOSITION PROCEDURE TERMINATED,L,IP RIGHT REVIEW REQUEST,NEUTRAL,False
1822,EP,PLBM,,TERMINATION OF OPPOSITION PROCEDURE: DATE OF LEGAL EFFECT PUBLISHED,OPPOSITION PROCEDURE TERMINATED - DATE OF LEGAL EFFECT PUBLISHED,L,IP RIGHT REVIEW REQUEST,NEUTRAL,False
1823,EP,PLBN,+,OPPOSITION REJECTED,OPPOSITION REJECTED,L,IP RIGHT REVIEW REQUEST,UNKNOWN,False
1824,EP,PLBO,+,OPPOSITION REJECTED,OPPOSITION REJECTED,L,IP RIGHT REVIEW REQUEST,UNKNOWN,False
1825,EP,PLBP,+,OPPOSITION WITHDRAWN,OPPOSITION WITHDRAWN,L,IP RIGHT REVIEW REQUEST,UNKNOWN,False
1826,EP,PLBQ,,UNPUBLISHED CHANGE TO OPPONENT DATA,UNPUBLISHED CHANGE TO OPPONENT DATA,R,PARTY DATA CHANGE,NEUTRAL,False
1827,EP,PLBR,,KIND OF REQUEST FOR REVOCATION RECORDED,NEW ENTRY: KIND OF REQUEST FOR REVOCATION,L,IP RIGHT REVIEW REQUEST,NEUTRAL,False
1828,EP,PLBS,+,REJECTION OF THE REQUEST FOR REVOCATION TAKES LEGAL EFFECT,NEW ENTRY: LEGAL EFFECT OF THE REJECTION OF THE REQUEST FOR REVOCATION,L,IP RIGHT REVIEW REQUEST,UNKNOWN,False
1829,EP,PLBT,-,REQUEST FOR REVOCATION FILED BY PATENT HOLDER,NEW ENTRY: PROPRIETOR FILES REQUEST FOR REVOCATION,L,IP RIGHT REVIEW REQUEST,DEAD,False
1830,EP,PLBU,-,REQUEST FOR REVOCATION FILED BY PATENT HOLDER,NEW ENTRY: PROPRIETOR FILES REQUEST FOR REVOCATION,L,IP RIGHT REVIEW REQUEST,DEAD,False
1831,EP,PLBV,,INFORMATION MODIFIED RELATED TO DECISION ON REQUEST FOR LIMITATION OF PATENT,CHANGE - DECISION ON REQUEST FOR LIMITATION OF PATENT,Y,CORRECTION AND DELETION OF EVENT INFORMATION,NEUTRAL,False
1832,EP,PLBW,,INFORMATION MODIFIED RELATED TO GRANTING OF REQUEST FOR LIMITATION OF PATENT,CHANGE - GRANTING OF REQUEST FOR LIMITATION OF PATENT,Y,CORRECTION AND DELETION OF EVENT INFORMATION,NEUTRAL,False
1833,EP,PLBX,,INFORMATION MODIFIED RELATED TO REJECTION OF REQUEST FOR LIMITATION OF PATENT,CHANGE - REJECTION OF REQUEST FOR LIMITATION OF PATENT,Y,CORRECTION AND DELETION OF EVENT INFORMATION,NEUTRAL,False
1834,EP,PLBY,,LIMITATION PROCEDURE: INFORMATION MODIFIED RELATED TO DESPATCH OF COMMUNICATION FROM EXAMINING DIVISION + TIME LIMIT,CHANGE: DESPATCH OF COMMUNICATION FROM EXAMINING DIVISION IN LIMITATION PROCEDURE + TIME LIMIT,Y,CORRECTION AND DELETION OF EVENT INFORMATION,NEUTRAL,False
1835,EP,PLBZ,,INFORMATION RELATED TO DESPATCH OF REJECTION OF REQUEST FOR LIMITATION MODIFIED,CHANGE: DESPATCH OF REJECTION OF REQUEST FOR LIMITATION,Y,CORRECTION AND DELETION OF EVENT INFORMATION,NEUTRAL,False
1836,EP,PLCA,,INFORMATION RELATED TO KIND OF REJECTION OF REQUEST FOR LIMITATION MODIFIED,CHANGE: KIND OF REJECTION OF REQUEST FOR LIMITATION,Y,CORRECTION AND DELETION OF EVENT INFORMATION,NEUTRAL,False
1837,EP,PLCB,,INFORMATION RELATED TO PAYMENT OF FEE FOR LIMITATION OF PATENT MODIFIED,CHANGE: PAYMENT OF FEE FOR LIMITATION OF PATENT,Y,CORRECTION AND DELETION OF EVENT INFORMATION,NEUTRAL,False
1838,EP,PLCC,,LIMITATION PROCEDURE: INFORMATION MODIFIED RELATED TO REPLY TO COMMUNICATION FROM EXAMINING DIVISION + TIME LIMIT,CHANGE: REPLY TO COMMUNICATION FROM EXAMINING DIVISION IN LIMITATION PROCEDURE + TIME LIMIT,Y,CORRECTION AND DELETION OF EVENT INFORMATION,NEUTRAL,False
1839,EP,PLCD,,INFORMATION RELATED TO FILING OF REQUEST FOR LIMITATION MODIFIED,CHANGE: REQUEST FOR LIMITATION FILED,Y,CORRECTION AND DELETION OF EVENT INFORMATION,NEUTRAL,False
1840,EP,PLCE,,LIMITATION PROCEDURE: INFORMATION DELETED RELATED TO DESPATCH OF COMMUNICATION FROM EXAMINING DIVISION + TIME LIMIT,DELETION: DESPATCH OF COMMUNICATION FROM EXAMINING DIVISION IN LIMITATION PROCEDURE + TIME LIMIT,Y,CORRECTION AND DELETION OF EVENT INFORMATION,NEUTRAL,False
1841,EP,PLCF,,INFORMATION DELETED RELATED TO DESPATCH OF REJECTION OF REQUEST FOR LIMITATION,DELETION: DESPATCH OF REJECTION OF REQUEST FOR LIMITATION,Y,CORRECTION AND DELETION OF EVENT INFORMATION,NEUTRAL,False
1842,EP,PLCG,,INFORMATION RELATED TO KIND OF REJECTION OF REQUEST FOR LIMITATION DELETED,DELETION: KIND OF REJECTION OF REQUEST FOR LIMITATION,Y,CORRECTION AND DELETION OF EVENT INFORMATION,NEUTRAL,False
1843,EP,PLCH,,INFORMATION RELATED TO PAYMENT OF FEE FOR LIMITATION OF PATENT DELETED,DELETION: PAYMENT OF FEE FOR LIMITATION OF PATENT,Y,CORRECTION AND DELETION OF EVENT INFORMATION,NEUTRAL,False
1844,EP,PLCI,,LIMITATION PROCEDURE: INFORMATION DELETED RELATED TO REPLY TO COMMUNICATION FROM EXAMINING DIVISION + TIME LIMIT,DELETION: REPLY TO COMMUNICATION FROM EXAMINING DIVISION IN LIMITATION PROCEDURE + TIME LIMIT,Y,CORRECTION AND DELETION OF EVENT INFORMATION,NEUTRAL,False
1845,EP,PLCJ,,INFORMATION RELATED TO FILING OF REQUEST FOR LIMITATION DELETED,DELETION: REQUEST FOR LIMITATION FILED,Y,CORRECTION AND DELETION OF EVENT INFORMATION,NEUTRAL,False
1846,EP,PLCK,,COMMUNICATION DESPATCHED THAT OPPOSITION WAS REJECTED,NEW ENTRY: DESPATCH OF COMMUNICATION THAT OPPOSITION IS REJECTED,L,IP RIGHT REVIEW REQUEST,NEUTRAL,False
1847,EP,PLCL,,DESPATCH OF REJECTION OF REQUEST FOR LIMITATION,NEW ENTRY: DESPATCH OF REJECTION OF REQUEST FOR LIMITATION,L,IP RIGHT REVIEW REQUEST,NEUTRAL,False
1848,EP,PLCM,,REASON FOR REJECTION OF REQUEST FOR LIMITATION RECORDED,NEW ENTRY: KIND OF REJECTION OF REQUEST FOR LIMITATION,L,IP RIGHT REVIEW REQUEST,NEUTRAL,False
1849,EP,PLCN,-,PAYMENT OF FEE FOR LIMITATION OF PATENT,NEW ENTRY: PAYMENT OF FEE FOR LIMITATION OF PATENT,L,IP RIGHT REVIEW REQUEST,UNKNOWN,False
1850,EP,PLCO,,LIMITATION PROCEDURE: REPLY RECEIVED TO COMMUNICATION FROM EXAMINING DIVISION + TIME LIMIT,NEW ENTRY: REPLY TO COMMUNICATION FROM EXAMINING DIVISION IN LIMITATION PROCEDURE + TIME LIMIT,L,IP RIGHT REVIEW REQUEST,NEUTRAL,False
1851,EP,PLCP,-,REQUEST FOR LIMITATION FILED,NEW ENTRY: REQUEST FOR LIMITATION FILED,L,IP RIGHT REVIEW REQUEST,UNKNOWN,False
1852,EP,PLCQ,-,REQUEST FOR LIMITATION OF PATENT FOUND ADMISSIBLE,REQUEST FOR LIMITATION OF PATENT ADMISSIBLE,L,IP RIGHT REVIEW REQUEST,UNKNOWN,False
1853,EP,PLCR,,COMMUNICATION DESPATCHED THAT REQUEST FOR LIMITATION OF PATENT WAS ALLOWED,REQUEST FOR LIMITATION OF PATENT ALLOWED: DESPATCH OF COMMUNICATION,L,IP RIGHT REVIEW REQUEST,NEUTRAL,False
1854,EP,PLCS,+,REQUEST FOR LIMITATION OF PATENT DEEMED NOT FILED,REQUEST FOR LIMITATION OF PATENT DEEMED NOT FILED,L,IP RIGHT REVIEW REQUEST,UNKNOWN,False
1855,EP,PLCT,,REQUEST FOR LIMITATION OF PATENT DEEMED NOT FILED DUE TO FILING OF OPPOSITION,REQUEST FOR LIMITATION OF PATENT DEEMED NOT FILED: OPPOSITION,L,IP RIGHT REVIEW REQUEST,NEUTRAL,False
1856,EP,PLCU,+,REQUEST FOR LIMITATION OF PATENT FOUND INADMISSIBLE,REQUEST FOR LIMITATION OF PATENT INADMISSIBLE,L,IP RIGHT REVIEW REQUEST,UNKNOWN,False
1857,EP,PLCV,+,REQUEST FOR LIMITATION OF PATENT REJECTED,REQUEST FOR LIMITATION OF PATENT REJECTED,L,IP RIGHT REVIEW REQUEST,UNKNOWN,False
1858,EP,PLCW,+,REQUEST FOR LIMITATION OF PATENT WITHDRAWN,REQUEST FOR LIMITATION OF PATENT WITHDRAWN,L,IP RIGHT REVIEW REQUEST,UNKNOWN,False
1859,EP,PLCX,,INFORMATION RELATED TO DECISION ON REQUEST FOR REVOCATION MODIFIED,CHANGE: DECISION ON REVOCATION REQUEST FROM PROPRIETOR,Y,CORRECTION AND DELETION OF EVENT INFORMATION,NEUTRAL,False
1860,EP,PLCY,,INFORMATION RELATED TO DECISION ON REQUEST FOR REVOCATION MODIFIED,CHANGE: DECISION ON REQUEST FOR REVOCATION,Y,CORRECTION AND DELETION OF EVENT INFORMATION,NEUTRAL,False
1861,EP,PLCZ,,INFORMATION RELATED TO KIND OF REQUEST FOR REVOCATION MODIFIED,CHANGE: KIND OF REQUEST FOR REVOCATION,Y,CORRECTION AND DELETION OF EVENT INFORMATION,NEUTRAL,False
1862,EP,PLDA,,INFORMATION MODIFIED RELATED TO REQUEST FOR REVOCATION FILED BY PATENT HOLDER,CHANGE: PROPRIETOR FILES REQUEST FOR REVOCATION,Y,CORRECTION AND DELETION OF EVENT INFORMATION,NEUTRAL,False
1863,EP,PLDB,,INFORMATION MODIFIED RELATED TO REQUEST FOR REVOCATION FILED BY PATENT HOLDER,CHANGE: PROPRIETOR FILES REQUEST FOR REVOCATION,Y,CORRECTION AND DELETION OF EVENT INFORMATION,NEUTRAL,False
1864,EP,PLDC,-,DECISION TO REVOKE PATENT,DECISION TO REVOKE PATENT,L,IP RIGHT REVIEW REQUEST,UNKNOWN,False
1865,EP,PLDE,,INFORMATION RELATED TO DECISION ON REQUEST FOR REVOCATION DELETED,DELETION: DECISION ON REQUEST FOR REVOCATION,Y,CORRECTION AND DELETION OF EVENT INFORMATION,NEUTRAL,False
1866,EP,PLDF,,INFORMATION RELATED TO KIND OF REQUEST FOR REVOCATION DELETED,DELETION: KIND OF REQUEST FOR REVOCATION,Y,CORRECTION AND DELETION OF EVENT INFORMATION,NEUTRAL,False
1867,EP,PLDG,,INFORMATION DELETED RELATED TO REQUEST FOR REVOCATION FILED BY PATENT HOLDER,DELETION: PROPRIETOR FILES REQUEST FOR REVOCATION,Y,CORRECTION AND DELETION OF EVENT INFORMATION,NEUTRAL,False
1868,EP,PLDH,,DECISION ON REQUEST FOR REVOCATION,NEW ENTRY: DECISION ON REQUEST FOR REVOCATION,L,IP RIGHT REVIEW REQUEST,NEUTRAL,False
1869,EP,PLDI,,COMMUNICATION DESPATCHED THAT REQUEST FOR REVOCATION IS REJECTED,NEW ENTRY: DISPATCH OF COMMUNICATION THAT REQUEST FOR REVOCATION IS REJECTED,L,IP RIGHT REVIEW REQUEST,NEUTRAL,False
1870,EP,POAA,,INFORMATION RELATED TO DECISION ON PETITION OF REVIEW MODIFIED,CHANGE - DECISION ON PETITION FOR REVIEW,Y,CORRECTION AND DELETION OF EVENT INFORMATION,NEUTRAL,False
1871,EP,POAB,,INFORMATION RELATED TO DATE OF FILING OF PETITION FOR REVIEW MODIFIED,CHANGE: DATE OF FILING OF PETITION FOR REVIEW,Y,CORRECTION AND DELETION OF EVENT INFORMATION,NEUTRAL,False
1872,EP,POAC,,INFORMATION RELATED TO NUMBER OF PETITION FOR REVIEW MODIFIED,CHANGE: NUMBER OF PETITION FOR REVIEW,Y,CORRECTION AND DELETION OF EVENT INFORMATION,NEUTRAL,False
1873,EP,POAD,,INFORMATION RELATED TO DATE OF FILING OF PETITION FOR REVIEW DELETED,DELETION: DATE OF FILING OF PETITION FOR REVIEW,Y,CORRECTION AND DELETION OF EVENT INFORMATION,NEUTRAL,False
1874,EP,POAE,,INFORMATION RELATED TO NUMBER OF PETITION FOR REVIEW DELETED,DELETION: NUMBER OF PETITION FOR REVIEW,Y,CORRECTION AND DELETION OF EVENT INFORMATION,NEUTRAL,False
1875,EP,POAF,,INFORMATION RELATED TO PETITIONER IN PETITION FOR REVIEW DELETED,DELETION: PETITIONER IN PETITION FOR REVIEW,Y,CORRECTION AND DELETION OF EVENT INFORMATION,NEUTRAL,False
1876,EP,POAG,,DATE OF FILING OF PETITION FOR REVIEW RECORDED,NEW ENTRY: DATE OF FILING OF PETITION FOR REVIEW,V,APPEAL,NEUTRAL,False
1877,EP,POAH,,NUMBER OF PETITION FOR REVIEW RECORDED,NEW ENTRY: NUMBER OF PETITION FOR REVIEW,V,APPEAL,NEUTRAL,False
1878,EP,POAI,,PETITIONER IN PETITION FOR REVIEW RECORDED,NEW ENTRY: PETITIONER IN PETITION FOR REVIEW,V,APPEAL,NEUTRAL,False
1879,EP,POAJ,-,"DECISION TAKEN: PETITION FOR REVIEW OBVIOUSLY INADMISSIBLE, OR OBVIOUSLY INADMISSIBLE AND UNSUBSTANTIATED",PETITION FOR REVIEW: DECISION,V,APPEAL,UNKNOWN,False
1880,EP,POAK,-,DECISION TAKEN: PETITION FOR REVIEW OBVIOUSLY UNSUBSTANTIATED,PETITION FOR REVIEW: DECISION,V,APPEAL,UNKNOWN,False
1881,EP,PRGC,,PETITION FOR REVIEW ALLOWED AND APPEAL PROCEDURE RE-OPENED [PREVIOUSLY PUBLISHED PETITION FOR REVIEW CHANGED],PETITION FOR REVIEW ALLOWED AND APPEAL PROCEDURE RE-OPENED [PREVIOUSLY PUBLISHED PETITION FOR REVIEW CHANGED],V,APPEAL,NEUTRAL,False
1882,EP,PRNC,,PETITION FOR REVIEW NOT ALLOWED [PREVIOUSLY PUBLISHED PETITION FOR REVIEW CHANGED],PETITION FOR REVIEW NOT ALLOWED [PREVIOUSLY PUBLISHED PETITION FOR REVIEW CHANGED],V,APPEAL,NEUTRAL,False
1883,EP,PRVG,,PETITION FOR REVIEW ALLOWED AND APPEAL PROCEDURE RE-OPENED,PETITION FOR REVIEW ALLOWED AND APPEAL PROCEDURE RE-OPENED,V,APPEAL,NEUTRAL,False
1884,EP,PRVN,,PETITION FOR REVIEW NOT ALLOWED,PETITION FOR REVIEW NOT ALLOWED,V,APPEAL,NEUTRAL,False
1885,EP,PUAA,,INFORMATION RELATED TO THE PUBLICATION OF A B2 DOCUMENT MODIFIED,CHANGE - PUBLICATION OF B2 DOCUMENT,Y,CORRECTION AND DELETION OF EVENT INFORMATION,PENDING,False
1886,EP,PUAB,,INFORMATION RELATED TO THE PUBLICATION OF AN A DOCUMENT MODIFIED OR DELETED,CHANGE OR DELETION - PUBLICATION OF A DOCUMENT,Y,CORRECTION AND DELETION OF EVENT INFORMATION,PENDING,False
1887,EP,PUAC,,INFORMATION RELATED TO THE PUBLICATION OF A B1 DOCUMENT MODIFIED OR DELETED,CHANGE OR DELETION - PUBLICATION OF B1 DOCUMENT,Y,CORRECTION AND DELETION OF EVENT INFORMATION,PENDING,False
1888,EP,PUAD,,INFORMATION RELATED TO THE PUBLICATION OF A B2 DOCUMENT MODIFIED OR DELETED,CHANGE OR DELETION - PUBLICATION OF B2 DOCUMENT,Y,CORRECTION AND DELETION OF EVENT INFORMATION,PENDING,False
1889,EP,PUAE,,INFORMATION RELATED TO THE PUBLICATION OF A B3 DOCUMENT MODIFIED OR DELETED,CHANGE OR DELETION - PUBLICATION OF LIMITED PATENT SPECIFICATION,Y,CORRECTION AND DELETION OF EVENT INFORMATION,PENDING,False
1890,EP,PUAF,,INFORMATION RELATED TO THE PUBLICATION OF A SEARCH REPORT (A3 DOCUMENT) MODIFIED OR DELETED,CHANGE OR DELETION - PUBLICATION OF SEARCH REPORT,Y,CORRECTION AND DELETION OF EVENT INFORMATION,PENDING,False
1891,EP,PUAG,,SEARCH RESULTS DESPATCHED UNDER RULE 164(2) EPC TOGETHER WITH COMMUNICATION FROM EXAMINING DIVISION,ISSUANCE OF SEARCH RESULTS UNDER RULE 164(2) EPC TOGETHER WITH A COMMUNICATION FROM THE EXAMINING DIVISION,D,SEARCH AND EXAMINATION,PENDING,False
1892,EP,PUAH,,PATENT MAINTAINED IN AMENDED FORM,PATENT MAINTAINED (B2 PUBLICATION),M,IP RIGHT MAINTENANCE,NEUTRAL,False
1893,EP,PUAI,,PUBLIC REFERENCE MADE UNDER ARTICLE 153(3) EPC TO A PUBLISHED INTERNATIONAL APPLICATION THAT HAS ENTERED THE EUROPEAN PHASE,PUBLICATION IN SECTION I.1 EP BULLETIN,Q,DOCUMENT PUBLICATION,PENDING,False
1894,EP,PUAJ,,PUBLIC NOTIFICATION UNDER RULE 129 EPC,PUBLICATION NOTIFICATION,Q,DOCUMENT PUBLICATION,PENDING,False
1895,EP,PUAK,,AVAILABILITY OF INFORMATION RELATED TO THE PUBLICATION OF THE INTERNATIONAL SEARCH REPORT,PUBLICATION OF INTERNATIONAL SEARCH REPORT,Q,DOCUMENT PUBLICATION,PENDING,False
1896,EP,PUAL,,SEARCH REPORT DESPATCHED,PUBLICATION OF SEARCH REPORT,D,SEARCH AND EXAMINATION,PENDING,False
1897,EP,PUAM,,(EXPECTED) PUBLICATION OF B3 DOCUMENT,(EXPECTED) LIMITED PATENT SPECIFICATION,Q,DOCUMENT PUBLICATION,PENDING,False
1898,EP,R110,,REQUEST FILED FOR CONVERSION INTO A NATIONAL PATENT APPLICATION ACCORDING TO ART. 135 EPC (CORRECTED),REQUEST FILED FOR CONVERSION INTO A NATIONAL PATENT APPLICATION ACCORDING TO ART. 135 EPC (CORRECTED),Y,CORRECTION AND DELETION OF EVENT INFORMATION,PENDING,False
1899,EP,R11L,,LICENCE RECORDED (CORRECTED),LICENCE RECORDED (CORRECTED),Y,CORRECTION AND DELETION OF EVENT INFORMATION,NEUTRAL,False
1900,EP,R11X,,INFORMATION PROVIDED ON OTHER RIGHTS AND LEGAL MEANS OF EXECUTION (CORRECTED),INFORMATION PROVIDED ON OTHER RIGHTS AND LEGAL MEANS OF EXECUTION (CORRECTED),Y,CORRECTION AND DELETION OF EVENT INFORMATION,NEUTRAL,False
1901,EP,R16A,,NEW DOCUMENTS DESPATCHED TO APPLICANT AFTER PUBLICATION OF THE SEARCH REPORT (CORRECTED),NEW DOCUMENTS DESPATCHED TO APPLICANT AFTER PUBLICATION OF THE SEARCH REPORT (CORRECTED),Y,CORRECTION AND DELETION OF EVENT INFORMATION,PENDING,False
1902,EP,R17C,+,FIRST EXAMINATION REPORT DESPATCHED (CORRECTED),FIRST EXAMINATION REPORT DESPATCHED (CORRECTED),Y,CORRECTION AND DELETION OF EVENT INFORMATION,PENDING,False
1903,EP,R17D,,DEFERRED SEARCH REPORT PUBLISHED (CORRECTED),DEFERRED SEARCH REPORT PUBLISHED (CORRECTED),Y,CORRECTION AND DELETION OF EVENT INFORMATION,NEUTRAL,False
1904,EP,R17P,+,REQUEST FOR EXAMINATION FILED (CORRECTED),REQUEST FOR EXAMINATION FILED (CORRECTED),Y,CORRECTION AND DELETION OF EVENT INFORMATION,PENDING,False
1905,EP,R18D,-,APPLICATION DEEMED TO BE WITHDRAWN (CORRECTED),APPLICATION DEEMED TO BE WITHDRAWN (CORRECTED),Y,CORRECTION AND DELETION OF EVENT INFORMATION,PENDING,False
1906,EP,R18R,,APPLICATION REFUSED (CORRECTED),APPLICATION REFUSED (CORRECTED),Y,CORRECTION AND DELETION OF EVENT INFORMATION,PENDING,False
1907,EP,R18W,,APPLICATION WITHDRAWN (CORRECTED),APPLICATION WITHDRAWN (CORRECTED),Y,CORRECTION AND DELETION OF EVENT INFORMATION,PENDING,False
1908,EP,R18X,+,RE-ESTABLISHED (CORRECTED),RE-ESTABLISHED (CORRECTED),Y,CORRECTION AND DELETION OF EVENT INFORMATION,NEUTRAL,False
1909,EP,R18Z,,REQUEST FILED FOR RE-ESTABLISHMENT OF RIGHTS BEFORE GRANT (CORRECTED),REQUEST FILED FOR RE-ESTABLISHMENT OF RIGHTS BEFORE GRANT (CORRECTED),Y,CORRECTION AND DELETION OF EVENT INFORMATION,NEUTRAL,False
1910,EP,R19A,,PROCEEDINGS STAYED BEFORE GRANT (CORRECTED),PROCEEDINGS STAYED BEFORE GRANT (CORRECTED),Y,CORRECTION AND DELETION OF EVENT INFORMATION,NEUTRAL,False
1911,EP,R19F,+,PROCEEDINGS RESUMED BEFORE GRANT AFTER STAY OF PROCEEDINGS (CORRECTED),PROCEEDINGS RESUMED BEFORE GRANT AFTER STAY OF PROCEEDINGS (CORRECTED),,,ALIVE,False
1912,EP,R19U,,PROCEEDINGS INTERRUPTED BEFORE GRANT (CORRECTED),PROCEEDINGS INTERRUPTED BEFORE GRANT (CORRECTED),Y,CORRECTION AND DELETION OF EVENT INFORMATION,NEUTRAL,False
1913,EP,R19W,+,PROCEEDINGS RESUMED BEFORE GRANT AFTER INTERRUPTION OF PROCEEDINGS (CORRECTED),PROCEEDINGS RESUMED BEFORE GRANT AFTER INTERRUPTION OF PROCEEDINGS (CORRECTED),,,ALIVE,False
1914,EP,R20,,CORRECTIONS OF A PATENT SPECIFICATION,CORRECTIONS OF A PATENT SPECIFICATION,,,NEUTRAL,False
1915,EP,R25,-,LAPSED IN A CONTRACTING STATE DURING THE OPPOSITION PERIOD (CORRECTION),LAPSED IN A CONTRACTING STATE DURING THE OPPOSITION PERIOD (CORRECTION),,,DEAD,False
1916,EP,R26,-,OPPOSITION FILED (CORRECTED),OPPOSITION FILED (CORRECTED),Y,CORRECTION AND DELETION OF EVENT INFORMATION,NEUTRAL,False
1917,EP,R26D,+,OPPOSITION DEEMED NOT TO HAVE BEEN FILED (CORRECTED),OPPOSITION DEEMED NOT TO HAVE BEEN FILED (CORRECTED),Y,CORRECTION AND DELETION OF EVENT INFORMATION,NEUTRAL,False
1918,EP,R26N,,NO OPPOSITION FILED (CORRECTED),NO OPPOSITION FILED (CORRECTED),Y,CORRECTION AND DELETION OF EVENT INFORMATION,NEUTRAL,False
1919,EP,R26U,+,OPPOSITION FOUND INADMISSIBLE (CORRECTED),OPPOSITION FOUND INADMISSIBLE (CORRECTED),Y,CORRECTION AND DELETION OF EVENT INFORMATION,NEUTRAL,False
1920,EP,R27A,+,PATENT MAINTAINED IN AMENDED FORM (CORRECTED),PATENT MAINTAINED IN AMENDED FORM (CORRECTED),Y,CORRECTION AND DELETION OF EVENT INFORMATION,NEUTRAL,False
1921,EP,R27C,,OPPOSITION PROCEEDINGS TERMINATED (CORRECTED),OPPOSITION PROCEEDINGS TERMINATED (CORRECTED),Y,CORRECTION AND DELETION OF EVENT INFORMATION,NEUTRAL,False
1922,EP,R27O,+,INFORMATION RELATED TO THE REJECTION OF OPPOSITION MODIFIED: OPPOSITION REJECTED,INFORMATION RELATED TO THE REJECTION OF OPPOSITION MODIFIED: OPPOSITION REJECTED,Y,CORRECTION AND DELETION OF EVENT INFORMATION,NEUTRAL,False
1923,EP,R27W,-,PATENT REVOKED (CORRECTED),PATENT REVOKED (CORRECTED),Y,CORRECTION AND DELETION OF EVENT INFORMATION,DEAD,False
1924,EP,R28,+,RIGHTS RE-ESTABLISHED AFTER GRANT (CORRECTED),RIGHTS RE-ESTABLISHED AFTER GRANT (CORRECTED),K,IP RIGHT REVIVAL,ALIVE,False
1925,EP,R28E,+,REQUEST FILED FOR RE-ESTABLISHMENT OF RIGHTS AFTER GRANT (CORRECTED),REQUEST FILED FOR RE-ESTABLISHMENT OF RIGHTS AFTER GRANT (CORRECTED),Y,CORRECTION AND DELETION OF EVENT INFORMATION,ALIVE,False
1926,EP,R29A,,PROCEEDINGS STAYED AFTER GRANT (CORRECTED),PROCEEDINGS STAYED AFTER GRANT (CORRECTED),Y,CORRECTION AND DELETION OF EVENT INFORMATION,NEUTRAL,False
1927,EP,R29U,-,PROCEEDINGS INTERRUPTED AFTER GRANT ACCORDING TO RULE 142 EPC (CORRECTED),PROCEEDINGS INTERRUPTED AFTER GRANT ACCORDING TO RULE 142 EPC (CORRECTED),,,UNKNOWN,False
1928,EP,R29W,+,PROCEEDINGS RESUMED AFTER GRANT AFTER INTERRUPTION OF PROCEEDINGS [RULE 142 EPC] (CORRECTED),PROCEEDINGS RESUMED AFTER GRANT AFTER INTERRUPTION OF PROCEEDINGS [RULE 142 EPC] (CORRECTED),,,ALIVE,False
1929,EP,R565,,ISSUANCE OF SEARCH RESULTS UNDER RULE 164(2) EPC (CORRECTION),ISSUANCE OF SEARCH RESULTS UNDER RULE 164(2) EPC (CORRECTION),Y,CORRECTION AND DELETION OF EVENT INFORMATION,NEUTRAL,False
1930,EP,R80,,PUBLIC NOTIFICATION IF THE ADDRESS OF THE ADDRESSEE CANNOT BE ESTABLISHED,PUBLIC NOTIFICATION IF THE ADDRESS OF THE ADDRESSEE CANNOT BE ESTABLISHED,,,NEUTRAL,False
1931,EP,RA1,+,APPLICATION PUBLISHED (CORRECTED),APPLICATION PUBLISHED (CORRECTED),Y,CORRECTION AND DELETION OF EVENT INFORMATION,PENDING,False
1932,EP,RA4,+,SUPPLEMENTARY SEARCH REPORT DRAWN UP AND DESPATCHED (CORRECTED),SUPPLEMENTARY SEARCH REPORT DRAWN UP AND DESPATCHED (CORRECTED),Y,CORRECTION AND DELETION OF EVENT INFORMATION,NEUTRAL,False
1933,EP,RAC,,DIVISIONAL APPLICATION: REFERENCE TO EARLIER APPLICATION (CORRECTED),DIVISIONAL APPLICATION: REFERENCE TO EARLIER APPLICATION (CORRECTED),Y,CORRECTION AND DELETION OF EVENT INFORMATION,PENDING,False
1934,EP,RAF,,NEW APPLICATION ACCORDING TO ART. 61(B) EPC: REFERENCE TO EARLIER DOCUMENT (CORRECTED),NEW APPLICATION ACCORDING TO ART. 61(B) EPC: REFERENCE TO EARLIER DOCUMENT (CORRECTED),Y,CORRECTION AND DELETION OF EVENT INFORMATION,PENDING,False
1935,EP,RAG,,HAS SUCCESSIVE APPLICATION (ART. 61) (CORRECTION),HAS SUCCESSIVE APPLICATION (ART. 61) (CORRECTION),Y,CORRECTION AND DELETION OF EVENT INFORMATION,PENDING,False
1936,EP,RAP1,,PARTY DATA CHANGED (APPLICANT DATA CHANGED OR RIGHTS OF AN APPLICATION TRANSFERRED),PARTY DATA CHANGED (APPLICANT DATA CHANGED OR RIGHTS OF AN APPLICATION TRANSFERRED),R,PARTY DATA CHANGE,PENDING,False
1937,EP,RAP2,,PARTY DATA CHANGED (PATENT OWNER DATA CHANGED OR RIGHTS OF A PATENT TRANSFERRED),PARTY DATA CHANGED (PATENT OWNER DATA CHANGED OR RIGHTS OF A PATENT TRANSFERRED),R,PARTY DATA CHANGE,NEUTRAL,False
1938,EP,RAP3,,PARTY DATA CHANGED (APPLICANT DATA CHANGED OR RIGHTS OF AN APPLICATION TRANSFERRED),PARTY DATA CHANGED (APPLICANT DATA CHANGED OR RIGHTS OF AN APPLICATION TRANSFERRED),R,PARTY DATA CHANGE,PENDING,False
1939,EP,RAP4,,PARTY DATA CHANGED (PATENT OWNER DATA CHANGED OR RIGHTS OF A PATENT TRANSFERRED),PARTY DATA CHANGED (PATENT OWNER DATA CHANGED OR RIGHTS OF A PATENT TRANSFERRED),R,PARTY DATA CHANGE,NEUTRAL,False
1940,EP,RAV,,REQUESTED VALIDATION STATE OF THE EUROPEAN PATENT: FEE PAID,REQUESTED VALIDATION STATE OF THE EUROPEAN PATENT: FEE PAID,U,PAYMENT,NEUTRAL,False
1941,EP,RAX,,REQUESTED EXTENSION STATES OF THE EUROPEAN PATENT HAVE CHANGED,REQUESTED EXTENSION STATES OF THE EUROPEAN PATENT HAVE CHANGED,W,OTHER,NEUTRAL,False
1942,EP,RB1,+,B1 DOCUMENT PUBLISHED (CORRECTED),B1 DOCUMENT PUBLISHED (CORRECTED),Y,CORRECTION AND DELETION OF EVENT INFORMATION,NEUTRAL,True
1943,EP,RB2,+,B2 DOCUMENT PUBLISHED (CORRECTED),B2 DOCUMENT PUBLISHED (CORRECTED),Y,CORRECTION AND DELETION OF EVENT INFORMATION,NEUTRAL,True
1944,EP,RBV,+,DESIGNATED CONTRACTING STATES (CORRECTED),DESIGNATED CONTRACTING STATES (CORRECTED),Y,CORRECTION AND DELETION OF EVENT INFORMATION,NEUTRAL,False
1945,EP,RDAA,-,PATENT REVOKED ON REQUEST OF PROPRIETOR,PATENT REVOKED ON REQUEST OF PROPRIETOR,H,IP RIGHT CESSATION,DEAD,False
1946,EP,RDAB,,INFORMATION RELATED TO REVOCATION OF PATENT ON REQUEST OF PROPRIETOR MODIFIED,CHANGE - PATENT REVOKED ON REQUEST OF PROPRIETOR,Y,CORRECTION AND DELETION OF EVENT INFORMATION,NEUTRAL,False
1947,EP,RDAC,,INFORMATION RELATED TO REVOCATION OF PATENT MODIFIED,CHANGE - REVOCATION OF PATENT,Y,CORRECTION AND DELETION OF EVENT INFORMATION,NEUTRAL,False
1948,EP,RDAD,,INFORMATION MODIFIED RELATED TO DESPATCH OF COMMUNICATION THAT PATENT IS REVOKED,CHANGE: DESPATCH OF COMMUNICATION THAT PATENT IS REVOKED,Y,CORRECTION AND DELETION OF EVENT INFORMATION,NEUTRAL,False
1949,EP,RDAE,,INFORMATION DELETED RELATED TO DESPATCH OF COMMUNICATION THAT PATENT IS REVOKED,DELETION: DESPATCH OF COMMUNICATION THAT PATENT IS REVOKED,Y,CORRECTION AND DELETION OF EVENT INFORMATION,NEUTRAL,False
1950,EP,RDAF,,COMMUNICATION DESPATCHED THAT PATENT IS REVOKED,NEW ENTRY: DESPATCH OF COMMUNICATION THAT PATENT IS REVOKED,H,IP RIGHT CESSATION,NEUTRAL,False
1951,EP,RDAG,-,PATENT REVOKED,REVOCATION OF PATENT,H,IP RIGHT CESSATION,DEAD,False
1952,EP,RDAH,-,PATENT REVOKED,REVOCATION OF PATENT,H,IP RIGHT CESSATION,DEAD,False
1953,EP,REF,,CORRESPONDS TO:,CORRESPONDS TO:,W,OTHER,NEUTRAL,False
1954,EP,REG,,REFERENCE TO A NATIONAL CODE,REFERENCE TO A NATIONAL CODE,,,NEUTRAL,False
1955,EP,RHK1,,MAIN CLASSIFICATION (CORRECTION),MAIN CLASSIFICATION (CORRECTION),Y,CORRECTION AND DELETION OF EVENT INFORMATION,NEUTRAL,False
1956,EP,RHK2,,MAIN CLASSIFICATION (CORRECTION),MAIN CLASSIFICATION (CORRECTION),Y,CORRECTION AND DELETION OF EVENT INFORMATION,NEUTRAL,False
1957,EP,RIC1,,INFORMATION PROVIDED ON IPC CODE ASSIGNED BEFORE GRANT,INFORMATION PROVIDED ON IPC CODE ASSIGNED BEFORE GRANT,D,SEARCH AND EXAMINATION,PENDING,False
1958,EP,RIC2,,INFORMATION PROVIDED ON IPC CODE ASSIGNED AFTER GRANT,INFORMATION PROVIDED ON IPC CODE ASSIGNED AFTER GRANT,W,OTHER,NEUTRAL,False
1959,EP,RIN1,,INFORMATION ON INVENTOR PROVIDED BEFORE GRANT (CORRECTED),INFORMATION ON INVENTOR PROVIDED BEFORE GRANT (CORRECTED),Y,CORRECTION AND DELETION OF EVENT INFORMATION,NEUTRAL,False
1960,EP,RIN2,,INFORMATION ON INVENTOR PROVIDED AFTER GRANT (CORRECTED),INFORMATION ON INVENTOR PROVIDED AFTER GRANT (CORRECTED),Y,CORRECTION AND DELETION OF EVENT INFORMATION,NEUTRAL,False
1961,EP,RJL1,+,REQUEST FOR LIMITATION REJECTED [SUBSTANTIVE REFUSAL],REQUEST FOR LIMITATION REJECTED [SUBSTANTIVE REFUSAL],L,IP RIGHT REVIEW REQUEST,UNKNOWN,False
1962,EP,RJL2,+,REQUEST FOR LIMITATION REJECTED AS INADMISSIBLE FOR FORMAL REASONS,REQUEST FOR LIMITATION REJECTED AS INADMISSIBLE FOR FORMAL REASONS,L,IP RIGHT REVIEW REQUEST,UNKNOWN,False
1963,EP,RJL3,+,REQUEST FOR LIMITATION REJECTED DUE TO NO OR LATE REPLY TO SUBSET REPORT,REQUEST FOR LIMITATION REJECTED DUE TO NO OR LATE REPLY TO SUBSET REPORT,L,IP RIGHT REVIEW REQUEST,UNKNOWN,False
1964,EP,RJL4,+,REQUEST FOR LIMITATION REJECTED BECAUSE RALL (REQUEST ALLOWED) REQUIREMENTS NOT FULFILLED,REQUEST FOR LIMITATION REJECTED BECAUSE RALL (REQUEST ALLOWED) REQUIREMENTS NOT FULFILLED,L,IP RIGHT REVIEW REQUEST,UNKNOWN,False
1965,EP,RTI1,,TITLE (CORRECTION),TITLE (CORRECTION),Y,CORRECTION AND DELETION OF EVENT INFORMATION,NEUTRAL,False
1966,EP,RTI2,,TITLE (CORRECTION),TITLE (CORRECTION),Y,CORRECTION AND DELETION OF EVENT INFORMATION,NEUTRAL,False
1967,EP,RVAA,-,REQUEST FOR REVOCATION FILED AFTER OPPOSITION PERIOD FOUND ADMISSIBLE,REQUEST FOR REVOCATION FILED AFTER OPPOSITION PERIOD FOUND ADMISSIBLE,L,IP RIGHT REVIEW REQUEST,DEAD,False
1968,EP,RVAD,+,REVOCATION REQUEST IS DEEMED NOT FILED ART. 105A (FOR REVOCATION FILED AFTER OPPOSITION PERIOD),REVOCATION REQUEST IS DEEMED NOT FILED ART. 105A  (FOR REVOCATION FILED AFTER OPPOSITION PERIOD),,,UNKNOWN,False
1969,EP,RVAI,+,REVOCATION REQUEST IS INADMISSIBLE ART. 105A (FOR REVOCATION FILED AFTER  OPPOSITION PERIOD),REVOCATION REQUEST IS INADMISSIBLE ART. 105A (FOR REVOCATION FILED AFTER  OPPOSITION PERIOD),,,UNKNOWN,False
1970,EP,RVDA,-,REQUEST FOR REVOCATION FILED DURING OPPOSITION PERIOD FOUND ADMISSIBLE,REQUEST FOR REVOCATION FILED DURING OPPOSITION PERIOD FOUND ADMISSIBLE,L,IP RIGHT REVIEW REQUEST,DEAD,False
1971,EP,RVDD,+,REVOCATION REQUEST IS DEEMED NOT FILED ART. 105A  (FOR REVOCATION FILED DURING OPPOSITION PERIOD),REVOCATION REQUEST IS DEEMED NOT FILED ART. 105A (FOR REVOCATION FILED DURING OPPOSITION PERIOD),,,UNKNOWN,False
1972,EP,RVDI,+,REVOCATION REQUEST IS INADMISSIBLE ART. 105A  (FOR REVOCATION FILED DURING OPPOSITION PERIOD),REVOCATION REQUEST IS INADMISSIBLE ART. 105A (FOR REVOCATION FILED DURING OPPOSITION PERIOD),,,UNKNOWN,False
1973,EP,RX1,-,CANCELLATION OF FIRST PUBLICATION,CANCELLATION OF FIRST PUBLICATION,,,DEAD,False
1974,EP,RX2,-,CANCELLATION OF SECOND PUBLICATION,CANCELLATION OF SECOND PUBLICATION,,,DEAD,False
1975,EP,SC4A,+,PT: TRANSLATION IS AVAILABLE,PT: TRANSLATION IS AVAILABLE,,,UNKNOWN,False
1976,EP,STAA,,INFORMATION ON THE STATUS OF AN EP PATENT APPLICATION OR GRANTED EP PATENT,[NO DESCRIPTION IN ORIGINAL LANGUAGE],W,OTHER,PENDING,False
1977,EP,T1,+,DK: TRANSLATION OF THE CLAIMS OF EP PATENT,DK: TRANSLATION OF THE CLAIMS OF EP PATENT,,,UNKNOWN,False
1978,EP,T2,,DK: CORRECTED TRANSLATION OF THE CLAIMS OF EP PATENT,DK: CORRECTED TRANSLATION OF THE CLAIMS OF EP PATENT,,,NEUTRAL,False
1979,EP,T3,+,DK: TRANSLATION OF EP PATENT,DK: TRANSLATION OF EP PATENT,,,UNKNOWN,False
1980,EP,T4,+,DK: TRANSLATION OF AMENDED EP PATENT,DK: TRANSLATION OF AMENDED EP PATENT,,,UNKNOWN,False
1981,EP,T5,+,DK: CORRECTED TRANSLATION OF EP PATENT,DK: CORRECTED TRANSLATION OF EP PATENT,,,UNKNOWN,False
1982,EP,TCAT,+,AT: TRANSLATION OF PATENT CLAIMS FILED,AT: UEBERSETZUNG DER PATENTANSPRUECHE EINGEREICHT,W,OTHER,UNKNOWN,False
1983,EP,TCNL,+,NL: TRANSLATION OF PATENT CLAIMS FILED,NL: UEBERSETZUNG DER PATENTANSPRUECHE EINGEREICHT,W,OTHER,UNKNOWN,False
1984,EP,TDAT,+,AT: TRANSLATION OF APPLICATION PUBLISHED,AT: UEBERSETZUNG DER ANMELDUNG ERSCHIENEN,,,PENDING,False
1985,EP,TPAA,,INFORMATION RELATED TO OBSERVATIONS BY THIRD PARTIES MODIFIED,CHANGE: OBSERVATIONS BY THIRD PARTIES,Y,CORRECTION AND DELETION OF EVENT INFORMATION,NEUTRAL,False
1986,EP,TPAB,,INFORMATION RELATED TO OBSERVATIONS BY THIRD PARTIES DELETED,DELETION: OBSERVATIONS BY THIRD PARTIES,Y,CORRECTION AND DELETION OF EVENT INFORMATION,NEUTRAL,False
1987,EP,TPAC,,OBSERVATIONS FILED BY THIRD PARTIES,NEW ENTRY: OBSERVATIONS BY THIRD PARTIES,W,OTHER,NEUTRAL,False
1988,EP,TPAD,,OBSERVATIONS FILED BY THIRD PARTIES,OBSERVATIONS BY THIRD PARTIES,W,OTHER,NEUTRAL,False
1989,EP,U01,+,REQUEST FOR UNITARY EFFECT FILED,REQUEST FOR UNITARY EFFECT FILED,W,OTHER,UNKNOWN,False
1990,EP,U02,,DATE OF FILING OF REQUEST FOR UNITARY EFFECT CHANGED,DATE OF FILING OF REQUEST FOR UNITARY EFFECT CHANGED,Y,CORRECTION AND DELETION OF EVENT INFORMATION,NEUTRAL,False
1991,EP,U03,,DATE OF FILING OF REQUEST FOR UNITARY EFFECT DELETED,DATE OF FILING OF REQUEST FOR UNITARY EFFECT DELETED,Y,CORRECTION AND DELETION OF EVENT INFORMATION,NEUTRAL,False
1992,EP,U04,,REQUEST FOR UNITARY EFFECT REJECTED,REQUEST FOR UNITARY EFFECT REJECTED,W,OTHER,NEUTRAL,False
1993,EP,U05,,DATE AND/OR PURPORT OF DECISION ON REQUEST FOR UNITARY EFFECT FOR THE EUROPEAN PATENT CHANGED [DECISION IS NEGATIVE],DATE AND/OR PURPORT OF DECISION ON REQUEST FOR UNITARY EFFECT FOR THE EUROPEAN PATENT CHANGED [DECISION IS NEGATIVE],Y,CORRECTION AND DELETION OF EVENT INFORMATION,NEUTRAL,False
1994,EP,U06,,DECISION ON THE REQUEST FOR UNITARY EFFECT WAS DELETED,DECISION ON THE REQUEST FOR UNITARY EFFECT WAS DELETED,Y,CORRECTION AND DELETION OF EVENT INFORMATION,NEUTRAL,False
1995,EP,U07,,UNITARY EFFECT REGISTERED,UNITARY EFFECT REGISTERED,W,OTHER,NEUTRAL,False
1996,EP,U08,,DATE AND/OR PURPORT OF DECISION ON REQUEST FOR UNITARY EFFECT FOR THE EUROPEAN PATENT CHANGED [DECISION IS POSITIVE],DATE AND/OR PURPORT OF DECISION ON REQUEST FOR UNITARY EFFECT FOR THE EUROPEAN PATENT CHANGED [DECISION IS POSITIVE],Y,CORRECTION AND DELETION OF EVENT INFORMATION,NEUTRAL,False
1997,EP,U0A,,MEMBER STATES COVERED BY UNITARY PATENT PROTECTION DELETED,MEMBER STATES COVERED BY UNITARY PATENT PROTECTION DELETED,Y,CORRECTION AND DELETION OF EVENT INFORMATION,NEUTRAL,False
1998,EP,U12,,REQUEST FOR UNITARY EFFECT WITHDRAWN,REQUEST FOR UNITARY EFFECT WITHDRAWN,W,OTHER,NEUTRAL,False
1999,EP,U13,,DATE OF WITHDRAWAL OF REQUEST FOR UNITARY EFFECT CHANGED,DATE OF WITHDRAWAL OF REQUEST FOR UNITARY EFFECT CHANGED,Y,CORRECTION AND DELETION OF EVENT INFORMATION,NEUTRAL,False
2000,EP,U14,,WITHDRAWAL OF THE UNITARY EFFECT REQUEST DELETED,WITHDRAWAL OF THE UNITARY EFFECT REQUEST DELETED,Y,CORRECTION AND DELETION OF EVENT INFORMATION,NEUTRAL,False
2001,EP,U15,,DATE OF REGISTRATION OF UNITARY EFFECT CHANGED,DATE OF REGISTRATION OF UNITARY EFFECT CHANGED,Y,CORRECTION AND DELETION OF EVENT INFORMATION,NEUTRAL,False
2002,EP,U16,,DATE OF REGISTRATION OF UNITARY EFFECT DELETED,DATE OF REGISTRATION OF UNITARY EFFECT DELETED,Y,CORRECTION AND DELETION OF EVENT INFORMATION,NEUTRAL,False
2003,EP,U17,,DATE OF LEGAL EFFECT OF UNITARY PATENT PROTECTION CHANGED,DATE OF LEGAL EFFECT OF UNITARY PATENT PROTECTION CHANGED,Y,CORRECTION AND DELETION OF EVENT INFORMATION,NEUTRAL,False
2004,EP,U18,,DATE OF LEGAL EFFECT OF UNITARY PATENT PROTECTION DELETED,DATE OF LEGAL EFFECT OF UNITARY PATENT PROTECTION DELETED,Y,CORRECTION AND DELETION OF EVENT INFORMATION,NEUTRAL,False
2005,EP,U19,,MEMBER STATES COVERED BY UNITARY PATENT PROTECTION CHANGED,MEMBER STATES COVERED BY UNITARY PATENT PROTECTION CHANGED,Y,CORRECTION AND DELETION OF EVENT INFORMATION,NEUTRAL,False
2006,EP,U1B,,UNITARY EFFECT: PLACE OF BUSINESS CHANGED,UNITARY EFFECT: PLACE OF BUSINESS CHANGED,R,PARTY DATA CHANGE,NEUTRAL,False
2007,EP,U1C,,UNITARY EFFECT: PLACE OF BUSINESS DELETED,UNITARY EFFECT: PLACE OF BUSINESS DELETED,Y,CORRECTION AND DELETION OF EVENT INFORMATION,NEUTRAL,False
2008,EP,U1H,,NAME OR ADDRESS OF THE PROPRIETOR CHANGED AFTER THE REGISTRATION OF THE UNITARY EFFECT,NAME OR ADDRESS OF THE PROPRIETOR CHANGED AFTER THE REGISTRATION OF THE UNITARY EFFECT,R,PARTY DATA CHANGE,NEUTRAL,False
2009,EP,U1I,,NAME OR ADDRESS OF THE PROPRIETOR DELETED AFTER THE REGISTRATION OF THE UNITARY EFFECT,NAME OR ADDRESS OF THE PROPRIETOR DELETED AFTER THE REGISTRATION OF THE UNITARY EFFECT,Y,CORRECTION AND DELETION OF EVENT INFORMATION,NEUTRAL,False
2010,EP,U1K,,TRANSFER OF RIGHTS OF THE UNITARY PATENT AFTER THE REGISTRATION OF THE UNITARY EFFECT,TRANSFER OF RIGHTS OF THE UNITARY PATENT AFTER THE REGISTRATION OF THE UNITARY EFFECT,R,PARTY DATA CHANGE,NEUTRAL,False
2011,EP,U1L,,TRANSFER OF RIGHTS OF THE UNITARY PATENT  DELETED AFTER THE REGISTRATION OF THE UNITARY EFFECT,TRANSFER OF RIGHTS OF THE UNITARY PATENT  DELETED AFTER THE REGISTRATION OF THE UNITARY EFFECT,Y,CORRECTION AND DELETION OF EVENT INFORMATION,NEUTRAL,False
2012,EP,U1N,,APPOINTED REPRESENTATIVE FOR THE UNITARY PATENT PROCEDURE CHANGED AFTER THE REGISTRATION OF THE UNITARY EFFECT,APPOINTED REPRESENTATIVE FOR THE UNITARY PATENT PROCEDURE CHANGED AFTER THE REGISTRATION OF THE UNITARY EFFECT,R,PARTY DATA CHANGE,NEUTRAL,False
2013,EP,U1O,,APPOINTED REPRESENTATIVE FOR THE UNITARY PATENT PROCEDURE DELETED AFTER THE REGISTRATION OF THE UNITARY EFFECT,APPOINTED REPRESENTATIVE FOR THE UNITARY PATENT PROCEDURE DELETED AFTER THE REGISTRATION OF THE UNITARY EFFECT,Y,CORRECTION AND DELETION OF EVENT INFORMATION,NEUTRAL,False
2014,EP,U20,+,RENEWAL FEE FOR THE EUROPEAN PATENT WITH UNITARY EFFECT PAID,RENEWAL FEE FOR THE EUROPEAN PATENT WITH UNITARY EFFECT PAID,U,PAYMENT,ALIVE,False
2015,EP,U21,+,RENEWAL FEE FOR THE EUROPEAN PATENT WITH UNITARY EFFECT PAID WITH ADDITIONAL FEE,RENEWAL FEE FOR THE EUROPEAN PATENT WITH UNITARY EFFECT PAID WITH ADDITIONAL FEE,U,PAYMENT,ALIVE,False
2016,EP,U22,,PAYMENT OF RENEWAL FEE FOR THE EUROPEAN PATENT WITH UNITARY EFFECT WAS REDATED,PAYMENT OF RENEWAL FEE FOR THE EUROPEAN PATENT WITH UNITARY EFFECT WAS REDATED,Y,CORRECTION AND DELETION OF EVENT INFORMATION,NEUTRAL,False
2017,EP,U23,,UNITARY EFFECT: RENEWAL FEE PAID WITH ADDITIONAL FEE [EVENT CORRECTED],UNITARY EFFECT: RENEWAL FEE PAID WITH ADDITIONAL FEE [EVENT CORRECTED],Y,CORRECTION AND DELETION OF EVENT INFORMATION,NEUTRAL,False
2018,EP,U24,,PAYMENT OF RENEWAL FEE FOR THE EUROPEAN PATENT WITH UNITARY EFFECT WAS DELETED,PAYMENT OF RENEWAL FEE FOR THE EUROPEAN PATENT WITH UNITARY EFFECT WAS DELETED,Y,CORRECTION AND DELETION OF EVENT INFORMATION,NEUTRAL,False
2019,EP,U25,,UNITARY EFFECT: RENEWAL FEE PAID WITH PENALTY [EVENT DELETED],UNITARY EFFECT: RENEWAL FEE PAID WITH PENALTY [EVENT DELETED],Y,CORRECTION AND DELETION OF EVENT INFORMATION,NEUTRAL,False
2020,EP,U30,,ACTION LODGED BEFORE THE UPC [INFORMATION PROVIDED BY THE UPC],ACTION LODGED BEFORE THE UPC [INFORMATION PROVIDED BY THE UPC],W,OTHER,NEUTRAL,False
2021,EP,U31,,ACTION LODGED BEFORE THE UPC CHANGED [INFORMATION PROVIDED BY THE UPC],ACTION LODGED BEFORE THE UPC CHANGED [INFORMATION PROVIDED BY THE UPC],W,OTHER,NEUTRAL,False
2022,EP,U32,,ACTION LODGED BEFORE THE UPC DELETED [INFORMATION PROVIDED BY THE UPC],ACTION LODGED BEFORE THE UPC DELETED [INFORMATION PROVIDED BY THE UPC],W,OTHER,NEUTRAL,False
2023,EP,U42,,PUBLIC NOTIFICATION FOR THE EUROPEAN PATENT WITH UNITARY EFFECT,PUBLIC NOTIFICATION FOR THE EUROPEAN PATENT WITH UNITARY EFFECT,W,OTHER,NEUTRAL,False
2024,EP,U43,,PUBLIC NOTIFICATION FOR THE EUROPEAN PATENT WITH UNITARY EFFECT CHANGED,PUBLIC NOTIFICATION FOR THE EUROPEAN PATENT WITH UNITARY EFFECT CHANGED,Y,CORRECTION AND DELETION OF EVENT INFORMATION,NEUTRAL,False
2025,EP,U44,,PUBLIC NOTIFICATION FOR THE EUROPEAN PATENT WITH UNITARY EFFECT DELETED,PUBLIC NOTIFICATION FOR THE EUROPEAN PATENT WITH UNITARY EFFECT DELETED,Y,CORRECTION AND DELETION OF EVENT INFORMATION,NEUTRAL,False
2026,EP,U50,,REQUEST FOR RE-ESTABLISHMENT OF RIGHTS FILED [UNITARY EFFECT],REQUEST FOR RE-ESTABLISHMENT OF RIGHTS FILED [UNITARY EFFECT],W,OTHER,NEUTRAL,False
2027,EP,U51,,DATE OF REQUEST FOR RE-ESTABLISHMENT OF RIGHTS CHANGED [UNITARY EFFECT],DATE OF REQUEST FOR RE-ESTABLISHMENT OF RIGHTS CHANGED [UNITARY EFFECT],W,OTHER,NEUTRAL,False
2028,EP,U52,,REQUEST FOR RE-ESTABLISHMENT OF RIGHTS DELETED [UNITARY EFFECT],REQUEST FOR RE-ESTABLISHMENT OF RIGHTS DELETED [UNITARY EFFECT],W,OTHER,NEUTRAL,False
2029,EP,U53,,REQUEST FOR RE-ESTABLISHMENT OF RIGHTS ACCEPTED [UNITARY EFFECT],REQUEST FOR RE-ESTABLISHMENT OF RIGHTS ACCEPTED [UNITARY EFFECT],W,OTHER,NEUTRAL,False
2030,EP,U54,,REQUEST FOR RE-ESTABLISHMENT OF RIGHTS REJECTED [UNITARY EFFECT],REQUEST FOR RE-ESTABLISHMENT OF RIGHTS REJECTED [UNITARY EFFECT],W,OTHER,NEUTRAL,False
2031,EP,U55,,REQUEST FOR RE-ESTABLISHMENT OF RIGHTS DEEMED NOT FILED [UNITARY EFFECT],REQUEST FOR RE-ESTABLISHMENT OF RIGHTS DEEMED NOT FILED [UNITARY EFFECT],W,OTHER,NEUTRAL,False
2032,EP,U56,,REQUEST FOR RE-ESTABLISHMENT OF RIGHTS WITHDRAWN [UNITARY EFFECT],REQUEST FOR RE-ESTABLISHMENT OF RIGHTS WITHDRAWN [UNITARY EFFECT],W,OTHER,NEUTRAL,False
2033,EP,U57,,DATE OF DECISION ON REQUEST FOR RE-ESTABLISHMENT OF RIGHTS CHANGED [UNITARY EFFECT],DATE OF DECISION ON REQUEST FOR RE-ESTABLISHMENT OF RIGHTS CHANGED [UNITARY EFFECT],W,OTHER,NEUTRAL,False
2034,EP,U58,,DECISION ON RE-ESTABLISHMENT OF RIGHTS DELETED [UNITARY EFFECT],DECISION ON RE-ESTABLISHMENT OF RIGHTS DELETED [UNITARY EFFECT],W,OTHER,NEUTRAL,False
2035,EP,U65,,PATENT WITH UNITARY EFFECT INTERRUPTED [REASON IN FREE TEXT],PATENT WITH UNITARY EFFECT INTERRUPTED [REASON IN FREE TEXT],Z,CLASSIFICATION PENDING,NEUTRAL,False
2036,EP,U66,,DATE OR REASON OF THE INTERRUPTION OF THE UNITARY PATENT PROCEEDINGS CHANGED [(NEW) REASON IN FREE TEXT],DATE OR REASON OF THE INTERRUPTION OF THE UNITARY PATENT PROCEEDINGS CHANGED [(NEW) REASON IN FREE TEXT],,,NEUTRAL,False
2037,EP,U67,,INTERRUPTION OF THE UNITARY PATENT PROCEEDINGS DELETED,INTERRUPTION OF THE UNITARY PATENT PROCEEDINGS DELETED,Z,CLASSIFICATION PENDING,NEUTRAL,False
2038,EP,U68,,PROCEEDINGS RELATED TO THE PATENT WITH UNITARY EFFECT RESUMED,PROCEEDINGS RELATED TO THE PATENT WITH UNITARY EFFECT RESUMED,,,NEUTRAL,False
2039,EP,U6A,,RESUMPTION OF UNITARY PATENT PROCEEDINGS DELETED,RESUMPTION OF UNITARY PATENT PROCEEDINGS DELETED,Z,CLASSIFICATION PENDING,NEUTRAL,False
2040,EP,U70,,RIGHTS IN REM OR LEGAL MEANS OF EXECUTION FOR EUROPEAN PATENT WITH UNITARY EFFECT REGISTERED,RIGHTS IN REM OR LEGAL MEANS OF EXECUTION FOR EUROPEAN PATENT WITH UNITARY EFFECT REGISTERED,S,INFORMATION ON LICENSING AND SIMILAR TRANSACTIONS,NEUTRAL,False
2041,EP,U71,,RIGHTS IN REM OR LEGAL MEANS OF EXECUTION FOR EUROPEAN PATENT WITH UNITARY EFFECT CHANGED,RIGHTS IN REM OR LEGAL MEANS OF EXECUTION FOR EUROPEAN PATENT WITH UNITARY EFFECT CHANGED,Y,CORRECTION AND DELETION OF EVENT INFORMATION,NEUTRAL,False
2042,EP,U72,,RIGHTS IN REM OR LEGAL MEANS OF EXECUTION FOR EUROPEAN PATENT WITH UNITARY EFFECT DELETED,RIGHTS IN REM OR LEGAL MEANS OF EXECUTION FOR EUROPEAN PATENT WITH UNITARY EFFECT DELETED,Y,CORRECTION AND DELETION OF EVENT INFORMATION,NEUTRAL,False
2043,EP,U76,,LICENCE FOR THE EUROPEAN PATENT WITH UNITARY EFFECT REGISTERED,LICENCE FOR THE EUROPEAN PATENT WITH UNITARY EFFECT REGISTERED,S,INFORMATION ON LICENSING AND SIMILAR TRANSACTIONS,NEUTRAL,False
2044,EP,U77,,LICENCE REGISTRATION CHANGED [UNITARY EFFECT],LICENCE REGISTRATION CHANGED [UNITARY EFFECT],Y,CORRECTION AND DELETION OF EVENT INFORMATION,NEUTRAL,False
2045,EP,U78,,LICENCE REGISTRATION DELETED [UNITARY EFFECT],LICENCE REGISTRATION DELETED [UNITARY EFFECT],Y,CORRECTION AND DELETION OF EVENT INFORMATION,NEUTRAL,False
2046,EP,U79,,STATEMENT CONCERNING LICENCES OF RIGHT FILED [UNITARY EFFECT],STATEMENT CONCERNING LICENCES OF RIGHT FILED [UNITARY EFFECT],S,INFORMATION ON LICENSING AND SIMILAR TRANSACTIONS,NEUTRAL,False
2047,EP,U80,,DATE OF SUBMISSION OF INTENTION TO LICENSE CHANGED [UNITARY EFFECT],DATE OF SUBMISSION OF INTENTION TO LICENSE CHANGED [UNITARY EFFECT],Y,CORRECTION AND DELETION OF EVENT INFORMATION,NEUTRAL,False
2048,EP,U81,,INTENTION TO LICENSE DELETED [UNITARY EFFECT],INTENTION TO LICENSE DELETED [UNITARY EFFECT],Y,CORRECTION AND DELETION OF EVENT INFORMATION,NEUTRAL,False
2049,EP,U82,,STATEMENT CONCERNING LICENCES OF RIGHT WITHDRAWN [UNITARY EFFECT],STATEMENT CONCERNING LICENCES OF RIGHT WITHDRAWN [UNITARY EFFECT],S,INFORMATION ON LICENSING AND SIMILAR TRANSACTIONS,NEUTRAL,False
2050,EP,U83,,DATE OF RECEIVAL OF WITHDRAWAL OF INTENTION TO LICENCE [UNITARY EFFECT],DATE OF RECEIVAL OF WITHDRAWAL OF INTENTION TO LICENCE [UNITARY EFFECT],S,INFORMATION ON LICENSING AND SIMILAR TRANSACTIONS,NEUTRAL,False
2051,EP,U84,,WITHDRAWAL OF INTENTION TO LICENSE DELETED [UNITARY EFFECT],WITHDRAWAL OF INTENTION TO LICENSE DELETED [UNITARY EFFECT],Y,CORRECTION AND DELETION OF EVENT INFORMATION,NEUTRAL,False
2052,EP,U90,-,RENEWAL FEES NOT PAID: NOTING OF LOSS OF RIGHTS,RENEWAL FEES NOT PAID: NOTING OF LOSS OF RIGHTS,H,IP RIGHT CESSATION,DEAD,False
2053,EP,U91,,"NEW DATE OF PATENT DEEMED LAPSED [FAILED PAYMENT OF RENEWAL/COMPENSATION FEE, UNITARY EFFECT]","NEW DATE OF PATENT DEEMED LAPSED [FAILED PAYMENT OF RENEWAL/COMPENSATION FEE, UNITARY EFFECT]",H,IP RIGHT CESSATION,NEUTRAL,False
2054,EP,U92,,PATENT DEEMED LAPSE DELETED [UNITARY PROTECTION],PATENT DEEMED LAPSE DELETED [UNITARY PROTECTION],Y,CORRECTION AND DELETION OF EVENT INFORMATION,NEUTRAL,False
2055,EP,U93,-,UNITARY PATENT LAPSED,UNITARY PATENT LAPSED,H,IP RIGHT CESSATION,DEAD,False
2056,EP,U94,,DATE OF LEGAL EFFECT OF THE LAPSE OF THE UNITARY EFFECT CHANGED,DATE OF LEGAL EFFECT OF THE LAPSE OF THE UNITARY EFFECT CHANGED,H,IP RIGHT CESSATION,NEUTRAL,False
2057,EP,U95,,LAPSE OF UNITARY PATENT DELETED [UNITARY EFFECT],LAPSE OF UNITARY PATENT DELETED[UNITARY EFFECT],Y,CORRECTION AND DELETION OF EVENT INFORMATION,NEUTRAL,False
2058,EP,VS25,-,LAPSED IN A VALIDATION STATE [ANNOUNCED VIA POSTGRANT INFORMATION FROM NAT. OFFICE TO EPO],LAPSED IN A VALIDATION STATE [ANNOUNCED VIA POSTGRANT INFORMATION FROM NAT. OFFICE TO EPO],H,IP RIGHT CESSATION,DEAD,False
2059,EP,VSFP,+,ANNUAL FEE PAID TO VALIDATION STATE [ANNOUNCED VIA POSTGRANT INFORMATION FROM NATIONAL OFFICE TO EPO],ANNUAL FEE PAID TO VALIDATION STATE [ANNOUNCED VIA POSTGRANT INFORMATION FROM NATIONAL OFFICE TO EPO],U,PAYMENT,ALIVE,False
2060,EP,VSRI,+,PATENT REINSTATED IN VALIDATION STATE [ANNOUNCED FROM NATIONAL OFFICE TO EPO],PATENT REINSTATED IN VALIDATION STATE [ANNOUNCED FROM NATIONAL OFFICE TO EPO],K,IP RIGHT REVIVAL,ALIVE,False
2061,EP,X,-,DOCUMENT NOT PUBLISHED,DOCUMENT NOT PUBLISHED,,,UNKNOWN,False
2062,EP,X1,-,NO ENTRY UNDER THIS NUMBER,NO ENTRY UNDER THIS NUMBER,,,UNKNOWN,False
2063,EP,XX,,MISCELLANEOUS (ADDITIONAL REMARKS),MISCELLANEOUS,W,OTHER,NEUTRAL,False
2064,EP,ZE,,NL: CORRECTIONS TO EARLIER ENTRIES IN HEADINGS PE - XE,NL: VERBETERINGEN,Y,CORRECTION AND DELETION OF EVENT INFORMATION,NEUTRAL,False
2065,ES,BA2A,+,PATENT APPLICATION PUBLISHED,PUBLICACION SOLICITUD,Q,DOCUMENT PUBLICATION,PENDING,False
2066,ES,CA1K,+,UTILITY MODEL APPLICATION PUBLISHED,PUBLICACION SOLICITUD DE MODELO DE UTILIDAD,Q,DOCUMENT PUBLICATION,PENDING,False
2067,ES,CB1K,+,OPPOSITION SUSPENDED,SUSPENSO DE COMUNICACION DE OPOSICION,,,UNKNOWN,False
2068,ES,DC2A,,PATENT MODIFIED,PATENTES MODIFICADAS,P,RE-PUBLICATION OF DOCUMENT AFTER MODIFICATION,PENDING,False
2069,ES,EC2A,+,SEARCH REPORT PUBLISHED,PUBLICACION DEL IET,Q,DOCUMENT PUBLICATION,PENDING,False
2070,ES,FA1K,-,APPLICATION WITHDRAWN,SOLICITUD RETIRADA,B,APPLICATION DISCONTINUATION,DEAD,False
2071,ES,FA2A,-,APPLICATION WITHDRAWN,SOLICITUD RETIRADA,B,APPLICATION DISCONTINUATION,DEAD,False
2072,ES,FB1A,-,APPLICATION SUSPENDED,SUSPENSO DE LA SOLICITUD,,,PENDING,False
2073,ES,FB1K,-,APPLICATION SUSPENDED,SUSPENSO DE LA SOLICITUD,,,PENDING,False
2074,ES,FC1K,-,UTILITY MODEL REFUSED,MODELO DE UTILIDAD DENEGADO,B,APPLICATION DISCONTINUATION,DEAD,False
2075,ES,FC2A,-,GRANT REFUSED,PATENTE DENEGADA,B,APPLICATION DISCONTINUATION,DEAD,False
2076,ES,FD1A,-,PATENT LAPSED,PATENTE CADUCIDADES,H,IP RIGHT CESSATION,DEAD,False
2077,ES,FD1K,-,UTILITY MODEL LAPSED,MODELO DE UTILIDAD CADUCIDADES,H,IP RIGHT CESSATION,DEAD,False
2078,ES,FD2A,-,ANNOUNCEMENT OF LAPSE IN SPAIN,EP-PATENTE CADUCIDADES,H,IP RIGHT CESSATION,DEAD,False
2079,ES,FG1K,+,UTILITY MODEL GRANTED,MODELO DE UTILIDAD CONCEDIDO,F,IP RIGHT GRANT,ALIVE,False
2080,ES,FG2A,+,DEFINITIVE PROTECTION,PROTECCION DEFINITIVA,F,IP RIGHT GRANT,ALIVE,False
2081,ES,GC1A,,EXPLOITATION CERTIFICATE REGISTERED APPLICATION WITHOUT SEARCH REPORT,INSCRIPCION DE CERTIFICADO DE EXPLOTACION SOLICITUD SIN INFORME SOBRE EL ESTADO DE LA TECNICA,W,OTHER,PENDING,False
2082,ES,GC1K,,EXPLOITATION CERTIFICATE REGISTERED,INSCRIPCION DE CERTIFICADO DE EXPLOTACION,W,OTHER,NEUTRAL,False
2083,ES,GC2A,,EXPLOITATION CERTIFICATE REGISTERED APPLICATION WITH SEARCH REPORT,INSCRIPCION DE CERTIFICADO DE EXPLOTACION SOLICITUD CON INFORME SOBRE EL ESTADO DE LA TECNICA,W,OTHER,PENDING,False
2084,ES,GD1A,,CONTRACTUAL LICENCES,LICENCIAS CONTRACTUALES,S,INFORMATION ON LICENSING AND SIMILAR TRANSACTIONS,NEUTRAL,False
2085,ES,GD1K,,CONTRACTUAL LICENCES,LICENCIAS CONTRACTUALES,S,INFORMATION ON LICENSING AND SIMILAR TRANSACTIONS,NEUTRAL,False
2086,ES,GD2A,,CONTRACTUAL LICENCES,LICENCIAS CONTRACTUALES,S,INFORMATION ON LICENSING AND SIMILAR TRANSACTIONS,NEUTRAL,False
2087,ES,MC1A,-,APPLICATION ANNULLED,ANULACION DE SOLICITUD,B,APPLICATION DISCONTINUATION,DEAD,False
2088,ES,MC1K,-,APPLICATION ANNULLED (UTILITY MODEL),ANULACION DE SOLICITUD (MODELO DE UTILIDAD),B,APPLICATION DISCONTINUATION,DEAD,False
2089,ES,MC2A,-,ANNULMENT,ANULACION (ART. 78 RP),H,IP RIGHT CESSATION,DEAD,False
2090,ES,MH1A,-,RENUNCIATION,RENUNCIAS,H,IP RIGHT CESSATION,DEAD,False
2091,ES,MH1K,-,RENUNCIATION,PUBLICACION DECLARACION DE CADUCIDAD POR RENUNCIA,H,IP RIGHT CESSATION,DEAD,False
2092,ES,MH2A,-,RENUNCIATION,PUBLICACION DECLARACION DE CADUCIDAD POR RENUNCIA,H,IP RIGHT CESSATION,DEAD,False
2093,ES,MM1K,-,UTILITY MODEL LAPSED,MODELO DE UTILIDAD CADUCADO,,,DEAD,False
2094,ES,MM4A,-,PATENT LAPSED,PATENTE CADUCADO,,,DEAD,False
2095,ES,NE1A,,REQUEST FOR RESTORATION [PATENT APPLICATION],SOLICITUDES DE REHABILITACION,C,APPLICATION REVIVAL,PENDING,False
2096,ES,NE1K,,REQUEST FOR RESTORATION [UTILITY MODEL],SOLICITUDES DE REHABILITACION,K,IP RIGHT REVIVAL,NEUTRAL,False
2097,ES,NE2A,,REQUEST FOR RESTORATION [PATENT],SOLICITUDES DE REHABILITACION,K,IP RIGHT REVIVAL,NEUTRAL,False
2098,ES,NF1A,,RESTORATION GRANTED,REHABILITACIONES CONCEDIDAS,K,IP RIGHT REVIVAL,NEUTRAL,False
2099,ES,NF1K,,RESTORATION GRANTED,REHABILITACIONES CONCEDIDAS,K,IP RIGHT REVIVAL,NEUTRAL,False
2100,ES,NF2A,+,RESTORATION AFTER LAPSE (ACC. PAR. 117),CONCESION (ART. 117 LP),K,IP RIGHT REVIVAL,ALIVE,False
2101,ES,PA1K,,CONVERSION INTO PATENT,CONVERSION A PATENTE DE INVENCION,F,IP RIGHT GRANT,NEUTRAL,False
2102,ES,PA2A,,CONVERSION INTO UTILITY MODEL,CONVERSION A MODELO DE UTILIDAD,F,IP RIGHT GRANT,NEUTRAL,False
2103,ES,PC1A,+,TRANSFER GRANTED,TRANSMISION CONCEDIDA,R,PARTY DATA CHANGE,ALIVE,False
2104,ES,PC1K,+,TRANSFER OF UTILITY MODEL,TRANSMISION CONCEDIDA,R,PARTY DATA CHANGE,UNKNOWN,False
2105,ES,PC2A,+,TRANSFER OF PATENT,TRANSMISION CONCEDIDA,R,PARTY DATA CHANGE,UNKNOWN,False
2106,ES,QB1K,,ADMISSION OF OFFERS,ADMISION DE OFRECIMIENTOS,,,NEUTRAL,False
2107,ES,QB4A,,ADMISSION OF OFFERS,ADMISION DE OFRECIMIENTOS,,,NEUTRAL,False
2108,ES,QC1K,,SUSPENDED,SUSPENSOS,,,NEUTRAL,False
2109,ES,RA1A,,APPEAL LODGED,RECURSO DE REPOSICION INTERPUESTO,,,NEUTRAL,False
2110,ES,RA1K,,APPEAL LODGED,RECURSO DE REPOSICION INTERPUESTO,,,NEUTRAL,False
2111,ES,RD1A,,PATENT SEIZED,EMBARGOS,S,INFORMATION ON LICENSING AND SIMILAR TRANSACTIONS,NEUTRAL,False
2112,ES,RD1K,,UTILITY MODEL SEIZED,EMBARGOS,S,INFORMATION ON LICENSING AND SIMILAR TRANSACTIONS,NEUTRAL,False
2113,ES,RD2A,+,SEIZURE OF PATENT FREED,PUBLICADA CANCELACION ANOTATION EMBARGO DE FECHA,S,INFORMATION ON LICENSING AND SIMILAR TRANSACTIONS,UNKNOWN,False
2114,ES,RH1K,,APPEAL ADMITTED,RECURSO DE REPOSICION ESTIMADO,,,NEUTRAL,False
2115,ES,RK1K,,APPEAL REFUSED,RECURSO DE REPOSICION DESESTIMADO,,,NEUTRAL,False
2116,ES,RK9A,,APPEAL REFUSED,RECURSO DE REPOSICION DESESTIMADO,,,NEUTRAL,False
2117,ES,RL1A,-,APPEAL RENDERED BY THE COURT,RECURSO CONTENCIOSO-ADMINISTRATIVO FALLADOS POR LOS TRIBUNALES,V,APPEAL,UNKNOWN,False
2118,ES,RL1K,-,APPEAL RENDERED,RECURSO CONTENCIOSO-ADMINISTRATIVO FALLADOS,V,APPEAL,UNKNOWN,False
2119,ES,RL2A,-,ANNULMENT BY COURT DECISION,ANULACIONES POR SENTENCIA,H,IP RIGHT CESSATION,DEAD,False
2120,ES,SA1,,EXPIRATION DATE (SNAPSHOT 920101),LA FECHA FIN DE VIDA LEGAL (SITUACION 920101) ES A1,,,NEUTRAL,False
2121,ES,SA6,,EXPIRATION DATE (SNAPSHOT 920101),LA FECHA FIN DE VIDA LEGAL (SITUACION 920101) ES A6,,,NEUTRAL,False
2122,ES,SB3,,EXPIRATION DATE (SNAPSHOT 920101),LA FECHA FIN DE VIDA LEGAL (SITUACION 920101) ES B3,,,NEUTRAL,False
2123,ES,SPCA,+,APPLICATION FOR EXTENSION OF SUPPLEMENTARY PROTECTION CERTIFICATE FILED [PAEDIATRIC EXTENSION],SOLICITUD PRORROGA CCP,G,PROTECTION BEYOND IP RIGHT TERM,PENDING,False
2124,ES,SPCD,-,SUPPLEMENTARY PROTECTION CERTIFICATE REJECTED,CERTIFICADOS COMPLEMENTARIOS DE PROTECCION: DENEGACIONES,G,PROTECTION BEYOND IP RIGHT TERM,DEAD,False
2125,ES,SPCF,,REQUEST FOR SUPPLEMENTARY PROTECTION CERTIFICATE FILED,SOLICITUD DE CCP,G,PROTECTION BEYOND IP RIGHT TERM,NEUTRAL,False
2126,ES,SPCG,+,SUPPLEMENTARY PROTECTION CERTIFICATE GRANTED,CONCESION CCP,G,PROTECTION BEYOND IP RIGHT TERM,ALIVE,False
2127,ES,SPCN,+,REQUEST FOR RESTORATION [SUPPLEMENTARY PROTECTION CERTIFICATE],[NO ORIGINAL DESCRIPTION PROVIDED],G,PROTECTION BEYOND IP RIGHT TERM,ALIVE,False
2128,ES,SPCO,,APPEAL AGAINST A DECISION RELATED TO A SUPPLEMENTARY PROTECTION CERTIFICATE: FILED,CERTIFICADOS COMPLEMENTARIOS DE PROTECCION: RECURSOS DE ALZADA - INTERPUESTOS,V,APPEAL,NEUTRAL,False
2129,ES,SPCP,,APPEAL AGAINST A DECISION RELATED TO A SUPPLEMENTARY PROTECTION CERTIFICATE:  REJECTED,CERTIFICADOS COMPLEMENTARIOS DE PROTECCION: RECURSOS DE ALZADA - DESESTIMADOS,V,APPEAL,NEUTRAL,False
2130,ES,SPCQ,,APPEAL AGAINST A DECISION RELATED TO A SUPPLEMENTARY PROTECTION CERTIFICATE: ADMITTED,CERTIFICADOS COMPLEMENTARIOS DE PROTECCION: RECURSOS DE ALZADA - ESTIMADOS,V,APPEAL,NEUTRAL,False
2131,ES,SPCR,-,SUPPLEMENTARY PROTECTION CERTIFICATE RENOUNCED,CERTIFICADOS COMPLEMENTARIOS DE PROTECCION: RENUNCIAS,H,IP RIGHT CESSATION,DEAD,False
2132,ES,SPCW,-,APPLICATION FOR SUPPLEMENTARY PROTECTION CERTIFICATE SUSPENDED,CERTIFICADOS COMPLEMENTARIOS DE PROTECCION: SUSPENSOS DE SOLCITUDES,T,ADMINISTRATIVE PROCEDURE ADJUSTMENT,PENDING,False
2133,ES,SPCY,-,REQUEST FOR PAEDIATRIC EXTENSION OF SUPPLEMENTARY PROTECTION CERTIFICATE (SPC) REJECTED,CERTIFICADOS COMPLEMENTARIOS DE PROTECCION (CCP): PUBLICACION DENEGACION PRORROGA,G,PROTECTION BEYOND IP RIGHT TERM,NEUTRAL,False
2134,ES,SPCZ,+,EXTENSION OF SUPPLEMENTARY PROTECTION CERTIFICATE GRANTED [PAEDIATRIC EXTENSION],CONCESION PRORROGA CCP,G,PROTECTION BEYOND IP RIGHT TERM,ALIVE,False
2135,ES,SU,,EXPIRATION DATE (SNAPSHOT 920101),LA FECHA FIN DE VIDA LEGAL (SITUACION 920101) ES U,,,NEUTRAL,False
2136,ES,SY,,EXPIRATION DATE (SNAPSHOT 920101),LA FECHA FIN DE VIDA LEGAL (SITUACION 920101) ES Y,,,NEUTRAL,False
2137,ES,TK1K,,CORRECTION,RECTIFICACION,,,NEUTRAL,False
2138,ES,TK9A,,CORRECTION,RECTIFICACION,,,NEUTRAL,False
2139,FI,71AA,+,SECTION 71A (PATENTS ACT) ACCEPTED (REINSTATEMENT AFTER LOSS OF RIGHTS DUE TO MISSING THE PRESCRIBED TIME LIMIT),71A PAR. PYYNTOE HYVAEKSYTTY,K,IP RIGHT REVIVAL,ALIVE,False
2140,FI,AA,+,APPLICATION IS PENDING,HAKEMUS,,,PENDING,False
2141,FI,BB,,PUBLICATION OF EXAMINED APPLICATION,HAKEMUS PANTU JULKISESTI NAEHTAEVAEKSI,Q,DOCUMENT PUBLICATION,PENDING,False
2142,FI,CC,+,OPPOSITION REJECTED,VAEITE HYLAETTY JA PATENTTI JA PATTENTI PYSYT. VOIMASSA,L,IP RIGHT REVIEW REQUEST,UNKNOWN,False
2143,FI,CD,-,PATENT REFUSED FOLLOWING OPPOSITION,HAKEMUS HYLAETTY VAEITTEEN JOHDOSTA,H,IP RIGHT CESSATION,DEAD,False
2144,FI,FA,-,APPLICATION WITHDRAWN [PATENT],HAKEMUS PERUUTETTU,B,APPLICATION DISCONTINUATION,DEAD,False
2145,FI,FAU,-,APPLICATION WITHDRAWN [UTILITY MODEL],HM-HAKEMUS PERUUTETTU,B,APPLICATION DISCONTINUATION,DEAD,False
2146,FI,FC,-,APPLICATION REFUSED,HAKEMUS HYLAETTY,B,APPLICATION DISCONTINUATION,DEAD,False
2147,FI,FCK,-,APPEAL REJECTED,VALITUKSEN HYLKAEYS,V,APPEAL,UNKNOWN,False
2148,FI,FCKU,-,APPEAL REJECTED,VALITUKSEN HYLKAEYS,V,APPEAL,UNKNOWN,False
2149,FI,FCU,-,APPLICATION REFUSED,HM-HAKEMUS HYLAETTY,B,APPLICATION DISCONTINUATION,DEAD,False
2150,FI,FD,-,APPLICATION LAPSED,JAETETTY SILLENSAE 4 KK,B,APPLICATION DISCONTINUATION,DEAD,False
2151,FI,FDU,-,APPLICATION LAPSED,JAEAENYT SILLENSAE,B,APPLICATION DISCONTINUATION,DEAD,False
2152,FI,FG,+,PATENT GRANTED,PATENTTI MYOENNETTY,F,IP RIGHT GRANT,ALIVE,True
2153,FI,FGE,+,EP PATENT VALIDATED IN FINLAND,EP PATENTTI VOIMAANSAATETTU SUOMESSA,,,ALIVE,True
2154,FI,FGU,+,UTILITY MODEL REGISTERED,HM REKISTEROEITY,F,IP RIGHT GRANT,ALIVE,False
2155,FI,GA,,PATENT APPLICATION CONVERTED TO UTILITY MODEL APPLICATION,PATENTTIHAKEMUKSESTA MUUNNETTU HYOEDYLLISYYSMALLIHAKEMUS,A,APPLICATION FILING,PENDING,False
2156,FI,GB,,TRANSFER OR ASSIGMENT OF APPLICATION,HAKEMUS SIIRRETTY TOISELLE HAKIJALLE,R,PARTY DATA CHANGE,PENDING,False
2157,FI,HC,,NAME/ COMPANY CHANGED IN APPLICATION,HAKEMUKSEN HAKIJAN NIMENMUUTOS,R,PARTY DATA CHANGE,PENDING,False
2158,FI,HF,,PRIORITY INFORMATION AMENDED,ALKUPAEIVAEN SIIRTO,P,RE-PUBLICATION OF DOCUMENT AFTER MODIFICATION,PENDING,False
2159,FI,MA,-,PATENT EXPIRED,PLUS 20 V: PATENTTI LAKANNUT,H,IP RIGHT CESSATION,DEAD,False
2160,FI,MAE,-,EP PATENT EXPIRED,FI-EP-PATENTTI LAKANNUT,H,IP RIGHT CESSATION,DEAD,False
2161,FI,MAU,-,UTILITY MODEL EXPIRED,HM LAKANNUT,H,IP RIGHT CESSATION,DEAD,False
2162,FI,MD,,OPPOSITION FILED,"VAEITE, TEKIJAE",L,IP RIGHT REVIEW REQUEST,NEUTRAL,False
2163,FI,MDE,,OPPOSITION FILED IN FINLAND,FI-EP VAEITE,L,IP RIGHT REVIEW REQUEST,NEUTRAL,False
2164,FI,MDU,-,REQUEST FOR INVALIDATION FILED,PATENTTI KUMOTTU VAEITTEEN JOHDOSTA,L,IP RIGHT REVIEW REQUEST,DEAD,False
2165,FI,MF,-,PATENT CANCELLED,PATENTTI MITAETOEITY,H,IP RIGHT CESSATION,DEAD,False
2166,FI,MFD,-,REVOCATION OF PATENT FOLLOWING OPPOSITION,MITAETTOEMAEKSIJULISTAMISVAATIMUS,H,IP RIGHT CESSATION,DEAD,False
2167,FI,MFDR,-,REVOCATION OF PATENT,VAEITE HYVAEKSYTTY JA PATENTTI KUMUOTTU,H,IP RIGHT CESSATION,DEAD,False
2168,FI,MFU,-,UTILITY MODEL CANCELLED,HM MITAETOEITY,H,IP RIGHT CESSATION,DEAD,False
2169,FI,MFX,-,TOTAL CANCELLATION BY COURT,PATENTIN MILAETOEINTI OIKEUDEN PAEAETOEKSELLAE,H,IP RIGHT CESSATION,DEAD,False
2170,FI,MGE,-,REVOKED FOLLOWING OPPOSITION,FI-EP HYLAETTY VAEITTEEN JOHDOSTA,H,IP RIGHT CESSATION,DEAD,False
2171,FI,MH,-,RENOUNCEMENT BY THE OWNER,LAKKAUTETTU,H,IP RIGHT CESSATION,DEAD,False
2172,FI,MHE,-,EP PATENT SURRENDERED,FI-EP LAKKAUTETTU,H,IP RIGHT CESSATION,DEAD,False
2173,FI,MM,-,PATENT LAPSED,PATENTTI RAUENNUT MAKSAMATTOMIEN VUOSIMAKSUJEN TAKIA,H,IP RIGHT CESSATION,DEAD,False
2174,FI,MME,-,FI-EP PATENT LAPSED,FI-EP PATENTTI RAUENNUT,H,IP RIGHT CESSATION,DEAD,False
2175,FI,MMU,-,UTILITY MODEL LAPSED,LAKANNEET HM,H,IP RIGHT CESSATION,DEAD,False
2176,FI,NB,,PATENT AMENDED,VAEITTEENJOHDOSTA MUUTETTU PATENTTIJULK,P,RE-PUBLICATION OF DOCUMENT AFTER MODIFICATION,PENDING,False
2177,FI,ND,+,SUPPLEMENTARY PROTECTION CERTIFICATE (SPC) GRANTED,SPC-HAKEMUS HYVAEKSYTTY,G,PROTECTION BEYOND IP RIGHT TERM,ALIVE,False
2178,FI,NF,+,RE-ESTABLISHMENT OF LAPSED RIGHT,RATKAISUPYYNTOE 71A:N MUKAAN,K,IP RIGHT REVIVAL,ALIVE,False
2179,FI,NG,+,OPPOSITION WITHDRAWN,VAEITTEEN PERUUTUS,L,IP RIGHT REVIEW REQUEST,UNKNOWN,False
2180,FI,P71A,+,REINSTATMENT ACC. SECT. 71A PATENTS ACT,71A: PYYNTOE HYVAEKSYTTY,K,IP RIGHT REVIVAL,ALIVE,False
2181,FI,PA,,SUPPLEMENTARY PROTECTION CERTIFICATE (SPC) FILED,SPC- HAKEMUS,,,NEUTRAL,False
2182,FI,PC,,TRANSFER OF ASSIGNMENT OF PATENT,PATENTI SIIRRETTY TOISELLE HALTIJALLE,R,PARTY DATA CHANGE,NEUTRAL,False
2183,FI,PCE,,NEW ASSIGNEE OR OWNER (EP PATENT),PATENTI SIIRRETTY TOISELLE HALTIJALLE,R,PARTY DATA CHANGE,NEUTRAL,False
2184,FI,PCU,,NEW ASSIGNEE OR OWNER (UTILITY MODELS),SIIRRETTY UUDELLE HALTIJALLE,R,PARTY DATA CHANGE,NEUTRAL,False
2185,FI,QB,,LICENCE GRANTED / REGISTERED,TOISSIJAINEN KAEYTTOELUPA,S,INFORMATION ON LICENSING AND SIMILAR TRANSACTIONS,NEUTRAL,False
2186,FI,RC,,PATENT HELD AS PLEDGE,PANTTIOIKEUS,S,INFORMATION ON LICENSING AND SIMILAR TRANSACTIONS,NEUTRAL,False
2187,FI,RF,,APPEAL FILED,PANTTAUKSEN PERUUTUS,V,APPEAL,NEUTRAL,False
2188,FI,RFK,,APPEAL ACCEPTED,VALITUS HYVAEKSYTTY,V,APPEAL,NEUTRAL,False
2189,FI,RFKU,,APPEAL ACCEPTED,VALITUS HYVAEKSYTTY,V,APPEAL,NEUTRAL,False
2190,FI,RFU,,APPEAL FILED,VALITUKSEN KIRJAUS,V,APPEAL,NEUTRAL,False
2191,FI,SPCE,,APPLICATION FOR EXTENSION OF A SUPPLEMENTARY PROTECTION CERTIFICATE [PEDIATRIC EXTENSION],SPC VOIMASSAOLOAJAN JATKAMISPYYNTOE,G,PROTECTION BEYOND IP RIGHT TERM,PENDING,False
2192,FI,SPCF,,SUPPLEMENTARY PROTECTION CERTIFICATE APPLICATION FILED,SPC HAKEMUS,G,PROTECTION BEYOND IP RIGHT TERM,PENDING,False
2193,FI,SPCG,+,SUPPLEMENTARY PROTECTION CERTIFICATE GRANTED,SPC MYOENNETTY,G,PROTECTION BEYOND IP RIGHT TERM,ALIVE,False
2194,FI,SPCL,-,"WITHDRAWAL, REJECTION OR DISMISSAL OF A SUPPLEMENTARY PROTECTION CERTIFICATE","SPC HYLKAEYS, PERUUTUS TAI SILLENSAE JAETTOE",G,PROTECTION BEYOND IP RIGHT TERM,DEAD,False
2195,FI,SPCP,+,EXTENSION OF A SUPPLEMENTARY PROTECTION CERTIFICATE [PEDIATRIC EXTENSION],SPC: N VOIMASSAOLOA JATKETTU,G,PROTECTION BEYOND IP RIGHT TERM,NEUTRAL,False
2196,FI,SPCR,-,LAPSE OR EXPIRY OF A SUPPLEMENTARY PROTECTION CERTIFICATE,SPC RAUENNUT TAI LAKKAUTETTU,H,IP RIGHT CESSATION,DEAD,False
2197,FI,SPCX,+,SUPPLEMENTARY PROTECTION CERTIFICATE: CORRECTION,SPC TIETOJEN KORJAUKSET,G,PROTECTION BEYOND IP RIGHT TERM,NEUTRAL,False
2198,FI,TC,,NAME/ COMPANY CHANGED IN PATENT,PATENTINHALTIJAN NIMENMUUTOS,R,PARTY DATA CHANGE,NEUTRAL,False
2199,FI,TCU,,CHANGE OF NAME OF PATENT OWNER FOR A UTILITY MODEL,HALTIJAN NIMENMUUTOS,R,PARTY DATA CHANGE,NEUTRAL,False
2200,FR,AM,,ACT MODIFYING THE RIGHTS RELATED TO AN APPLICATION OR A PATENT,ACTE MODIFIANT LES DROITS ATTACHES A UNE DEMANDE DE BREVET OU A UN BREVET,Z,CLASSIFICATION PENDING,PENDING,False
2201,FR,AN,,OFFICIAL ADJUDICATION PUBLISHED,ADJUDICATION PUBLIQUE NOTIFIEE,S,INFORMATION ON LICENSING AND SIMILAR TRANSACTIONS,NEUTRAL,False
2202,FR,AP,,PETITION FOR PROPERTY CLAIM,ACTION EN REVENDICATION DE PROPRIETE,,,NEUTRAL,False
2203,FR,AR,,APPLICATION MADE FOR RESTORATION,ACTION EN RESTAURATION,,,PENDING,False
2204,FR,AS,,COURT ACTION BROUGHT TO CLAIM OWNERSHIP OF THE PATENT,ASSIGNATION EN REVENDICATION DE PROPRIETE,R,PARTY DATA CHANGE,NEUTRAL,False
2205,FR,AT,,ANNULMENT OF DECISION OF TRANSFORMATION,ANNULATION DE DECISION DE TRANSFORMATION,,,NEUTRAL,False
2206,FR,AU,,OTHER ACTION AFFECTING THE OWNERSHIP OR EXPLOITATION OF AN INDUSTRIAL PROPERTY RIGHT,AUTRE ACTE AFFECTANT LA PROPRIETE OU LA JOUISSANCE D'UN TITRE DE PROPRIETE INDUSTRIELLE,R,PARTY DATA CHANGE,NEUTRAL,False
2207,FR,AV,,OTHER ACTION AFFECTING THE EXISTENCE OR THE VALIDITY OF AN INDUSTRIAL PROPERTY RIGHT,AUTRE ACTE AFFECTANT L'EXISTENCE OU LA VALIDITE D'UN TITRE DE PROPRIETE INDUSTRIELLE,W,OTHER,NEUTRAL,False
2208,FR,BD,-,LAPSE CONFIRMED,ARRET CONFIRMANT LA DECHEANCE,,,DEAD,False
2209,FR,BR,+,RESTORATION OF RIGHTS,ARRET RESTAURANT LES DROITS,,,ALIVE,False
2210,FR,C1,,APPLICATION FOR SUPPLEMENTARY PROTECTION CERTIFICATE (SPC) FOR PLANT PROTECTION LAID OPEN TO THE PUBLIC,DEMANDE DE CERTIFICAT COMPLEMENTAIRE DE PROTECTION (CCP) PHYTOPHARMACEUTIQUE RENDUE PUBLIQUE,G,PROTECTION BEYOND IP RIGHT TERM,PENDING,False
2211,FR,C2,,APPLICATION FOR SUPPLEMENTARY PROTECTION CERTIFICATE (SPC) FOR PLANT PROTECTION GRANTED,DEMANDE DE CERTIFICAT COMPLEMENTAIRE DE PROTECTION (CCP) PHYTOPHARMACEUTIQUE DELIVREE,G,PROTECTION BEYOND IP RIGHT TERM,PENDING,False
2212,FR,C3,,APPLICATION FOR SUPPLEMENTARY PROTECTION CERTIFICATE (SPC) FOR PLANT PROTECTION REJECTED,DEMANDE DE CERTIFICAT COMPLEMENTAIRE DE PROTECTION (CCP) PHYTOPHARMACEUTIQUE REJETEE,G,PROTECTION BEYOND IP RIGHT TERM,PENDING,False
2213,FR,CA,,CHANGE OF ADDRESS,CHANGEMENT D'ADDRESSE,R,PARTY DATA CHANGE,NEUTRAL,False
2214,FR,CB,,SUPPLEMENTARY PROTECTION CERTIFICATE (SPC) GRANTED (LAW OF 25 JUNE 1990),DEMANDE DE CERTIFICAT COMPLEMENTAIRE DE PROTECTION DELIVRE (LOI DU 25 JUIN 1990),,,NEUTRAL,False
2215,FR,CC,,SUPPLEMENTARY PROTECTION CERTIFICATE (SPC) LAID OPEN TO THE PUBLIC (LAW OF 25 JUNE 1990),DEMANDE DE CERTIFICAT COMPLEMENTAIRE DE PROTECTION RENDU PUBLIQUE (LOI DU 25 JUIN 1990),,,NEUTRAL,False
2216,FR,CD,,CHANGE OF NAME OR COMPANY NAME,CHANGEMENT DE NOM DE DENOMINATION,R,PARTY DATA CHANGE,NEUTRAL,False
2217,FR,CERR,,CORRECTION AND/OR MODIFICATION FOR SPCS,CORRECTIONS ET/OU MODIFICATIONS DE CCP,P,RE-PUBLICATION OF DOCUMENT AFTER MODIFICATION,PENDING,False
2218,FR,CJ,,CHANGE IN LEGAL FORM,CHANGEMENT DE FORME JURIDIQUE,R,PARTY DATA CHANGE,NEUTRAL,False
2219,FR,CL,,CONCESSION TO GRANT LICENCES,CONCESSION DE LICENCE,S,INFORMATION ON LICENSING AND SIMILAR TRANSACTIONS,NEUTRAL,False
2220,FR,CN,,CHANGE IN JURIDICAL NATURE,CHANGEMENT DE NATURE JURIDIQUE,,,NEUTRAL,False
2221,FR,CP,,SUPPLEMENTARY PROTECTION CERTIFICATE (SPC) FILED,DEMANDE DE CERTIFICAT COMPLEMENTAIRE DE PROTECTION,G,PROTECTION BEYOND IP RIGHT TERM,NEUTRAL,False
2222,FR,CR,,REQUEST FOR SUPPLEMENTARY PROTECTION CERTIFICATE LAID OPEN TO THE PUBLIC (EEC REGULATION OF 18 JUNE 1992),DEMANDE DE CERTIFICAT COMPLEMENTAIRE DE PROTECTION RENDUE PUBLIQUE (REGLEMENT CEE DU 18 JUIN 1992),G,PROTECTION BEYOND IP RIGHT TERM,NEUTRAL,False
2223,FR,CT,+,GRANTED SUPPLEMENTARY PROTECTION CERTIFICATE (SPC) FOR MEDICINE (EEC REGULATION OF 18 JUNE 1992),CERTIFICAT COMPLEMENTAIRE DE PROTECTION POUR MEDICAMENT DELIVRE (REGLEMENT CEE DU 18 JUIN 1992),G,PROTECTION BEYOND IP RIGHT TERM,ALIVE,False
2224,FR,CX,,REQUEST FOR SUPPLEMENTARY PROTECTION CERTIFICATE (SPC) REJECTED,DEMANDE DE CERTIFICAT COMPLEMENTAIRE DE PROTECTION REJETEE,G,PROTECTION BEYOND IP RIGHT TERM,NEUTRAL,False
2225,FR,CY,+,SUPPLEMENTARY CERTIFICATE OF PROTECTION GRANTED (EEC REGULATION OF 18 JUNE 1992),DEMANDE DE CERTIFICAT COMPLEMENTAIRE DE PROTECTION DELIVRE (REGLEMENT CEE DU 18 JUIN 1992),G,PROTECTION BEYOND IP RIGHT TERM,ALIVE,False
2226,FR,D1,,DECISION OF THE DIRECTOR GENERAL TO REPORT THE DECISION OF LAPSE,DECISION DU DIRECTEUR GENERAL RAPPORTANT LA DECISION DE CONSTATATION DE DECHEANCE,,,NEUTRAL,False
2227,FR,D2,-,RENUNCIATION DUE TO AN APPEAL,DESISTEMENT A LA SUITE D'UN RECOURS,,,DEAD,False
2228,FR,D3,+,IP RIGHT REVIVED,DECISION RAPPORTANT LA DECISION DE CONSTATATION DE DECHEANCE,K,IP RIGHT REVIVAL,ALIVE,False
2229,FR,D4,,BRINGING ABOUT THE DECISION OF LAPSE,APPORTANT LA DECISION DE CONSTATATION DE DECHEANCE,,,NEUTRAL,False
2230,FR,D5,-,RENUNCIATION DUE TO AN APPEAL ON RESTAURATION,DESISTEMENT A LA SUITE D'UN RECOURS EN RESTAURATION,H,IP RIGHT CESSATION,DEAD,False
2231,FR,D6,,PATENT ENDORSED LICENCES OF RIGHTS,ADMISSION A LA LICENCE DE DROIT,S,INFORMATION ON LICENSING AND SIMILAR TRANSACTIONS,NEUTRAL,False
2232,FR,D7,-,WITHDRAWAL FROM PROCEEDINGS AFTER LODGING OF APPEAL BEFORE THE COURT OF APPEAL,DESISTEMENT A LA SUITE D'UN RECOURS FORME DEVANT LA COUR D'APPEL,Z,CLASSIFICATION PENDING,DEAD,False
2233,FR,D8,-,PARTIAL WITHDRAWAL,RETRAIT PARTIEL,M,IP RIGHT MAINTENANCE,DEAD,False
2234,FR,D9,,LICENCE,ADMISSION AU REGIME DE LA LICENCE DE DROIT,,,NEUTRAL,False
2235,FR,DA,+,ANNULMENT OF DECISION OF LAPSE,ANNULATION DE LA DECISION DE CONSTATATION DE DECHEANCE,,,UNKNOWN,False
2236,FR,DC,,DECISION OF THE SUPREME COURT [COUR DE CASSATION],DECISION DE LA COUR DE CASSATION,,,NEUTRAL,False
2237,FR,DD,,COURT DECISION ON DESIGNATION OF INVENTOR,DECISION JUDICIAIRE STATUANT SUR LA DESIGNATION DE L'INVENTEUR,,,NEUTRAL,False
2238,FR,DE,-,WITHDRAWAL DUE TO AN ACTION OF RESTORATION,DESISTEMENT A LA SUITE D'UNE ACTION EN RESTAURATION,H,IP RIGHT CESSATION,DEAD,False
2239,FR,DG,,CANCELLATION OF A LIEN (PLEDGE) DUE TO A JURIDICAL DECISION,RADIATION D'UNE INSCRIPTION RELATIVE AU GAGE,S,INFORMATION ON LICENSING AND SIMILAR TRANSACTIONS,NEUTRAL,False
2240,FR,DH,-,CONSIDERED AS NULL AND VOID,ETRE CONSIDERE COMME NUL ET NON AVENU,,,DEAD,False
2241,FR,DI,-,INADMISSIBILITY OF AN ACTION OF RESTORATION,IRRECEVABILITE D'UNE ACTION EN RESTAURATION,,,UNKNOWN,False
2242,FR,DJ,,FINAL JUDICIAL DECISION DETERMINING THE RIGHTS RELATED TO A PATENT,DECISION JUDICIAIRE DEFINITIVE STATUANT SUR LES DROITS ATTACHES A UN BREVET,V,APPEAL,NEUTRAL,False
2243,FR,DL,,DECISION OF THE DIRECTOR GENERAL TO LEAVE TO MAKE AVAILABLE LICENCES OF RIGHT,DECISION DU DIRECTEUR GENERAL ADMETTANT UN BREVET AU REGIME DE LICENCE DE DROIT,,,NEUTRAL,False
2244,FR,DO,-,APPEAL FOR RESTORATION REJECTED,RECOURS EN RESTAURATION SANS OBJET,,,UNKNOWN,False
2245,FR,DP,,PETITION FOR PROPERTY CLAIM,ACTION EN REVENDICATION DE PROPRIETE DECISION JUDICIAIRE DEFINITIVE,,,NEUTRAL,False
2246,FR,DR,,"DECISION OF THE APPEAL COURT DUE TO AN APPEAL AT LAW AGAINST DECISIONS OF THE DIRECTOR OF THE INPI, EXCEPT DECISION OF LAPSE","DECISION DE LA COUR D'APPEL A LA SUITE D'UN RECOURS FORME CONTRE LES DECISIONS DU DIRECTEUR, AUTRES QUE LA DECISION DE CONSTATATION DE DECHEANCE",,,NEUTRAL,False
2247,FR,DS,,DECISION OF THE DIRECTOR GENERAL TO STATE ABOUT AN APPEAL,DECISION DU DIRECTEUR GENERAL STATUANT SUR UN RECOURS,V,APPEAL,NEUTRAL,False
2248,FR,EERR,,CORRECTION AND/OR MODIFICATION OF EUROPEAN PATENT,CORRECTION ET/OU MODIFICATION DE BREVET EUROPEEN,P,RE-PUBLICATION OF DOCUMENT AFTER MODIFICATION,PENDING,False
2249,FR,EF,,CONVERSION OF A EUROPEAN TO A FRENCH PATENT APPLICATION,DEMANDE DE BREVET EUROPEEN TRANSFORMEE EN DEMANDE DE BREVET FRANCAIS,A,APPLICATION FILING,PENDING,False
2250,FR,EL,+,TRANSLATION OF CLAIMS FILED,TRADUCTION DES REVENDICATIONS A ETE REMISE,W,OTHER,NEUTRAL,False
2251,FR,EM,,CORRECTION OF A MATERIAL ERROR CONCERNING INSCRIPTION IN THE NATIONAL PATENT REGISTER,RECTIFICATION D'ERREUR MATERIELLE CONCERNANT UNE INSCRIPTION,Y,CORRECTION AND DELETION OF EVENT INFORMATION,NEUTRAL,False
2252,FR,ER,,ERRATA LISTED IN THE FRENCH OFFICIAL JOURNAL (BOPI),ERRATUM - INSCRIPTIONS AU REGISTRE NATIONAL DES BREVETS,Y,CORRECTION AND DELETION OF EVENT INFORMATION,NEUTRAL,False
2253,FR,ERR,,CORRECTION OF ERROR IN THE BULLETIN,CORRECTION D'ERREUR FIGURANT AU BOPI,Y,CORRECTION AND DELETION OF EVENT INFORMATION,NEUTRAL,False
2254,FR,EXTE,+,EXTENSION TO A FRENCH TERRITORY,DEMANDE D'EXTENSION TERRITOIRE FRANCAIS,W,OTHER,UNKNOWN,False
2255,FR,FC,,DECISION OF INPI DIRECTOR GENERAL TO APPROVE REQUEST FOR RESTORATION,DECISION DU DIRECTEUR GENERAL STATUANT FAVORABLEMENT SUR UN RECOURS,K,IP RIGHT REVIVAL,NEUTRAL,False
2256,FR,GC,,LIEN (PLEDGE) CONSTITUTED,CONSTITUTION DE GAGE,S,INFORMATION ON LICENSING AND SIMILAR TRANSACTIONS,NEUTRAL,False
2257,FR,GR,,LIEN (PLEDGE) CANCELLED DUE TO A COURT DECISION,GAGE RADIE,,,NEUTRAL,False
2258,FR,IC,,DECISION OF THE DIRECTOR GENERAL TO DECLARE IRRECEIVABLE OR TO REJECT AN APPEAL,DECISION DU DIRECTEUR GENERAL DECLARANT IRRECEVABLE OU REJETANT UN RECOURS,V,APPEAL,NEUTRAL,False
2259,FR,IM,,REGISTRATION OF A COMPANY,IMMATRICULATION DE SOCIETE,R,PARTY DATA CHANGE,NEUTRAL,False
2260,FR,JD,,DIFFERENT FINAL JUDGEMENTS,JUDGEMENTS DEFINITIFS DIVERS,,,NEUTRAL,False
2261,FR,JE,,FINAL JURIDICAL DECISION AFFECTING THE EXISTENCE OR VALIDITY OF AN INDUSTRIAL PROPERTY RIGHT,DECISION JUDICIAIRE DEFINITIVE AFFECTANT L'EXISTENCE OU LA VALIDITE D'UN TITRE DE PROPRIETE INDUSTRIELLE,V,APPEAL,NEUTRAL,False
2262,FR,JR,-,REMOVAL FROM THE REGISTER FOLLOWING A COURT DECISION [AFTER OPPOSITION OR APPEAL PROCEEDINGS],RADIATION JUDICIAIRE,W,OTHER,UNKNOWN,False
2263,FR,JU,,FINAL JURIDICAL DECISION AFFECTING THE OWNERSHIP OR EXPLOITATION OF AN INDUSTRIAL PROPERTY RIGHT,DECISION JUDICIAIRE DEFINITIVE AFFECTANT LA PROPRIETE OU LA JOUISSANCE D'UN TITRE DE PROPRIETE INDUSTRIELLE,V,APPEAL,NEUTRAL,False
2264,FR,LD,,LICENCES OF RIGHT,LICENCE DE DROIT,,,NEUTRAL,False
2265,FR,LIMR,-,LIMITATION OF CLAIMS,LIMITATION DES REVENDICATIONS,M,IP RIGHT MAINTENANCE,UNKNOWN,False
2266,FR,LR,,CANCELLATION OF LEAVE TO MAKE AVAILABLE LICENCES OF RIGHT,REVOCATION D'UN BREVET AU REGIME DE LA LICENCE DE DROIT,,,NEUTRAL,False
2267,FR,LT,,CANCELLATION OF ENTRY OF LICENCES OF RIGHT,REVOCATION DE LA LICENCE DE DROIT,S,INFORMATION ON LICENSING AND SIMILAR TRANSACTIONS,NEUTRAL,False
2268,FR,MD,,TRANSFER OF RIGHTS IN CASE OF DEATH,MUTATION DECES,,,NEUTRAL,False
2269,FR,ML,,CANCELLATION OF SEIZURE,MAINLEVEE DE SAISIE,S,INFORMATION ON LICENSING AND SIMILAR TRANSACTIONS,NEUTRAL,False
2270,FR,MS,,CANCELLATION OF A DISTRAINT ORDER,MAINLEVEE D'UNE SAISIE ARRET,S,INFORMATION ON LICENSING AND SIMILAR TRANSACTIONS,NEUTRAL,False
2271,FR,MT,-,CANCELLATION OF SEIZURE,MAINLEVEE DE SAISIE,S,INFORMATION ON LICENSING AND SIMILAR TRANSACTIONS,DEAD,False
2272,FR,MV,-,NOTIFICATION OF GRANT IS CANCELLED,SUPPRIMER LA MENTION DE DELIVRANCE,F,IP RIGHT GRANT,DEAD,False
2273,FR,NB,-,NULLIFICATION OF A PATENT,NULLITE D'UN BREVET,,,DEAD,False
2274,FR,OR,-,OPPOSITION FILED,OPPOSITION FORMÉE,L,IP RIGHT REVIEW REQUEST,UNKNOWN,False
2275,FR,OT,+,COURT DECISION FULLY CONFIRMING THE SCOPE OF A PATENT,DECISION JUDICIAIRE CONFIRMANT TOTALEMENT LA PORTEE DU BREVET,M,IP RIGHT MAINTENANCE,ALIVE,False
2276,FR,OX,-,COURT DECISION REVOKING A PATENT FOLLOWING OPPOSITION,DECISION JUDICIAIRE DE REVOCATION D'UN BREVET SUITE A OPPOSITION,H,IP RIGHT CESSATION,DEAD,False
2277,FR,OY,,COURT DECISION PARTIALLY MODIFYING THE SCOPE OF A PATENT FOLLOWING OPPOSITION,DECISION JUDICIAIRE MODIFIANT PARTIELLEMENT LA PORTEE D'UN BREVET SUITE A OPPOSITION,M,IP RIGHT MAINTENANCE,NEUTRAL,False
2278,FR,PC,,APPEAL BEFORE THE SUPREME COURT [COUR DE CASSATION] [AFTER OPPOSITION OR APPEAL PROCEEDINGS],POURVOI EN CASSATION,W,OTHER,NEUTRAL,False
2279,FR,PLFP,+,FEE PAYMENT,DERNIERE ANNUITE PAYEE,U,PAYMENT,ALIVE,False
2280,FR,PLSC,,PUBLICATION OF THE PRELIMINARY SEARCH REPORT,PUBLICATION DU RAPPORT DE RECHERCHE PRELIMINAIRE,Q,DOCUMENT PUBLICATION,PENDING,False
2281,FR,PR,-,FRENCH POLYNESIA EXTENSION REQUEST REJECTED,DEMANDE D'EXTENSION POLYNESIE FRANCAISE REJETEE,W,OTHER,UNKNOWN,False
2282,FR,R1,,APPEAL,RECOURS,,,NEUTRAL,False
2283,FR,RA,-,CANCELLATION OF ACTION MADE FOR RESTORATION,RADIATION DE L'ACTION EN RESTAURATION,,,DEAD,False
2284,FR,RB,,DECISION OF THE DIRECTOR GENERAL TO REVOKE THE DECISION TO LEAVE TO MAKE AVAILABLE LICENCES OF RIGHT,DECISION DU DIRECTEUR GENERAL REVOQUANT LA DECISION AYANT ADMIS UN BREVET AU REGIME DE LICENCE DE DROIT,,,NEUTRAL,False
2285,FR,RC,+,OPPOSITION AGAINST DECISION OF LAPSE,RECOURS CONTRE LA DECISION DE CONSTATATION DE DECHEANCE,V,APPEAL,UNKNOWN,False
2286,FR,RD,+,RESUMPTION OF PROCEDURE ON THE GRANTING,REPRISE DE LA PROCEDURE DE DELIVRANCE,T,ADMINISTRATIVE PROCEDURE ADJUSTMENT,ALIVE,False
2287,FR,RE,-,WITHDRAWAL OF PUBLISHED APPLICATION,RETRAIT SUR DEMANDE PUBLIEE,,,DEAD,False
2288,FR,REFU,-,REFUSAL,REJET DE LA DEMANDE,B,APPLICATION DISCONTINUATION,DEAD,False
2289,FR,RERR,,CORRECTION AND/OR MODIFICATION IN THE NATIONAL PATENT REGISTER OF FRANCE,CORRECTION ET/OU MODIFICATION DANS LE REGISTRE NATIONAL DE BREVET,Y,CORRECTION AND DELETION OF EVENT INFORMATION,NEUTRAL,False
2290,FR,RF,,APPEAL FORMED BEFORE THE COURT OF APPEALS AGAINST A DECISION OF THE DIRECTOR GENERAL,RECOURS FORME DEVANT LA COUR D'APPEL CONTRE UNE DECISION DU DIRECTEUR GENERAL,V,APPEAL,NEUTRAL,False
2291,FR,RG,,LIEN (PLEDGE) CANCELLED,RADIATION DE GAGE,S,INFORMATION ON LICENSING AND SIMILAR TRANSACTIONS,NEUTRAL,False
2292,FR,RL,,TERMINATION OF A LICENCE,RESILIATION DE LICENCE,S,INFORMATION ON LICENSING AND SIMILAR TRANSACTIONS,NEUTRAL,False
2293,FR,RM,,CORRECTION OF A MATERIAL ERROR,RECTIFICATION D'ERREUR MATERIELLE,Y,CORRECTION AND DELETION OF EVENT INFORMATION,NEUTRAL,False
2294,FR,RN,,APPLICATION FOR RESTORATION,RECOURS EN RESTAURATION OU EN ANNULATION,V,APPEAL,PENDING,False
2295,FR,RP,-,PARTIAL RENUNCIATION,RENONCIATION PARTIELLE,M,IP RIGHT MAINTENANCE,DEAD,False
2296,FR,RR,-,WITHDRAWAL OR COMPLETE RENUNCIATION,RETRAIT OU RENONCIATION TOTALE,B,APPLICATION DISCONTINUATION,DEAD,False
2297,FR,RS,-,COMPLETE WITHDRAWAL,RETRAIT TOTAL,B,APPLICATION DISCONTINUATION,DEAD,False
2298,FR,RT,-,COMPLETE RENUNCIATION,RENONCIATION TOTALE,H,IP RIGHT CESSATION,DEAD,False
2299,FR,RU,,APPEAL FORMED BEFORE THE COURT OF APPEALS,RECOURS FORME DEVANT LA COURS D'APPEL,V,APPEAL,NEUTRAL,False
2300,FR,RX,-,COMPLETE REJECTION,REJET TOTAL,B,APPLICATION DISCONTINUATION,DEAD,False
2301,FR,SD,-,SUSPENSION OF PROCEDURE ON THE GRANTING,SUSPENSION DE LA PROCEDURE DE DELIVRANCE,T,ADMINISTRATIVE PROCEDURE ADJUSTMENT,UNKNOWN,False
2302,FR,SI,,END OF COURT PROCEEDINGS WITHOUT CONSEQUENCES FOR THE IP RIGHT,FIN DE PROCEDURE JUDICIAIRE SANS INCIDENCE SUR LE TITRE,Z,CLASSIFICATION PENDING,NEUTRAL,False
2303,FR,SN,,DISTRAINT NOTIFIED (IN THE NATIONAL PATENT REGISTER),SAISIE NOTIFIEE,S,INFORMATION ON LICENSING AND SIMILAR TRANSACTIONS,NEUTRAL,False
2304,FR,SPAY,+,ANNUAL FEE FOR SPC PAID [SUPPLEMENTARY PROTECTION CERTIFICATE],DERNIERE ANNUITE PAYEE (CCP),U,PAYMENT,UNKNOWN,False
2305,FR,SPC7,,WITHDRAWAL FROM PROCEEDINGS AFTER LODGING OF APPEAL BEFORE THE COURT OF APPEAL [SUPPLEMENTARY PROTECTION CERTIFICATE],DESISTEMENT A LA SUITE D'UN RECOURS FORME DEVANT LA COUR D'APPEL,Z,CLASSIFICATION PENDING,NEUTRAL,False
2306,FR,SPCC,,CHANGE OF OWNER'S NAME OR ADDRESS FOR A SUPPLEMENTARY PROTECTION CERTIFICATE,"CHANGEMENT DE NOM, DE DENOMINATION OU D'ADDRESS DU TITULAIRE (CCP)",R,PARTY DATA CHANGE,NEUTRAL,False
2307,FR,SPCD,,LIEN (PLEDGE) CANCELLED DUE TO A COURT DECISION (SPC),RADIATION DE GAGE [CCP],S,INFORMATION ON LICENSING AND SIMILAR TRANSACTIONS,NEUTRAL,False
2308,FR,SPCF,+,DECISION OF INPI DIRECTOR GENERAL TO APPROVE REQUEST FOR RESTORATION [SUPPLEMENTARY PROTECTION CERTIFICATE],DECISION DU DIRECTEUR GENERAL STATUANT FAVORABLEMENT SUR UN RECOURS [CCP],K,IP RIGHT REVIVAL,ALIVE,False
2309,FR,SPCH,-,IP RIGHT CANCELLED BY FINAL JUDICIAL DECISION [SUPPLEMENTARY PROTECTION CERTIFICATE],DECISION JUDICIAIRE DEFINITIVE ANNULANT TOTALEMENT UN TITRE,H,IP RIGHT CESSATION,DEAD,False
2310,FR,SPCI,-,COMPLETE RENUNCIATION OF AN SPC,INSCRIPTION D'UNE RENONCIATION TOTALE DE CCP,H,IP RIGHT CESSATION,DEAD,False
2311,FR,SPCJ,+,PUBLICATION OF THE APPLICATION TO PROLONGATE AN SPC,PUBLICATION DE LA PROROGATION DE LA CCP,Q,DOCUMENT PUBLICATION,PENDING,False
2312,FR,SPCL,-,SUPPLEMENTARY PROTECTION CERTIFICATE LAPSED OR EXPIRED,CONSTATATION DE DECHEANCES DE CERTIFICAT COMPLEMENTAIRE DE PROTECTION,H,IP RIGHT CESSATION,DEAD,False
2313,FR,SPCM,,NOTIFICATION OF SEIZURE [SUPPLEMENTARY PROTECTION CERTIFICATE],SAISIE NOTIFIEE (CCP),S,INFORMATION ON LICENSING AND SIMILAR TRANSACTIONS,NEUTRAL,False
2314,FR,SPCN,,APPEAL BEFORE THE SUPREME COURT [COUR DE CASSATION] FOR SUPPLEMENTARY PROTECTION CERTIFICATES [AFTER OPPOSITION OR APPEAL PROCEEDINGS],POURVOI EN CASSATION DE CERTIFICATS COMPLEMENTAIRES DE PROTECTION (CCP),W,OTHER,NEUTRAL,False
2315,FR,SPCO,+,DECISION TO CONFIRM THE PARTIAL OR TOTAL VALIDITY OF THE SUPPLEMENTARY PROTECTION CERTIFICATE (SPC),DECISION JUDICIAIRE CONFIRMANT PARTIELLEMENT OU TOTALEMENT LA VALIDITE DU TITRE [CCP],M,IP RIGHT MAINTENANCE,ALIVE,False
2316,FR,SPCP,,APPEAL FORMED BEFORE THE COURT OF APPEAL FOR A SUPPLEMENTARY PROTECTION CERTIFICATE,RECOURS FORME DEVANT LA COUR D'APPEL (CCP),V,APPEAL,NEUTRAL,False
2317,FR,SPCQ,,FINAL JURIDICAL DECISION DETERMINATING THE RIGHTS RELATED TO A SUPPLEMENTARY PROTECTION CERTIFICATE,DECISION JUDICIAIRE DEFINITIVE AFFECTANT LA PROPRIETE OU LA JOUISSANCE D'UN TITRE DE PI (CCP),R,PARTY DATA CHANGE,NEUTRAL,False
2318,FR,SPCR,+,APPEAL FOR REINSTATEMENT OR FOR INVALIDATION [SUPPLEMENTARY PROTECTION CERTIFICATE],RECOURS EN RESTAURATION OU EN ANNULATION [CCP],Z,CLASSIFICATION PENDING,ALIVE,False
2319,FR,SPCS,,REGISTERED LICENCE FOR A SUPPLEMENTARY PROTECTION CERTIFICATE,CONCESSION DE LICENCE DE CCP,S,INFORMATION ON LICENSING AND SIMILAR TRANSACTIONS,NEUTRAL,False
2320,FR,SPCT,,TOTAL TRANSMISSION OF PROPERTY OF A SUPPLEMENTARY PROTECTION CERTIFICATE,TRANSMISSION TOTALE DE PROPRIETE DE CCP,R,PARTY DATA CHANGE,NEUTRAL,False
2321,FR,SPCU,,PARTIAL TRANSMISSION OF PROPERTY OF A SUPPLEMENTARY PROTECTION CERTIFICATE,TRANSMISSION PARTIELLE DE PROPRIéTé EN CE QUI CONCERNE LES TITULAIRES DE CCP,R,PARTY DATA CHANGE,NEUTRAL,False
2322,FR,SPCV,-,REQUEST FOR EXTENSION OF A SUPPLEMENTARY PROTECTION CERTIFICATE REJECTED,DEMANDE DE PROROGATION DE CERTIFICATS COMPLEMENTAIRE DE PROTECTION REJETEE,G,PROTECTION BEYOND IP RIGHT TERM,DEAD,False
2323,FR,SPCW,-,COMPLETE WITHDRAWAL OF AN SPC [SUPPLEMENTARY PROTECTION CERTIFICATE],INSCRIPTION DU RETRAIT TOTAL DE CCP,H,IP RIGHT CESSATION,DEAD,False
2324,FR,SPCX,,EXCEPTION TO THE PROTECTION CONFERRED BY A SUPPLEMENTARY PROTECTION CERTIFICATE,EXCEPTION PROTECTION CCP,S,INFORMATION ON LICENSING AND SIMILAR TRANSACTIONS,NEUTRAL,False
2325,FR,SPCY,+,REQUEST FOR EXTENSION OF A SUPPLEMENTARY PROTECTION CERTIFICATE FOR MEDICATION,DEMANDE DE PROROGATION DE CERTIFICATS COMPLEMENTAIRE DE PROTECTION POUR LES MEDICAMENTS,G,PROTECTION BEYOND IP RIGHT TERM,NEUTRAL,False
2326,FR,SPCZ,+,EXTENSION OF A SUPPLEMENTARY PROTECTION CERTIFICATE GRANTED [PAEDIATRIC EXTENSION],PROLONGATION DE CCP DELIVRE,G,PROTECTION BEYOND IP RIGHT TERM,ALIVE,False
2327,FR,SPGC,,LIEN (PLEDGE) [SUPPLEMENTARY PROTECTION CERTIFICATE],CONSTITUTION DE GAGE,S,INFORMATION ON LICENSING AND SIMILAR TRANSACTIONS,NEUTRAL,False
2328,FR,SPMS,,RELEASE OF SEIZURE [SUPPLEMENTARY PROTECTION CERTIFICATE],MAINLEVEE DE SAISIE [CCP],S,INFORMATION ON LICENSING AND SIMILAR TRANSACTIONS,NEUTRAL,False
2329,FR,ST,-,NOTIFICATION OF LAPSE,CONSTATATION DE DECHEANCES,H,IP RIGHT CESSATION,DEAD,False
2330,FR,SU,-,TO BE DELETED,SUPPRESSION A EFFECTUER,,,UNKNOWN,False
2331,FR,TP,,TRANSMISSION OF PROPERTY,TRANSMISSION DE PROPRIETE,R,PARTY DATA CHANGE,NEUTRAL,False
2332,FR,TQ,,PARTIAL TRANSMISSION OF PROPERTY,TRANSMISSION PARTIELLE DE PROPRIETE,R,PARTY DATA CHANGE,NEUTRAL,False
2333,FR,VA,-,FINAL JURIDICAL DECISION TO TOTALLY ANNUL THE RIGHT,DECISION JUDICIAIRE DEFINITIVE ANNULANT TOTALEMENT UN TITRE,H,IP RIGHT CESSATION,DEAD,False
2334,FR,VP,+,DECISION TO CONFIRM THE PARTIAL OR TOTAL VALIDITY OF THE INDUSTRIAL PROPERTY RIGHT,DECISION JUDICIAIRE CONFIRMANT PARTIELLEMENT OU TOTALEMENT LA VALIDITE DU TITRE,M,IP RIGHT MAINTENANCE,ALIVE,False
2335,GB,123M,,HEARING REQUESTED AGAINST TERMINATION - SECTION 123,HEARING REQUESTED AGAINST TERMINATION - SECTION 123,,,NEUTRAL,False
2336,GB,152R,+,RESTORATION OF PATENT. RULE 152,RESTORATION OF PATENT. RULE 152,,,ALIVE,False
2337,GB,1949,,PROCEEDINGS UNDER THE PATENTS ACT 1949,PROCEEDINGS UNDER THE PATENTS ACT 1949,,,NEUTRAL,False
2338,GB,210A,,PROCEEDING UNDER RULE 100 OF THE PATENTS RULES 1982,PROC. UNDER RULE 100 PAT. RULES 1982,,,NEUTRAL,False
2339,GB,4140,,CASE DECIDED ON APPEAL ** APPEAL ALLOWED IN PART (SECT. 14/1949),CASE DEC. ON APPEAL ** APPEAL ALLOWED IN PART (SECT. 14/1949),,,NEUTRAL,False
2340,GB,4141,,CASE DECIDED BY THE PATENTS APPEAL TRIBUNAL ** GRANT ALLOWED (SECT. 14/1949),CASE DEC. BY THE PATENTS APPEAL TRIBUNAL ** GRANT ALLOWED (SECT. 14/1949),,,NEUTRAL,False
2341,GB,4142,,CASE DECIDED ON APPEAL ** SPECIFICATION AMENDED IN ACCORDANCE WITH THE PATENTS APPEAL TRIBUNAL ORDER (SECT. 14/1949),CASE DEC. ON APPEAL ** SPEC. AMENDED IN ACCORDANCE WITH THE PATENTS APPEAL TRIBUNAL ORDER (SECT. 14/1949),,,NEUTRAL,False
2342,GB,4143,,APPLICATION MADE TO THE COURT OF APPEAL ** APPEAL ALLOWED (SECT. 14/1949),APPL. MADE TO THE COURT OF APPEAL ** APPEAL ALLOWED (SECT. 14/1949),,,PENDING,False
2343,GB,4144,,CASE DECIDED BY THE COMPTROLLER ** NOTICE OF OPPOSITION ABATED (SECT. 14/1949),CASE DEC. BY THE COMPTR. ** NOTICE OF OPPOSITION ABATED (SECT. 14/1949),,,NEUTRAL,False
2344,GB,4145,,APPLICATION MADE TO THE PATENTS APPEAL TRIBUNAL (SECT. 14/1949),APPL. MADE TO THE PATENTS APPEAL TRIBUNAL (SECT. 14/1949),,,PENDING,False
2345,GB,4146,,PROCEEDING UNDER SECTION 14 PATENTS ACT 1949 (SECT. 14/1949),PROC. UNDER SECT. 14 PAT. ACT 1949 (SECT. 14/1949),,,NEUTRAL,False
2346,GB,4148,,APPLICATION NOT ENTERTAINED (SECT. 14/1949),APPL. NOT ENTERTAINED (SECT. 14/1949),,,PENDING,False
2347,GB,4149,,CASE DECIDED BY THE COMPTROLLER ** PROCEEDING TERMINATED (SECT. 14/1949),CASE DEC. BY THE COMPTR. ** PROC. TERMINATED (SECT. 14/1949),,,NEUTRAL,False
2348,GB,414A,,CASE DECIDED BY THE COMPTROLLER ** SPECIFICATION AMENDED (SECT. 14/1949),CASE DEC. BY THE COMPTR. ** SPEC. AMENDED (SECT. 14/1949),,,NEUTRAL,False
2349,GB,414B,+,CASE DECIDED BY THE COMPTROLLER ** GRANTS ALLOWED (SECT. 14/1949),CASE DEC. BY THE COMPTR. ** GRANTS ALLOWED (SECT. 14/1949),,,ALIVE,False
2350,GB,414C,-,CASE DECIDED BY THE COMPTROLLER ** GRANTS REFUSED (SECT. 14/1949),CASE DEC. BY THE COMPTR. ** GRANTS REFUSED (SECT. 14/1949),,,UNKNOWN,False
2351,GB,414D,,APPLICATION MADE TO THE PATENTS COURT (SECT. 14/1949),APPL. MADE TO THE PATENTS COURT (SECT. 14/1949),,,PENDING,False
2352,GB,414E,,APPLICATION RELINQUISHED (SECT. 14/1949),APPL. RELINQUISHED (SECT. 14/1949),,,PENDING,False
2353,GB,414F,,NOTICE OF OPPOSITION GIVEN (SECT. 14/1949),NOTICE OF OPPOSITION GIVEN (SECT. 14/1949),,,NEUTRAL,False
2354,GB,414H,,APPLICATION MADE TO THE COURT OF APPEAL (SECT. 14/1949),APPL. MADE TO THE COURT OF APPEAL (SECT. 14/1949),,,PENDING,False
2355,GB,414I,,APPLICATION MADE TO THE COURT OF APPEAL ** APPEAL DISMISSED (SECT. 14/1949),APPL. MADE TO THE COURT OF APPEAL ** APPEAL DISMISSED (SECT. 14/1949),,,PENDING,False
2356,GB,414J,,OPPOSITION NOT ENTERTAINED (SECT. 14/1949),OPPOSITION NOT ENTERTAINED (SECT. 14/1949),,,NEUTRAL,False
2357,GB,414K,,APPLICATION MADE TO THE COURT OF APPEAL ** DISMISSED (SECT. 14/1949),APPL. MADE TO THE COURT OF APPEAL ** DISMISSED (SECT. 14/1949),,,PENDING,False
2358,GB,414L,,CASE DECIDED ON APPEAL ** GRANT ALLOWED (SECT. 14/1949),CASE DEC. ON APPEAL ** GRANT ALLOWED (SECT. 14/1949),,,NEUTRAL,False
2359,GB,414M,,APPLICATION MADE TO THE PATENTS COURT ** APPEAL DISMISSED (SECT. 14/1949),APPL. MADE TO THE PATENTS COURT ** APPEAL DISMISSED (SECT. 14/1949),,,PENDING,False
2360,GB,414N,,CASE DECIDED ON APPEAL ** SPECIFICATION AMENDED (SECT. 14/1949),CASE DEC. ON APPEAL ** SPEC. AMENDED (SECT. 14/1949),,,NEUTRAL,False
2361,GB,414O,,OPPOSITION NOT PROCEEDED WITH (SECT. 14/1949),OPPOSITION NOT PROCEEDED WITH (SECT. 14/1949),,,NEUTRAL,False
2362,GB,414P,,CASE DECIDED BY THE PATENTS COURT ** SPECIFICATION AMENDED (SECT. 14/1949),CASE DEC. BY THE PATENTS COURT ** SPEC. AMENDED (SECT. 14/1949),,,NEUTRAL,False
2363,GB,414Q,,CASE DECIDED ON APPEAL ** GRANT REFUSED (SECT. 14/1949),CASE DEC. ON APPEAL ** GRANT REFUSED (SECT. 14/1949),,,NEUTRAL,False
2364,GB,414R,,APPLICATION REFUSED BY HIGH COURT (SECT. 14/1949),APPL. REFUSED BY HIGH COURT (SECT. 14/1949),,,PENDING,False
2365,GB,414U,,NOTICE OF OPPOSITION ABATED IN ACCORDANCE WITH PARAGRAPH 4(1)(B) PATENTS ACT 1977,NOTICE OF OPPOSITION ABATED IN ACCORDANCE WITH PAR. 4(1)(B) PAT. ACT 1977,,,NEUTRAL,False
2366,GB,414V,,NOTICE OF OPPOSITION ABATED IN ACCORDANCE WITH PARAGRAPH 4(1)(B) PATENTS ACT 1977 ** CASE DECIDED BY THE COMPTROLLER,NOTICE OF OPPOSITION ABATED IN ACCORDANCE WITH PAR. 4(1)(B) PAT. ACT 1977 ** CASE DEC. BY THE COMPTR.,,,NEUTRAL,False
2367,GB,414W,,APPLICATION MADE TO THE PATENTS COURT ** APPEAL WITHDRAWN (SECT. 14/1949),APPL. MADE TO THE PATENTS COURT ** APPEAL WITHDRAWN (SECT. 14/1949),,,PENDING,False
2368,GB,414X,,APPLICATION MADE TO THE PATENTS COURT ** APPEAL ALLOWED (SECT. 14/1949),APPL. MADE TO THE PATENTS COURT ** APPEAL ALLOWED (SECT. 14/1949),,,PENDING,False
2369,GB,414Y,,CASE DECIDED ON APPEAL ** APPEAL DISMISSED (SECT. 14/1949),CASE DEC. ON APPEAL ** APPEAL DISMISSED (SECT. 14/1949),,,NEUTRAL,False
2370,GB,414Z,,APPLICATION MADE TO THE PATENTS APPEAL TRIBUNAL WITHDRAWN (SECT. 14/1949),APPL. MADE TO THE PATENTS APPEAL TRIBUNAL WITHDRAWN (SECT. 14/1949),,,PENDING,False
2371,GB,415,,SPECIFICATION AMENDED (SECT. 15/1949),SPEC. AMENDED (SECT. 15/1949),,,NEUTRAL,False
2372,GB,416,,PROCEEDING UNDER SECTION 16 PATENTS ACT 1949,PROC. UNDER SECT. 16 PAT. ACT 1949,,,NEUTRAL,False
2373,GB,416A,,PROCEEDING UNDER SECTION 16(3) PATENTS ACT 1949,PROC. UNDER SECT. 16(3) PAT. ACT 1949,,,NEUTRAL,False
2374,GB,423,,PETITION WITHDRAWN (SECT. 23/1949),PETITION WITHDRAWN (SECT. 23/1949),,,NEUTRAL,False
2375,GB,423C,,TERM OF PATENT EXTENDED BY THE PATENTS COURT (SECT. 23/1949),TERM OF PATENT EXTENDED BY THE PATENTS COURT (SECT. 23/1949),,,NEUTRAL,False
2376,GB,423D,,PETITION DISMISSED (SECT. 23/1949),PETITION DISMISSED (SECT. 23/1949),,,NEUTRAL,False
2377,GB,423G,,PROCEEDING UNDER SECTION 23 PATENTS ACT 1949,PROC. UNDER SECT. 23 PAT. ACT 1949,,,NEUTRAL,False
2378,GB,423P,,NOTICE OF INTENTION TO PRESENT A PETITION (SECT. 23/1949),NOTICE OF INTENTION TO PRESENT A PETITION (SECT. 23/1949),,,NEUTRAL,False
2379,GB,423X,,PATENT EXTENDED (SECT. 23/1949),PATENT EXTENDED (SECT. 23/1949),,,NEUTRAL,False
2380,GB,426,,ORDER MADE REVOKING PATENT AND GRANTING PATENT OF ADDITION IN LIEU THEREOF (SECT. 26(2)/1949),ORDER MADE REVOKING PATENT AND GRANTING PATENT OF ADDITION IN LIEU THEREOF (SECT. 26(2)/1949),,,NEUTRAL,False
2381,GB,426C,,CASE DECIDED BY THE COMPTROLLER (SECT. 26(5)(B)/1949),CASE DEC. BY THE COMPTR. (SECT. 26(5)(B)/1949),,,NEUTRAL,False
2382,GB,427A,+,APPLICATION MADE FOR RESTORATION (SECT. 27/1949),APPL. MADE FOR RESTORATION (SECT. 27/1949),,,ALIVE,False
2383,GB,427B,+,ORDER MADE RESTORING THE PATENT (SECT. 27/1949),ORDER MADE RESTORING THE PATENT (SECT. 27/1949),,,UNKNOWN,False
2384,GB,427C,,APPLICATION FOR AMENDMENT OF SPECIFICATION NOW OPEN TO OPPOSITION (SECT. 27/1949),APPL. FOR AMENDMENT OF SPEC. NOW OPEN TO OPPOSITION (SECT. 27/1949),,,PENDING,False
2385,GB,427D,,APPLICATION NOT ENTERTAINED (SECT. 27/1949),APPL. NOT ENTERTAINED (SECT. 27/1949),,,PENDING,False
2386,GB,427E,,ORDER RESTORING THE UNDERMENTIONED PATENT DATED ... (SECT. 27/1949),ORDER RESTORING THE UNDERMENTIONED PATENT DATED ... (SECT. 27/1949),,,NEUTRAL,False
2387,GB,427F,,APPLICATION ABANDONED (SECT. 27/1949),APPL. ABANDONED (SECT. 27/1949),,,PENDING,False
2388,GB,427G,,APPLICATION FOR THE RESTORATION OF LAPSED PATENTS (SECT. 27/1949),APPL. FOR THE RESTORATION OF LAPSED PATENTS (SECT. 27/1949),,,PENDING,False
2389,GB,427L,,APPLICATION WITHDRAWN (SECT. 27/1949),APPL. WITHDRAWN (SECT. 27/1949),,,PENDING,False
2390,GB,427M,,APPLICATION MADE TO THE PATENTS COURT (SECT. 27/1949),APPL. MADE TO THE PATENTS COURT (SECT. 27/1949),,,PENDING,False
2391,GB,427N,,APPLICATION MADE TO THE PATENTS COURT ** APPEAL DISMISSED (SECT. 27/1949),APPL. MADE TO THE PATENTS COURT ** APPEAL DISMISSED (SECT. 27/1949),,,PENDING,False
2392,GB,427P,,APPLICATION MADE TO THE PATENTS COURT ** APPEAL ALLOWED (SECT. 27/1949),APPL. MADE TO THE PATENTS COURT ** APPEAL ALLOWED (SECT. 27/1949),,,PENDING,False
2393,GB,427R,,APPLICATION REFUSED (SECT. 27/1949),APPL. REFUSED (SECT. 27/1949),,,PENDING,False
2394,GB,427T,,APPLICATION MADE TO THE PATENTS APPEAL TRIBUNAL (SECT. 27/1949),APPL. MADE TO THE PATENTS APPEAL TRIBUNAL (SECT. 27/1949),,,PENDING,False
2395,GB,427U,,CASE DECIDED ON APPEAL ** APPLICATION REFUSED (SECT. 27/1949),CASE DEC. ON APPEAL ** APPL. REFUSED (SECT. 27/1949),,,PENDING,False
2396,GB,427W,,APPLICATION NOT PROCEEDED WITH (SECT. 27/1949),APPL. NOT PROCEEDED WITH (SECT. 27/1949),,,PENDING,False
2397,GB,427X,,NOTICE OF OPPOSITION WITHDRAWN - AMENDMENT OF SPECIFICATION AFTER GRANT,NOTICE OF OPPOSITION WITHDRAWN - AMENDMENT OF SPECIFICATION AFTER GRANT,M,IP RIGHT MAINTENANCE,NEUTRAL,False
2398,GB,428,,ORDER MADE FOR SEALING PATENT (SECT. 28/1949),ORDER MADE FOR SEALING PATENT (SECT. 28/1949),,,NEUTRAL,False
2399,GB,428A,,APPLICATION NOT PROCEEDED WITH (SECT. 28/1949),APPL. NOT PROCEEDED WITH (SECT. 28/1949),,,PENDING,False
2400,GB,428B,,APPLICATION NOW OPEN TO OPPOSITION (SECT. 28/1949),APPL. NOW OPEN TO OPPOSITION (SECT. 28/1949),,,PENDING,False
2401,GB,428D,,DEEMED TO BE ABANDONED (SECT. 28/1949),DEEMED TO BE ABANDONED (SECT. 28/1949),,,NEUTRAL,False
2402,GB,428L,,APPEAL TO COURT OF APPEAL (SECT. 28/1949),APPEAL TO COURT OF APPEAL (SECT. 28/1949),,,NEUTRAL,False
2403,GB,428S,,APPLICATION MADE FOR THE SEALING OF A PATENT (SECT. 28/1949),APPL. MADE FOR THE SEALING OF A PATENT (SECT. 28/1949),,,PENDING,False
2404,GB,4292,,APPLICATION FOR AMENDMENT OF SPECIFICATION NOW OPEN TO OPPOSITION ** APPEAL TO THE PATENTS APPEAL TRIBUNAL (SECT. 29/1949),APPL. FOR AMENDMENT OF SPEC. NOW OPEN TO OPPOSITION ** APPEAL TO THE PATENTS APPEAL TRIBUNAL (SECT. 29/1949),,,PENDING,False
2405,GB,4293,,CASE DECIDED BY THE COMPTROLLER ** PATENT SURRENDERED (SECT. 29/1949),CASE DEC. BY THE COMPTR. ** PATENT SURRENDERED (SECT. 29/1949),,,NEUTRAL,False
2406,GB,4295,,APPLICATION FOR AMENDMENT WITHDRAWN (SECT. 29/1949),APPL. FOR AMENDMENT WITHDRAWN (SECT. 29/1949),,,PENDING,False
2407,GB,4297,,APPEAL DISMISSED (SECT. 29/1949),APPEAL DISMISSED (SECT. 29/1949),,,NEUTRAL,False
2408,GB,4299,,APPLICATION TO THE PATENTS APPEAL COURT (SECT. 29/1949),APPL. TO THE PATENTS APPEAL COURT (SECT. 29/1949),,,PENDING,False
2409,GB,429A,,APPLICATION MADE FOR AMENDMENT OF SPECIFICATION (SECT. 29/1949),APPL. MADE FOR AMENDMENT OF SPEC. (SECT. 29/1949),,,PENDING,False
2410,GB,429B,,APPLICATION TO AMEND ABANDONED (SECT. 29/1949),APPL. TO AMEND ABANDONED (SECT. 29/1949),,,PENDING,False
2411,GB,429C,,APPLICATION TO AMEND THE SPECIFICATION WITHDRAWN (SECT. 29/1949),APPL. TO AMEND THE SPEC. WITHDRAWN (SECT. 29/1949),,,PENDING,False
2412,GB,429D,,CASE DECIDED BY THE COMPTROLLER ** SPECIFICATION AMENDED (SECT. 29/1949),CASE DEC. BY THE COMPTR. ** SPEC. AMENDED (SECT. 29/1949),,,NEUTRAL,False
2413,GB,429F,,APPLICATION MADE TO THE PATENTS COURT ** APPEAL DISMISSED (SECT. 29/1949),APPL. MADE TO THE PATENTS COURT ** APPEAL DISMISSED (SECT. 29/1949),,,PENDING,False
2414,GB,429G,,APPLICATION MADE TO THE PATENTS COURT ** APPEAL ALLOWED (SECT. 29/1949),APPL. MADE TO THE PATENTS COURT ** APPEAL ALLOWED (SECT. 29/1949),,,PENDING,False
2415,GB,429H,,APPLICATION (MADE) FOR AMENDMENT OF SPECIFICATION NOW OPEN TO OPPOSITION (SECT. 29/1949),APPL. (MADE) FOR AMENDMENT OF SPEC. NOW OPEN TO OPPOSITION (SECT. 29/1949),,,PENDING,False
2416,GB,429I,,APPLICATION REFUSED (SECT. 29/1949),APPL. REFUSED (SECT. 29/1949),,,PENDING,False
2417,GB,429J,,APPLICATION WITHDRAWN (SECT. 29/1949),APPL. WITHDRAWN (SECT. 29/1949),,,PENDING,False
2418,GB,429K,,CASE DECIDED BY THE COMPTROLLER ** APPLICATION REFUSED (SECT. 29/1949),CASE DEC. BY THE COMPTR. ** APPL. REFUSED (SECT. 29/1949),,,PENDING,False
2419,GB,429L,,APPLICATION MADE TO THE PATENTS COURT (SECT. 29/1949),APPL. MADE TO THE PATENTS COURT (SECT. 29/1949),,,PENDING,False
2420,GB,429M,,APPLICATION MADE AND SPECIFICATION AMENDED (SECT. 29/1949),APPL. MADE AND SPEC. AMENDED (SECT. 29/1949),,,PENDING,False
2421,GB,429N,,APPLICATION ABANDONED (SECT. 29/1949),APPL. ABANDONED (SECT. 29/1949),,,PENDING,False
2422,GB,429O,,CASE DECIDED BY THE COMPTROLLER (SECT. 29/1949),CASE DEC. BY THE COMPTR. (SECT. 29/1949),,,NEUTRAL,False
2423,GB,429P,,SPECIFICATION AMENDED (SECT. 29/1949),SPEC. AMENDED (SECT. 29/1949),,,NEUTRAL,False
2424,GB,429Q,,CASE DECIDED BY THE COMPTROLLER ** APPLICATION WITHDRAWN (SECT. 29/1949),CASE DEC. BY THE COMPTR. ** APPL. WITHDRAWN (SECT. 29/1949),,,PENDING,False
2425,GB,429R,,APPLICATION MADE TO THE PATENTS APPEAL TRIBUNAL WITHDRAWN (SECT. 29/1949),APPL. MADE TO THE PATENTS APPEAL TRIBUNAL WITHDRAWN (SECT. 29/1949),,,PENDING,False
2426,GB,429S,,APPLICATION FOR FURTHER AMENDMENT OF SPECIFICATION NOW OPEN TO OPPOSITION (SECT. 29/1949),APPL. FOR FURTHER AMENDMENT OF SPEC. NOW OPEN TO OPPOSITION (SECT. 29/1949),,,PENDING,False
2427,GB,429T,,APPLICATION TERMINATED BY VOLUNTARY SURRENDER OF THE PATENT (SECT. 29/1949),APPL. TERMINATED BY VOLUNTARY SURRENDER OF THE PATENT (SECT. 29/1949),,,PENDING,False
2428,GB,429V,,CASE DECIDED BY THE COMPTROLLER ** APPLICATION TO AMEND WITHDRAWN (SECT. 29/1949),CASE DEC. BY THE COMPTR. ** APPL. TO AMEND WITHDRAWN (SECT. 29/1949),,,PENDING,False
2429,GB,429W,,APPLICATION MADE TO THE PATENTS COURT ** APPEAL WITHDRAWN (SECT. 29/1949),APPL. MADE TO THE PATENTS COURT ** APPEAL WITHDRAWN (SECT. 29/1949),,,PENDING,False
2430,GB,429X,,PATENT REVOKED (SECT. 29/1949),PATENT REVOKED (SECT. 29/1949),,,NEUTRAL,False
2431,GB,429Y,,APPLICATION MADE TO THE COURT OF APPEAL ** APPEAL ALLOWED (SECT. 29/1949),APPL. MADE TO THE COURT OF APPEAL ** APPEAL ALLOWED (SECT. 29/1949),,,PENDING,False
2432,GB,429Z,,CASE DECIDED BY THE COURT OF APPEAL ** SPECIFICATION FURTHER AMENDED (SECT. 29/1949),CASE DEC. BY THE COURT OF APPEAL ** SPEC. FURTHER AMENDED (SECT. 29/1949),,,NEUTRAL,False
2433,GB,430,,PROCEEDING UNDER SECTION 30 PATENTS ACT 1949,PROC. UNDER SECT. 30 PAT. ACT 1949,,,NEUTRAL,False
2434,GB,430A,,SPECIFICATION AMENDED (SECT. 30/1949),SPEC. AMENDED (SECT. 30/1949),,,NEUTRAL,False
2435,GB,430B,,APPLICATION (MADE) FOR AMENDMENT OF SPECIFICATION (SECT. 30/1949),APPL. (MADE) FOR AMENDMENT OF SPEC. (SECT. 30/1949),,,PENDING,False
2436,GB,430C,,APPLICATION FOR AMENDMENT OF SPECIFICATION WITHDRAWN (SECT. 30/1949),APPL. FOR AMENDMENT OF SPEC. WITHDRAWN (SECT. 30/1949),,,PENDING,False
2437,GB,430D,,PATENT REVOKED (SECT. 30/1949),PATENT REVOKED (SECT. 30/1949),,,NEUTRAL,False
2438,GB,430E,,APPLICATION FOR AMENDMENT OF SPECIFICATION DISCONTINUED (SECT. 30/1949),APPL. FOR AMENDMENT OF SPEC. DISCONTINUED (SECT. 30/1949),,,PENDING,False
2439,GB,430F,,APPLICATION DISCONTINUED (SECT. 30/1949),APPL. DISCONTINUED (SECT. 30/1949),,,PENDING,False
2440,GB,430H,,APPLICATION FOR AMENDMENT OF COMPLETE SPECIFICATION (SECT. 30/1949),APPL. FOR AMENDMENT OF COMPLETE SPEC. (SECT. 30/1949),,,PENDING,False
2441,GB,430I,,APPLICATION WITHDRAWN (SECT. 30/1949),APPL. WITHDRAWN (SECT. 30/1949),,,PENDING,False
2442,GB,430J,,AMENDMENT OF PATENT IN INFRINGEMENT OR REVOCATION PROCEEDINGS BEFORE THE COURT (SECT. 30/1949),AMENDMENT OF PATENT IN INFRINGEMENT OR REVOCATION PROCEEDINGS BEFORE THE COURT (SECT. 30/1949),P,RE-PUBLICATION OF DOCUMENT AFTER MODIFICATION,PENDING,False
2443,GB,430L,,APPLICATION REFUSED BY ORDER DATED ... (SECT. 30/1949),APPL. REFUSED BY ORDER DATED ... (SECT. 30/1949),,,PENDING,False
2444,GB,430N,,APPLICATION NOT PROCEEDED WITH (SECT. 30/1949),APPL. NOT PROCEEDED WITH (SECT. 30/1949),,,PENDING,False
2445,GB,430O,,APPLICATION FOR AMENDMENT OF SPECIFICATION NOW OPEN TO OPPOSITION (SECT. 30/1949),APPLICATION FOR AMENDMENT OF SPECIFICATION NOW OPEN TO OPPOSITION (SECT. 30/1949),,,PENDING,False
2446,GB,430X,+,TREATED AS WITHDRAWN (SECT. 30/1949),TREATED AS WITHDRAWN (SECT. 30/1949),,,UNKNOWN,False
2447,GB,433,,PROCEEDING TERMINATED BY VOLUNTARY SURRENDER OF THE PATENT (SECT. 33/1949),PROC. TERMINATED BY VOLUNTARY SURRENDER OF THE PATENT (SECT. 33/1949),,,NEUTRAL,False
2448,GB,4331,-,APPLICATION TREATED AS NOT HAVING BEEN MADE (SECT. 33/1949),APPLICATION TREATED AS NOT HAVING BEEN MADE (SECT. 33/1949),,,PENDING,False
2449,GB,4332,-,ORDER MADE REVOKING THE UNDERMENTIONED PATENT (SECT. 33/1949),ORDER MADE REVOKING THE UNDERMENTIONED PATENT (SECT. 33/1949),,,UNKNOWN,False
2450,GB,4333,,PROCEEDING TERMINATED BY SURRENDER OF PATENT UNDER SECTION 34 PATENTS ACT 1949,PROC. TERMINATED BY SURRENDER OF PATENT UNDER SECT. 34 PAT. ACT 1949,,,NEUTRAL,False
2451,GB,4334,,PATENT AMENDED (SECT. 33/1949),PATENT AMENDED (SECT. 33/1949),,,NEUTRAL,False
2452,GB,4335,,APPEAL BY PATENTEES ALLOWED. APPLICATION FOR REVOCATION REMITTED TO COMPTROLLER FOR CONSIDERATION (SECT. 33/1949),APPEAL BY PATENTEES ALLOWED. APPL. FOR REVOCATION REMITTED TO COMPTR. FOR CONSIDERATION (SECT. 33/1949),,,PENDING,False
2453,GB,4336,,CASE DECIDED BY THE COMPTROLLER ** APPLICATION NOT PROCEEDED WITH (SECT. 33/1949),CASE DEC. BY THE COMPTR. ** APPL. NOT PROCEEDED WITH (SECT. 33/1949),,,PENDING,False
2454,GB,4337,,APPLICATION MADE FOR REVOCATION (SECT. 33/1949),APPL. MADE FOR REVOCATION (SECT. 33/1949),,,PENDING,False
2455,GB,4338,,APPLICATION MADE TO THE COURT OF APPEAL ** APPEAL ALLOWED (SECT. 33/1949),APPL. MADE TO THE COURT OF APPEAL ** APPEAL ALLOWED (SECT. 33/1949),,,PENDING,False
2456,GB,4339,,APPLICATION NOT ENTERTAINED (SECT. 33/1949),APPL. NOT ENTERTAINED (SECT. 33/1949),,,PENDING,False
2457,GB,433A,,CASE DECIDED BY THE COMPTROLLER ** PATENT AMENDED (SECT. 33/1949),CASE DEC. BY THE COMPTR. ** PATENT AMENDED (SECT. 33/1949),,,NEUTRAL,False
2458,GB,433B,,CASE DECIDED BY THE COMPTROLLER ** PATENT REVOKED (SECT. 33/1949),CASE DEC. BY THE COMPTR. ** PATENT REVOKED (SECT. 33/1949),,,NEUTRAL,False
2459,GB,433C,,CASE DECIDED BY THE COMPTROLLER ** SPECIFICATION AMENDED (SECT. 33/1949),CASE DEC. BY THE COMPTR. ** SPEC. AMENDED (SECT. 33/1949),,,NEUTRAL,False
2460,GB,433D,,APPLICATION MADE FOR REVOCATION (SECT. 33/1949),APPL. MADE FOR REVOCATION (SECT. 33/1949),,,PENDING,False
2461,GB,433F,-,CASE DECIDED ON APPEAL ** PATENT REVOKED (SECT. 33/1949),CASE DEC. ON APPEAL ** PATENT REVOKED (SECT. 33/1949),,,DEAD,False
2462,GB,433G,,CASE DECIDED BY THE COMPTROLLER ** APPLICATION REFUSED (SECT. 33/1949),CASE DEC. BY THE COMPTR. ** APPL. REFUSED (SECT. 33/1949),,,PENDING,False
2463,GB,433H,,APPLICATION MADE TO THE COURT OF APPEAL ** APPEAL DISMISSED (SECT. 33/1949),APPL. MADE TO THE COURT OF APPEAL ** APPEAL DISMISSED (SECT. 33/1949),,,PENDING,False
2464,GB,433I,,CASE DECIDED ON APPEAL ** APPLICATION REFUSED (SECT. 33/1949),CASE DEC. ON APPEAL ** APPL. REFUSED (SECT. 33/1949),,,PENDING,False
2465,GB,433K,,APPLICATION MADE TO THE PATENTS COURT ** APPEAL WITHDRAWN (SECT. 33/1949),APPL. MADE TO THE PATENTS COURT ** APPEAL WITHDRAWN (SECT. 33/1949),,,PENDING,False
2466,GB,433L,,APPLICATION MADE TO THE PATENTS COURT (SECT. 33/1949),APPL. MADE TO THE PATENTS COURT (SECT. 33/1949),,,PENDING,False
2467,GB,433M,,APPLICATION MADE TO THE PATENTS COURT ** APPEAL DISMISSED (SECT. 33/1949),APPL. MADE TO THE PATENTS COURT ** APPEAL DISMISSED (SECT. 33/1949),,,PENDING,False
2468,GB,433N,,APPLICATION WITHDRAWN (SECT. 33/1949),APPL. WITHDRAWN (SECT. 33/1949),,,PENDING,False
2469,GB,433O,,APPLICATION MADE TO THE COURT OF APPEAL (SECT. 33/1949),APPL. MADE TO THE COURT OF APPEAL (SECT. 33/1949),,,PENDING,False
2470,GB,433P,,PATENT REVOKED (SECT. 33/1949),PATENT REVOKED (SECT. 33/1949),,,NEUTRAL,False
2471,GB,433Q,,CASE DECIDED ON APPEAL ** APPLICATION FOR REVOCATION REFUSED (SECT. 33/1949),CASE DEC. ON APPEAL ** APPL. FOR REVOCATION REFUSED (SECT. 33/1949),,,PENDING,False
2472,GB,433R,,APPLICATION NOT PROCEEDED WITH (SECT. 33/1949),APPL. NOT PROCEEDED WITH (SECT. 33/1949),,,PENDING,False
2473,GB,433S,,CASE DECIDED ON APPEAL ** SPECIFICATION AMENDED (SECT. 33/1949),CASE DEC. ON APPEAL ** SPEC. AMENDED (SECT. 33/1949),,,NEUTRAL,False
2474,GB,433T,,APPLICATION MADE TO THE PATENTS APPEAL TRIBUNAL (SECT. 33/1949),APPL. MADE TO THE PATENTS APPEAL TRIBUNAL (SECT. 33/1949),,,PENDING,False
2475,GB,433U,,APPLICATION MADE TO THE PATENTS APPEAL TRIBUNAL ** WITHDRAWN (SECT. 33/1949),APPL. MADE TO THE PATENTS APPEAL TRIBUNAL ** WITHDRAWN (SECT. 33/1949),,,PENDING,False
2476,GB,433V,,APPLICATION MADE TO THE PATENTS COURT ** PATENT REVOKED (SECT. 33/1949),APPL. MADE TO THE PATENTS COURT ** PATENT REVOKED (SECT. 33/1949),,,PENDING,False
2477,GB,433W,,CASE DECIDED BY THE COMPTROLLER ** APPLICATION WITHDRAWN (SECT. 33/1949),CASE DEC. BY THE COMPTR. ** APPL. WITHDRAWN (SECT. 33/1949),,,PENDING,False
2478,GB,433X,,APPLICATION MADE TO THE PATENTS COURT ** APPEAL ALLOWED (SECT. 33/1949),APPL. MADE TO THE PATENTS COURT ** APPEAL ALLOWED (SECT. 33/1949),,,PENDING,False
2479,GB,433Y,,APPLICATION FOR REVOCATION DISCONTINUED (SECT. 33/1949),APPL. FOR REVOCATION DISCONTINUED (SECT. 33/1949),,,PENDING,False
2480,GB,433Z,,CASE DECIDED BY THE COURT OF APPEAL ** SPECIFICATION TO BE AMENDED (SECT. 33/1949),CASE DEC. BY THE COURT OF APPEAL ** SPEC. TO BE AMENDED (SECT. 33/1949),,,NEUTRAL,False
2481,GB,434A,,OFFER TO SURRENDER (SECT. 34/1949),OFFER TO SURRENDER (SECT. 34/1949),,,NEUTRAL,False
2482,GB,434B,,CASE DECIDED BY THE COMPTROLLER ** PATENT REVOKED (SECT. 34/1949),CASE DEC. BY THE COMPTR. ** PATENT REVOKED (SECT. 34/1949),,,NEUTRAL,False
2483,GB,434C,,PATENT REVOKED (SECT. 34/1949),PATENT REVOKED (SECT. 34/1949),,,NEUTRAL,False
2484,GB,434D,,OFFER TO SURRENDER ACCEPTED ** PATENT REVOKED (SECT. 34/1949),OFFER TO SURRENDER ACCEPTED ** PATENT REVOKED (SECT. 34/1949),,,NEUTRAL,False
2485,GB,434E,,OFFER TO SURRENDER ** PATENT REVOKED (SECT. 34/1949),OFFER TO SURRENDER ** PATENT REVOKED (SECT. 34/1949),,,NEUTRAL,False
2486,GB,434F,,WITHDRAWAL OF OFFER TO SURRENDER ALLOWED (SECT. 34/1949),WITHDRAWAL OF OFFER TO SURRENDER ALLOWED (SECT. 34/1949),,,NEUTRAL,False
2487,GB,434G,,PROCEEDING TERMINATED BY SURRENDER OF PATENT UNDER SECTION 34 PATENTS ACT 1949,PROC. TERMINATED BY SURRENDER OF PATENT UNDER SECT. 34 PAT. ACT 1949,,,NEUTRAL,False
2488,GB,434I,,ORDER MADE REVOKING THE UNDERMENTIONED PATENT (SECT. 34/1949),ORDER MADE REVOKING THE UNDERMENTIONED PATENT (SECT. 34/1949),,,NEUTRAL,False
2489,GB,434J,,OFFER TO SURRENDER ACCEPTED ** PATENT REFUSED (SECT. 34/1949),OFFER TO SURRENDER ACCEPTED ** PATENT REFUSED (SECT. 34/1949),,,NEUTRAL,False
2490,GB,434K,,PROCEEDING TERMINATED BY SURRENDER OF PATENT UNDER SECTION 34 PATENTS ACT 1949 ** PATENT REVOKED,PROC. TERMINATED BY SURRENDER OF PATENT UNDER SECT. 34 PAT. ACT 1949 ** PATENT REVOKED,,,NEUTRAL,False
2491,GB,434L,,CASE DECIDED BY THE COMPTROLLER ** ORDER MADE REVOKING THE UNDERMENTIONED PATENT (SECT. 34/1949),CASE DEC. BY THE COMPTR. ** ORDER MADE REVOKING THE UNDERMENTIONED PATENT (SECT. 34/1949),,,NEUTRAL,False
2492,GB,434M,,PROCEEDING UNDER SECTION 34 PATENTS ACT 1949,PROC. UNDER SECT. 34 PAT. ACT 1949,,,NEUTRAL,False
2493,GB,435,,PATENT ENDORSED 'LICENCES OF RIGHT' ON THE DATE SPECIFIED (SECT. 35/1949),PATENT ENDORSED 'LICENCES OF RIGHT' ON THE DATE SPECIFIED (SECT. 35/1949),,,NEUTRAL,False
2494,GB,436,,APPLICATION FOR CANCELLATION OF ENDORSEMENT 'LICENCES OF RIGHT' (SECT. 36/1949),APPL. FOR CANCELLATION OF ENDORSEMENT 'LICENCES OF RIGHT' (SECT. 36/1949),,,PENDING,False
2495,GB,4361,,APPLICATION UNDER SECTION 36(1) PATENTS ACT 1949 FOR CANCELLATION OF 'LICENCES OF RIGHT',APPL. UNDER SECT. 36(1) PAT. ACT 1949 FOR CANCELLATION OF 'LICENCES OF RIGHT',,,PENDING,False
2496,GB,436A,,OPPOSITION FILED TO APPLICATION FOR CANCELLATION OF ENDORSEMENT 'LICENCES OF RIGHT' (SECT. 36/1949),OPPOSITION FILED TO APPL. FOR CANCELLATION OF ENDORSEMENT 'LICENCES OF RIGHT' (SECT. 36/1949),,,PENDING,False
2497,GB,436C,,ENDORSEMENT FOR 'LICENCES OF RIGHT' CANCELLED (SECT. 36/1949),ENDORSEMENT FOR 'LICENCES OF RIGHT' CANCELLED (SECT. 36/1949),,,NEUTRAL,False
2498,GB,437,,PROCEEDING UNDER SECTION 37 PATENTS ACT 1949,PROC. UNDER SECT. 37 PAT. ACT 1949,,,NEUTRAL,False
2499,GB,437A,,APPLICATION WITHDRAWN (SECT. 37/1949),APPL. WITHDRAWN (SECT. 37/1949),,,PENDING,False
2500,GB,437C,,REQUEST FOR LICENCE REFUSED (SECT. 37/1949),APPL. REFUSED (SECT. 37/1949),S,INFORMATION ON LICENSING AND SIMILAR TRANSACTIONS,NEUTRAL,False
2501,GB,437E,,APPLICATION MADE TO THE PATENTS APPEAL TRIBUNAL (SECT. 37/1949),APPL. MADE TO THE PATENTS APPEAL TRIBUNAL (SECT. 37/1949),,,PENDING,False
2502,GB,437W,,APPLICATION WITHDRAWN (SECT. 37 AND 41/1949),APPL. WITHDRAWN (SECT. 37 AND 41/1949),,,PENDING,False
2503,GB,441A,,APPLICATION REFUSED (SECT. 41/1949),APPL. REFUSED (SECT. 41/1949),,,PENDING,False
2504,GB,441P,,PROCEEDING UNDER SECTION 41 PATENTS ACT 1949,PROC. UNDER SECT. 41 PAT. ACT 1949,,,NEUTRAL,False
2505,GB,475A,,APPLICATION FOR AMENDMENT OF EUROPEAN PATENT ENTITLED,APPLICATION FOR AMENDMENT OF EUROPEAN PATENT ENTITLED,,,PENDING,False
2506,GB,476,,APPLICATION FOR CORRECTION OF CLERICAL ERRORS NOW OPEN TO OPPOSITION (SECT. 76/1949),APPL. FOR CORRECTION OF CLERICAL ERRORS NOW OPEN TO OPPOSITION (SECT. 76/1949),,,PENDING,False
2507,GB,476A,,CORRECTION ALLOWED (SECT. 76/1949),CORRECTION ALLOWED (SECT. 76/1949),,,NEUTRAL,False
2508,GB,476B,,APPLICATION TO AMEND WITHDRAWN (SECT. 76/1949),APPL. TO AMEND WITHDRAWN (SECT. 76/1949),,,PENDING,False
2509,GB,476C,,APPLICATION FOR AMENDMENT OF SPECIFICATION NOW OPEN TO OPPOSITION (SECT. 76/1949),APPL. FOR AMENDMENT OF SPEC. NOW OPEN TO OPPOSITION (SECT. 76/1949),,,PENDING,False
2510,GB,476D,,PROCEEDING UNDER SECTION 76 PATENTS ACT 1949,PROC. UNDER SECT. 76 PAT. ACT 1949,,,NEUTRAL,False
2511,GB,476E,,SEE SECTION 14 PROCEEDING (SECT. 76/1949),SEE SECT. 14 PROC. (SECT. 76/1949),,,NEUTRAL,False
2512,GB,476F,,CASE DECIDED BY THE COMPTROLLER ** APPLICATION REFUSED (SECT. 76/1949),CASE DEC. BY THE COMPTR. ** APPL. REFUSED (SECT. 76/1949),,,PENDING,False
2513,GB,476G,,CASE DECIDED BY THE COMPTROLLER ** CORRECTION ALLOWED (SECT. 76/1949),CASE DEC. BY THE COMPTR. ** CORRECTION ALLOWED (SECT. 76/1949),,,NEUTRAL,False
2514,GB,476H,,APPLICATION MADE FOR CORRECTION OF ERROR (SECT. 76/1949),APPL. MADE FOR CORRECTION OF ERROR (SECT. 76/1949),,,PENDING,False
2515,GB,476I,,CASE DECIDED BY THE COMPTROLLER ** SPECIFICATION CORRECTED (SECT. 76/1949),CASE DEC. BY THE COMPTR. ** SPEC. CORRECTED (SECT. 76/1949),,,NEUTRAL,False
2516,GB,48A,,SPECIFICATION AMENDED BY DISCLAIMER (SECT. 8/1949),SPEC. AMENDED BY DISCLAIMER (SECT. 8/1949),,,NEUTRAL,False
2517,GB,48A9,,REFERENCE INSERTED (SECT. 8 AND 9/1949),REFERENCE INSERTED (SECT. 8 AND 9/1949),,,NEUTRAL,False
2518,GB,48B,,SPECIFICATION AMENDED BY DISCLAIMER ** SPECIFICATION AMENDED (SECT. 8/1949),SPEC. AMENDED BY DISCLAIMER ** SPEC. AMENDED (SECT. 8/1949),,,NEUTRAL,False
2519,GB,48B9,,SPECIFICATION AMENDED (SECT. 8 AND 9/1949),SPEC. AMENDED (SECT. 8 AND 9/1949),,,NEUTRAL,False
2520,GB,48C,,PROCEEDING UNDER SECTION 8 PATENTS ACT 1949,PROC. UNDER SECT. 8 PAT. ACT 1949,,,NEUTRAL,False
2521,GB,48D,,REFERENCE DELETED (SECT. 8/1949),REFERENCE DELETED (SECT. 8/1949),,,NEUTRAL,False
2522,GB,48R,,REFERENCE INSERTED (SECT. 8/1949),REFERENCE INSERTED (SECT. 8/1949),,,NEUTRAL,False
2523,GB,48S,,SPECIFICATION AMENDED (SECT. 8/1949),SPEC. AMENDED (SECT. 8/1949),,,NEUTRAL,False
2524,GB,49,,PROCEEDING UNDER SECTION 9 PATENTS ACT 1949,PROC. UNDER SECT. 9 PAT. ACT 1949,,,NEUTRAL,False
2525,GB,49A,,SPECIFICATION INSERTED (SECT. 9/1949),SPEC. INSERTED (SECT. 9/1949),,,NEUTRAL,False
2526,GB,49B,,SPECIFICATION AMENDED BY DISCLAIMER ** REFERENCES INSERTED (SECT. 9/1949),SPEC. AMENDED BY DISCLAIMER ** REFERENCES INSERTED (SECT. 9/1949),,,NEUTRAL,False
2527,GB,49C,,GRANT ALLOWED (SECT. 9/1949),GRANT ALLOWED (SECT. 9/1949),,,NEUTRAL,False
2528,GB,49D,,REFERENCE DELETED (SECT. 9/1949),REFERENCE DELETED (SECT. 9/1949),,,NEUTRAL,False
2529,GB,49R,,REFERENCE INSERTED (SECT. 9/1949),REFERENCE INSERTED (SECT. 9/1949),,,NEUTRAL,False
2530,GB,49S,,SPECIFICATION AMENDED (SECT. 9/1949),SPEC. AMENDED (SECT. 9/1949),,,NEUTRAL,False
2531,GB,6152,,AMENDMENT UNDER RULE 152 OF THE PATENTS RULES 1968,AMENDMENT UNDER RULE 152 OF THE PATENTS RULES 1968,,,NEUTRAL,False
2532,GB,652A,,PROCEEDING UNDER RULE 152 OF THE PATENTS RULES 1968,PROC. UNDER RULE 152 OF THE PATENTS RULES 1968,,,NEUTRAL,False
2533,GB,694A,,CASE DECIDED BY THE COMPTROLLER (RULE 94(3)/1968),CASE DEC. BY THE COMPTR. (RULE 94(3)/1968),,,NEUTRAL,False
2534,GB,694B,,PROCEEDING UNDER RULE 94(3) OF THE PATENTS RULES 1968,PROC. UNDER RULE 94(3) OF THE PATENTS RULES 1968,,,NEUTRAL,False
2535,GB,694C,,"CASE DECIDED BY THE COMPTROLLER ** AMENDMENT FOR PATENT, ADDING FULL ASSIGNMENT DETAILS (RULE 94(3)/1968)","CASE DEC. BY THE COMPTR. ** AMENDMENT FOR PATENT, ADDING FULL ASSIGNMENT DETAILS (RULE 94(3)/1968)",,,NEUTRAL,False
2536,GB,694R,,APPLICATION REFUSED (RULE 94(3)/1968),APPL. REFUSED (RULE 94(3)/1968),,,PENDING,False
2537,GB,701A,,PROCEEDING UNDER SCHEDULE 1 PARAGRAPH 4A OF THE PATENTS ACT 1977 ** APPLICATION MADE TO THE PATENTS COURT,PROC. UNDER SCHEDULE 1 PAR. 4A PAT. ACT 1977 ** APPL. MADE TO THE PATENTS COURT,,,PENDING,False
2538,GB,701B,,APPLICATION TO THE COURT OF APPEAL (SECT. 1(2)/1977),APPL. TO THE COURT OF APPEAL (SECT. 1(2)/1977),,,PENDING,False
2539,GB,701C,,APPLICATION MADE TO THE PATENTS COURT (SECT. 1(1)A+B+C/1977),APPLICATION MADE TO THE PATENTS COURT (SECT. 1(1)A+B+C/1977),,,PENDING,False
2540,GB,701D,,"APPEAL TO THE PATENTS COURT DISMISSED (SECT. 1(1),14(5),76/1977)","APPEAL TO THE PATENTS COURT DISMISSED (SECT. 1(1),14(5),76/1977)",,,NEUTRAL,False
2541,GB,701L,,APPEAL TO THE PATENTS COURT LODGED (SECT. 1/1977),APPEAL TO THE PATENTS COURT LODGED (SECT. 1/1977),,,NEUTRAL,False
2542,GB,704A,,DECLARATION THAT LICENCE IS NOT AVAILABLE AS OF RIGHT FOR AN EXCEPTED USE (PAR. 4A/1977),DECLARATION THAT LICENCE IS NOT AVAILABLE AS OF RIGHT FOR AN EXCEPTED USE (PAR. 4A/1977),,,NEUTRAL,False
2543,GB,708A,,APPLICATION MADE TO THE PATENTS COURT (SECT. 8(1)/1977),APPL. MADE TO THE PATENTS COURT (SECT. 8(1)/1977),,,PENDING,False
2544,GB,708B,,PROCEEDING UNDER SECTION 8(1) PATENTS ACT 1977,PROC. UNDER SECT. 8(1) PAT. ACT 1977,,,NEUTRAL,False
2545,GB,708C,,PROCEEDING UNDER SECTION 8(1) AND 12(1) PATENTS ACT 1977,PROC. UNDER SECT. 8(1) AND 12(1) PAT. ACT 1977,,,NEUTRAL,False
2546,GB,708D,,PROCEEDING UNDER SECTION 8(1)(A) OF THE PATENTS ACT 1977,PROC. UNDER SECT. 8(1)(A) PAT. ACT 1977,,,NEUTRAL,False
2547,GB,708E,,PROCEEDING UNDER SECTION 8(1)(NOW 37(1)) OF THE PATENTS ACT 1977,PROC. UNDER SECT. 8(1)(NOW 37(1)) PAT. ACT 1977,,,NEUTRAL,False
2548,GB,708F,,PROCEEDING UNDER SECTION 8(1) AND (3) OF THE PATENTS ACT 1977,PROCEEDING UNDER SECTION 8(1) AND (3) OF THE PATENTS ACT 1977,,,NEUTRAL,False
2549,GB,708G,,REFERENCES DECIDED (SECT. 8/1977),REFERENCES DECIDED (SECT. 8/1977),,,NEUTRAL,False
2550,GB,708H,,DETERMINATION BEFORE GRANT OF UK ENTITLEMENT (SECTION 8(1)/1977),DETERMINATION BEFORE GRANT OF UK ENTITLEMENT (SECTION 8(1)/1977),Z,CLASSIFICATION PENDING,NEUTRAL,False
2551,GB,708I,,"REFERENCE UNDER SECT. 8(1), REFERNCE WITHDRAWN","REFERENCE UNDER SECT. 8(1), REFERENCE WITHDRAWN",Z,CLASSIFICATION PENDING,NEUTRAL,False
2552,GB,708J,,COMPTROLLER DECLINED TO DEAL WITH REFERENCE -  SECTION 8(1) PATENTS ACT 1977,COMPTROLLER DECLINED TO DEAL WITH REFERENCE -  SECTION 8(1) PATENTS ACT 1977,,,NEUTRAL,False
2553,GB,708K,,REFERENCES ALLOWED BY DECISION (SECT. 8/1977),REFERENCES ALLOWED BY DECISION (SECT. 8/1977),,,NEUTRAL,False
2554,GB,708P,,REFERENCE UNDER SECTION 8(1) NOT PROCEED WITH,REFERENCE UNDER SECTION 8(1) NOT PROCEED WITH,,,NEUTRAL,False
2555,GB,708R,,REFERENCE REFUSED (SECT. 8/1977),REFERENCE REFUSED (SECT. 8/1977),,,NEUTRAL,False
2556,GB,708W,,APPEAL WITHDRAWN (SECT. 8/1977),APPEAL WITHDRAWN (SECT. 8/1977),V,APPEAL,NEUTRAL,False
2557,GB,7102,,PATENT REVOKED UNDER ART. 102 OF THE EP CONVENTION DESIGNATING THE UK AS CONTRACTING STATE,PATENT REVOKED UNDER ART. 102 OF THE EP CONVENTION DESIGNATING THE UK AS CONTRACTING STATE,,,NEUTRAL,False
2558,GB,710A,,PROCEEDING UNDER SECTION 10 PATENTS ACT 1977,PROCEEDING UNDER SECTION 10 PATENTS ACT 1977,,,NEUTRAL,False
2559,GB,710B,,REQUEST OF ALTER TIME LIMITS,REQUEST OF ALTER TIME LIMITS,,,NEUTRAL,False
2560,GB,710D,,REQUEST WITHDRAWN - SECT. 10 REQUEST BY JOINT APPLICANTS FOR DIRECTIONS,REQUEST WITHDRAWN - SECT. 10 REQUEST BY JOINT APPLICANTS FOR DIRECTIONS,,,NEUTRAL,False
2561,GB,711,,PROCEEDING UNDER SECTION 117 (PATENTS ACT 1997) CORRECTION OF ERRORS IN PATENTS AND APPLICATIONS,PROCEEDING UNDER SECTION 117 (PATENTS ACT 1997) CORRECTION OF ERRORS IN PATENTS AND APPLICATIONS,,,PENDING,False
2562,GB,7117,-,APPLICATION TREATED AS WITHDRAWN (SECT. 117/1977),APPLICATION TREATED AS WITHDRAWN (SECT. 117/1977),,,PENDING,False
2563,GB,7118,-,APPLICATION TREATED AS REDUNDANT (SECT. 117/1977),APPLICATION TREATED AS REDUNDANT (SECT. 117/1977),,,PENDING,False
2564,GB,711A,,PROCEEDING UNDER SECTION 117(1) PATENTS ACT 1977,PROC. UNDER SECT. 117(1) PAT. ACT 1977,,,NEUTRAL,False
2565,GB,711B,,APPLICATION MADE FOR CORRECTION OF ERROR (SECT. 117/77),APPL. MADE FOR CORRECTION OF ERROR (SECT. 117/77),P,RE-PUBLICATION OF DOCUMENT AFTER MODIFICATION,PENDING,False
2566,GB,711C,,APPLICATION ALLOWED (SECT. 117/1977),APPL. ALLOWED (SECT. 117/1977),,,PENDING,False
2567,GB,711D,,APPLICATION TO COMPTROLLER (SECT. 117/1977),APPL. TO COMPTR. (SECT. 117/1977),,,PENDING,False
2568,GB,711E,,CASE DECIDED BY THE COMPTROLLER ** SPECIFICATION CORRECTED (SECT. 117/1977),CASE DEC. BY THE COMPTR. ** SPEC. CORRECTED (SECT. 117/1977),,,NEUTRAL,False
2569,GB,711F,,CASE DECIDED BY THE COMPTROLLER ** REQUEST WITHDRAWN (SECT. 117/1977),CASE DEC. BY THE COMPTR. ** REQUEST WITHDRAWN (SECT. 117/1977),,,NEUTRAL,False
2570,GB,711G,,CORRECTION ALLOWED (SECT. 117/1977),CORRECTION ALLOWED (SECT. 117/1977),P,RE-PUBLICATION OF DOCUMENT AFTER MODIFICATION,PENDING,False
2571,GB,711H,,CASE DECIDED BY THE COMPTR. ** CORRECTION ALLOWED (SECT. 117/1977),CASE DEC. BY THE COMPTR. ** CORRECTION ALLOWED (SECT. 117/1977),P,RE-PUBLICATION OF DOCUMENT AFTER MODIFICATION,PENDING,False
2572,GB,711J,,APPLICATION ALLOWED - CORRECTION OF IRREGULARITIES (RULE 100),APPLICATION ALLOWED - CORRECTION OF IRREGULARITIES (RULE 100),P,RE-PUBLICATION OF DOCUMENT AFTER MODIFICATION,PENDING,False
2573,GB,711K,,REQUEST FOR CORRECTION NOT PROCEED WITH (SECT. 117/1977),REQUEST FOR CORRECTION NOT PROCEED WITH (SECT. 117/1977),,,NEUTRAL,False
2574,GB,711L,,APPL. MADE FOR CORRECTION OF ERROR (SECT. 117/77) NOW OPEN TO OPPOSITION,APPL. MADE FOR CORRECTION OF ERROR (SECT. 117/77) NOW OPEN TO OPPOSITION,P,RE-PUBLICATION OF DOCUMENT AFTER MODIFICATION,PENDING,False
2575,GB,711O,,APPLICATION OPEN TO OPPOSITION (SECT. 117/1977),APPLICATION OPEN TO OPPOSITION (SECT. 117/1977),,,PENDING,False
2576,GB,711P,,CASES CORRECTED BEFORE THE EPO,CASES CORRECTED BEFORE THE EPO,Z,CLASSIFICATION PENDING,NEUTRAL,False
2577,GB,711Q,,APPEALS LODGED - SECTION 117,APPEALS LODGED - SECTION 117,,,NEUTRAL,False
2578,GB,711R,,APPEAL WITHDRAWN - SECTION 117,APPEAL WITHDRAWN - SECTION 117,V,APPEAL,NEUTRAL,False
2579,GB,711S,,EXTENSION APPLICATION - SECTION 117,EXTENSION APPLICATION - SECTION 117,T,ADMINISTRATIVE PROCEDURE ADJUSTMENT,PENDING,False
2580,GB,711T,,EXTENSION ALLOWED - SECTION 117,EXTENSION ALLOWED - SECTION 117,T,ADMINISTRATIVE PROCEDURE ADJUSTMENT,NEUTRAL,False
2581,GB,711U,,PRODEEDINGS UNDER SECTION 117 (PATENTS ACT 1977),PRODEEDINGS UNDER SECTION 117 (PATENTS ACT 1977),,,NEUTRAL,False
2582,GB,711Z,,ERRATUM - APPLIC. NOW OPEN TO OPPOSITION - SECT. 117,ERRATUM - APPLIC. NOW OPEN TO OPPOSITION - SECT. 117,,,NEUTRAL,False
2583,GB,712A,,APPLICATION DEEMED WITHDRAWN (SECT. 12(1)/1977) [ENTITLEMENT],APPL. DEEMED WITHDRAWN (SECT. 12(1)/1977),R,PARTY DATA CHANGE,PENDING,False
2584,GB,712B,,PROCEEDING UNDER SECTION 12(4) PATENTS ACT 1977,PROC. UNDER SECT. 12(4) PAT. ACT 1977,,,NEUTRAL,False
2585,GB,712C,,PROCEEDING UNDER SECTION 12(1) PATENTS ACT 1977,PROC. UNDER SECT. 12(1) PAT. ACT 1977,,,NEUTRAL,False
2586,GB,712D,,PROCEEDING UNDER SECTION 12 PATENTS ACT 1977,PROC. UNDER SECT. 12 PAT. ACT 1977,,,NEUTRAL,False
2587,GB,712E,,PROCEEDING UNDER SECTION 12(1) AND (3) PATENTS ACT 1977,PROC. UNDER SECT. 12(1) AND (3) PAT. ACT 1977,,,NEUTRAL,False
2588,GB,712F,,DETERMINATION OF FOREIGN ENTITLEMENT (SECTION 12(1)/1977),DETERMINATION OF FOREIGN ENTITLEMENT (SECTION 12(1)/1977),,,NEUTRAL,False
2589,GB,712G,,DETERMINATION OF FOREIGN ENTITLEMENT (SECT. 12(1)/1977) WITHDRAWN,DETERMINATION OF FOREIGN ENTITLEMENT (SECT. 12(1)/1977) WITHDRAWN,R,PARTY DATA CHANGE,NEUTRAL,False
2590,GB,712I,,APPEAL TO PATENTS COURT LODGED (CECT. 12(1)(A)/1977),APPEAL TO PATENTS COURT LODGED (SECT. 12(1)(A)/1977),,,NEUTRAL,False
2591,GB,712J,,REFERENCE DECIDED BY THE COMPTROLLER - REF. UNDER SECT. 12(1) DETERMINATION OF FOREIGN ENTITLEMENT,REFERENCE DECIDED BY THE COMPTROLLER - REF. UNDER SECT. 12(1) DETERMINATION OF FOREIGN ENTITLEMENT,,,NEUTRAL,False
2592,GB,712K,,REFERENCE COMPTROLLER HAS DECLINED TO DEAL - REF. UNDER SECT. 12(1) DETERMINATION OF FOREIGN ENTITLEMENT,REFERENCE COMPTROLLER HAS DECLINED TO DEAL - REF. UNDER SECT. 12(1) DETERMINATION OF FOREIGN ENTITLEMENT,,,NEUTRAL,False
2593,GB,712L,,REFERENCE TREATED AS WITHDRAWN - SECTION 12(1),REFERENCE TREATED AS WITHDRAWN - SECTION 12(1),V,APPEAL,NEUTRAL,False
2594,GB,712M,,APPEAL DISMISSED - SECTION 12(1),APPEAL DISMISSED - SECTION 12(1),,,NEUTRAL,False
2595,GB,7131,,MENTION OF INVENTOR (SECT. 13(1)/1977),MENTION OF INVENTOR (SECT. 13(1)/1977),,,NEUTRAL,False
2596,GB,713A,,PROCEEDING UNDER SECTION 13 PATENTS ACT 1977,PROC. UNDER SECT. 13 PAT. ACT 1977,,,NEUTRAL,False
2597,GB,713B,,PROCEEDING UNDER SECTION 13(1) PATENTS ACT 1977,PROC. UNDER SECT. 13(1) PAT. ACT 1977,,,NEUTRAL,False
2598,GB,713C,,PROCEEDING UNDER SECTION 13(3) OF THE PATENTS ACT 1977,PROC. UNDER SECT. 13(3) PAT. ACT 1977,,,NEUTRAL,False
2599,GB,713D,,PROC. UNDER SECT. 13(1) PAT. ACT 1977 ** APPL. FILED,PROC. UNDER SECT. 13(1) PAT. ACT 1977 ** APPL. FILED,R,PARTY DATA CHANGE,NEUTRAL,False
2600,GB,713E,,PROCEEDING UNDER SECTION 13(1) AND 13(3) OF THE PATENTS ACT 1977,PROCEEDING UNDER SECTION 13(1) AND 13(3) OF THE PATENTS ACT 1977,,,NEUTRAL,False
2601,GB,713F,,APPLICATION FOR MENTION OF INVENTOR (SECT. 13(1)/1977) ALLOWED,APPLICATION FOR MENTION OF INVENTOR (SECT. 13(1)/1977) ALLOWED,R,PARTY DATA CHANGE,PENDING,False
2602,GB,713G,,APPLICATION FOR MENTION OF INVENTOR (SECT. 13(1)/1977) REFUSED,APPLICATION FOR MENTION OF INVENTOR (SECT. 13(1)/1977) REFUSED,R,PARTY DATA CHANGE,PENDING,False
2603,GB,713H,,APPLICATION FILED FOR A PERSON NOT TO BE MENTIONED AS AN INVENTOR - SECTION 13(3) PAT. ACTS 1972,APPLICATION FILED FOR A PERSON NOT TO BE MENTIONED AS AN INVENTOR - SECTION 13(3) PAT. ACTS 1972,R,PARTY DATA CHANGE,PENDING,False
2604,GB,713J,,APPLICATION WITHDRAWN - UNDER SECT. 13(3) FOR A PERSON NOT TO BE MENTIONED AS INVENTOR,APPLICATION WITHDRAWN - UNDER SECT. 13(3) FOR A PERSON NOT TO BE MENTIONED AS INVENTOR,R,PARTY DATA CHANGE,PENDING,False
2605,GB,713K,,REFERENCE WITHDRAWN - APPLIC. FOR INVENTOR TO BE MENTIONED UNDER SECT. 13(1),REFERENCE WITHDRAWN - APPLIC. FOR INVENTOR TO BE MENTIONED UNDER SECT. 13(1),R,PARTY DATA CHANGE,NEUTRAL,False
2606,GB,713L,,APPLICATION WITHDRAWN - SECTION 13(1) [MENTION OF INVENTOR],APPLICATION WITHDRAWN - SECTION 13(1),R,PARTY DATA CHANGE,PENDING,False
2607,GB,713M,,REFERENCE FILED - DETERMINATION OF FOREIGN ENTITLEMENT - SECTION 13,REFERENCE FILED - DETERMINATION OF FOREIGN ENTITLEMENT - SECTION 13,R,PARTY DATA CHANGE,NEUTRAL,False
2608,GB,714A,,APPLICATION TO THE COURT OF APPEAL (SECT. 14/1977),APPL. TO THE COURT OF APPEAL (SECT. 14/1977),,,PENDING,False
2609,GB,7173,,APPEAL TO THE PATENTS COURT DISMISSED (SECT. 17(3)/1977),APPEAL TO THE PATENTS COURT DISMISSED (SECT. 17(3)/1977),,,NEUTRAL,False
2610,GB,717A,,APPL. MADE TO THE PATENTS COURT (SECT. 17(3)/1977),APPL. MADE TO THE PATENTS COURT (SECT. 17(3)/1977),,,NEUTRAL,False
2611,GB,717J,,APPEAL TO THE PATENTS COURT ALLOWED (SECT. 28/1977),APPEAL TO THE PATENTS COURT ALLOWED (SECT. 28/1977),,,NEUTRAL,False
2612,GB,717W,-,APPLICATION WITHDRAWN (SECT. 117/1977) [REQUEST FOR CORRECTION OF ERRORS],APPLICATION WITHDRAWN (SECT. 117/1977),P,RE-PUBLICATION OF DOCUMENT AFTER MODIFICATION,PENDING,False
2613,GB,718,,REFUSAL OF AMENDM. OFFERED AND OF UNAMENDED SPEC. ** APPL. MADE TO THE PAT. COURT (SECT. 18(3)/1977),REFUSAL OF AMENDM. OFFERED AND OF UNAMENDED SPEC. ** APPL. MADE TO THE PAT. COURT (SECT. 18(3)/1977),,,NEUTRAL,False
2614,GB,718A,,APPEAL LODGED TO THE PATENT COURT - SECT. 18(3),APPEAL LODGED TO THE PATENT COURT - SECT. 18(3),,,NEUTRAL,False
2615,GB,718D,,PROC. UNDER SECT. 18(4) PAT. ACT 1977,PROC. UNDER SECT. 18(4) PAT. ACT 1977,,,NEUTRAL,False
2616,GB,718E,,APPEAL TO THE PATENTS COURT *** DISMISSED,APPEAL TO THE PATENTS COURT *** DISMISSED,,,NEUTRAL,False
2617,GB,718L,,APPEAL LODGED - SECT 18(3),APPEAL LODGED - SECT 18(3),,,NEUTRAL,False
2618,GB,720A,+,"REINSTATEMENT OF APPLICATION (PATENTS ACT 1977, SECTION 20(2)A)","REINSTATEMENT OF APPLICATION (PATENTS ACT 1977, SECTION 20(2)A)",C,APPLICATION REVIVAL,ALIVE,False
2619,GB,725A,,RENEWAL OF PATENTS ** APPEAL TO THE PATENTS COURT LODGED (SECT. 25/1977),RENEWAL OF PATENTS ** APPEAL TO THE PATENTS COURT LODGED (SECT. 25/1977),,,NEUTRAL,False
2620,GB,727,,APPLICATION MADE FOR AMENDMENT OF SPECIFICATION (SECT. 27/1977),APPL. MADE FOR AMENDMENT OF SPEC. (SECT. 27/1977),,,PENDING,False
2621,GB,7275,,APPLICATION TO COMPTROLLER FOR REVOCATION OF PATENT AND AMENDMENT OF SPECIFICATION THEREOF (SECT. 72 AND 75/1977),APPL. TO COMPTR. FOR REVOCATION OF PATENT AND AMENDMENT OF SPEC. THEREOF (SECT. 72 AND 75/1977),,,PENDING,False
2622,GB,7276,,COUNTER CLAIM FOR REVOCATION LODGED IN THE PAT. COURT (SECTION 72),COUNTER CLAIM FOR REVOCATION LODGED IN THE PAT. COURT (SECTION 72),,,NEUTRAL,False
2623,GB,727A,,APPLICATION FOR AMENDMENT OF SPECIFICATION NOW OPEN TO OPPOSITION (SECT. 27/1977),APPL. FOR AMENDMENT OF SPEC. NOW OPEN TO OPPOSITION (SECT. 27/1977),,,PENDING,False
2624,GB,727B,,CASE DECIDED BY THE COMPTROLLER ** SPECIFICATION AMENDED (SECT. 27/1977),CASE DEC. BY THE COMPTR. ** SPEC. AMENDED (SECT. 27/1977),P,RE-PUBLICATION OF DOCUMENT AFTER MODIFICATION,PENDING,False
2625,GB,727C,,APPLICATION TO AMEND THE SPECIFICATION WITHDRAWN (SECT. 27/1977),APPL. TO AMEND THE SPEC. WITHDRAWN (SECT. 27/1977),L,IP RIGHT REVIEW REQUEST,PENDING,False
2626,GB,727D,,CASE DECIDED BY THE COMPTROLLER - APPLICATION REFUSED (SECT. 27/1977) [AMENDMENT AFTER GRANT],CASE DEC. BY THE COMPTR. ** APPL. REFUSED (SECT. 27/1977),L,IP RIGHT REVIEW REQUEST,PENDING,False
2627,GB,727E,,CASE DECIDED BY THE COMPTROLLER (SECT. 27/1977),CASE DEC. BY THE COMPTR. (SECT. 27/1977),,,NEUTRAL,False
2628,GB,727F,,APPLICATION FOR FURTHER AMENDMENT OF SPECIFICATION NOW OPEN TO OPPOSITION (SECT. 27/1977),APPL. FOR FURTHER AMENDMENT OF SPEC. NOW OPEN TO OPPOSITION (SECT. 27/1977),,,PENDING,False
2629,GB,727G,,PROCEEDING UNDER SECTION 27(5) PATENTS ACT 1977,PROC. UNDER SECT. 27(5) PAT. ACT 1977,,,NEUTRAL,False
2630,GB,727H,,SPECIFICATION AMENDED (SECT. 27/1977),SPEC. AMENDED (SECT. 27/1977),M,IP RIGHT MAINTENANCE,NEUTRAL,False
2631,GB,727I,,AMENDMENT TO SPECIFICATION STAYED (SECT. 27/1977),AMENDMENT TO SPEC. STAYED (SECT. 27/1977),,,NEUTRAL,False
2632,GB,727J,,APPLICATION WITHDRAWN (SECT. 27/1977) [AMENDMENT AFTER GRANT],APPL. WITHDRAWN (SECT. 27/1977),L,IP RIGHT REVIEW REQUEST,PENDING,False
2633,GB,727K,,PROCEEDING UNDER SECTION 27 PATENTS ACT 1977,PROC. UNDER SECT. 27 PAT. ACT 1977,,,NEUTRAL,False
2634,GB,727L,,CASE DECIDED BY THE COMPTROLLER ** APPLICATION TO AMEND THE SPECIFICATION REFUSED (SECT. 27/1977),CASE DEC. BY THE COMPTR. ** APPL. TO AMEND THE SPEC. REFUSED  (SECT. 27/1977),,,PENDING,False
2635,GB,727M,,DECISION ISSUED (SECT. 27/1977),DECISION ISSUED (SECT. 27/1977),,,NEUTRAL,False
2636,GB,727N,,AMENDMENT AFTER SPECIFICATION OF GRANT ERRATUM,AMENDMENT AFTER SPECIFICATION OF GRANT ERRATUM,,,NEUTRAL,False
2637,GB,727P,,APPLICATION NOT PROCEEDED WITH (SECT. 27/1977),APPLICATION NOT PROCEEDED WITH (SECT. 27/1977),,,PENDING,False
2638,GB,727Q,,OPPOSITION TREATED AS WITHDRAWN (SECT. 27/1977),OPPOSITION TREATED AS WITHDRAWN (SECT. 27/1977),,,NEUTRAL,False
2639,GB,727R,,NOTICE OF OPPOSITION RECEIVED,NOTICE OF OPPOSITION RECEIVED,L,IP RIGHT REVIEW REQUEST,NEUTRAL,False
2640,GB,727S,,OPPOSITION FILED UNDER SECT. 27(5) - AMENDMENT OF SPECIFICATION AFTER GRANT,OPPOSITION FILED UNDER SECT. 27(5) - AMENDMENT OF SPECIFICATION AFTER GRANT,,,NEUTRAL,False
2641,GB,727T,,APPL. TREATED AS ABANDONED (SECT. 27/1977) [AMENDMENT AFTER GRANT],APPL. TREATED AS ABANDONED (SECT. 27/1977),L,IP RIGHT REVIEW REQUEST,NEUTRAL,False
2642,GB,727U,,WITHDRAWAL OF APPLICATION FOR AMENDMENT OF SPECIFICATION NOW OPEN TO OPPOSTION (SECT. 27),WITHDRAWAL OF APPLICATION FOR AMENDMENT OF SPECIFICATION NOW OPEN TO OPPOSTION (SECT. 27),,,PENDING,False
2643,GB,727Z,,APPEAL TO THE PATENTS COURT LODGED (SECT. 27/1977),APPEAL TO THE PATENTS COURT LODGED (SECT. 27/1977),,,NEUTRAL,False
2644,GB,7281,-,APPLICATION FOR RESTORATION WITHDRAWN (SECT. 28/1977),APPLICATION FOR RESTORATION WITHDRAWN (SECT. 28/1977),K,IP RIGHT REVIVAL,PENDING,False
2645,GB,7282,-,APPLICATION FOR RESTORATION REFUSED (SECT. 28/1977),APPLICATION FOR RESTORATION REFUSED (SECT. 28/1977),K,IP RIGHT REVIVAL,PENDING,False
2646,GB,728A,+,ORDER MADE RESTORING THE PATENT (SECT. 28/1977),ORDER MADE RESTORING THE PATENT (SECT. 28/1977),,,UNKNOWN,False
2647,GB,728B,+,APPLICATION MADE TO THE PATENTS COURT (SECT. 28/1977),APPL. MADE TO THE PATENTS COURT (SECT. 28/1977),,,PENDING,False
2648,GB,728C,+,APPLICATION MADE FOR RESTORATION (SECT. 28/1977),APPL. MADE FOR RESTORATION (SECT. 28/1977),,,ALIVE,False
2649,GB,728D,,APPLICATION DEEMED WITHDRAWN (SECT. 28/1977),APPL. DEEMED WITHDRAWN (SECT. 28/1977),,,PENDING,False
2650,GB,728E,,APPLICATION NOT ENTERTAINED (SECT. 28/1977),APPL. NOT ENTERTAINED (SECT. 28/1977),,,PENDING,False
2651,GB,728G,,APPLICATION FOR RESTORATION WITHDRAWN UNDER RULE 100 (SECT. 28/1977),APPL. FOR RESTORATION WITHDRAWN UNDER RULE 100 (SECT. 28/1977),,,PENDING,False
2652,GB,728H,,APPLICATION OUT OF TIME DATED ... (SECT. 28/1977),APPL. OUT OF TIME DATED ... (SECT. 28/1977),,,PENDING,False
2653,GB,728I,,APPLICATION TO THE COURT OF APPEAL (SECT. 28/1977),APPL. TO THE COURT OF APPEAL (SECT. 28/1977),,,PENDING,False
2654,GB,728J,,APPEAL TO THE PATENTS COURT ALLOWED (SECT. 28/1977),APPEAL TO THE PATENTS COURT ALLOWED (SECT. 28/1977),,,NEUTRAL,False
2655,GB,728K,,PATENT RESTORED BY COURT ORDER (SECT. 28/1977),PATENT RESTORED BY COURT ORDER (SECT. 28/1977),,,NEUTRAL,False
2656,GB,728L,,PROCEEDING UNDER SECTION 28 PATENTS ACT 1977,PROCEEDING UNDER SECTION 28 PATENTS ACT 1977,,,NEUTRAL,False
2657,GB,728M,,APPLICATION MADE TO THE COURT OF APPEAL ** APPEAL DISMISSED (SECT. 28/1977),APPL. MADE TO THE COURT OF APPEAL ** APPEAL DISMISSED (SECT. 28/1977),,,PENDING,False
2658,GB,728N,,APPLICATION MADE TO THE PATENTS COURT ** APPEAL DISMISSED (SECT. 28/1977),APPL. MADE TO THE PATENTS COURT ** APPEAL DISMISSED (SECT. 28/1977),,,PENDING,False
2659,GB,728P,,APPLICATION NOT PROCEEDED WITH (SECT. 28/1977),APPL. NOT PROCEEDED WITH (SECT. 28/1977),,,PENDING,False
2660,GB,728Q,,APPLICATION NOT ADMITTED (SECT. 28/1977),APPL. NOT ADMITTED (SECT. 28/1977),,,PENDING,False
2661,GB,728R,,APPLICATION REFUSED (SECT. 28/1977) [RESTORATION OF LAPSED PATENT],APPL. REFUSED (SECT. 28/1977),K,IP RIGHT REVIVAL,PENDING,False
2662,GB,728S,,APPLICATION MADE TO THE PATENTS COURT ** APPLICATION NOT ENTERTAINED (SECT. 28/1977),APPL. MADE TO THE PATENTS COURT ** APPL. NOT ENTERTAINED (SECT. 28/1977),,,PENDING,False
2663,GB,728T,,APPLICATION MADE TO THE PATENTS COURT ** APPEAL ALLOWED (SECT. 28/1977),APPL. MADE TO THE PATENTS COURT ** APPEAL ALLOWED (SECT. 28/1977),,,PENDING,False
2664,GB,728U,,CASE DECIDED BY THE COMPTROLLER (SECT. 28/1977),CASE DEC. BY THE COMPTR. (SECT. 28/1977),,,NEUTRAL,False
2665,GB,728V,,APPLICATION FOR RESTORATION FILED (SECT. 28/1977),APPLICATION FOR RESTORATION FILED (SECT. 28/1977),,,PENDING,False
2666,GB,728W,,APPLICATION WITHDRAWN (SECT. 28/1977) [RESTORATION OF LAPSED PATENT],APPLICATION WITHDRAWN (SECT. 28/1977),K,IP RIGHT REVIVAL,PENDING,False
2667,GB,728X,,APPL. FOR ACCEPTANCE RESTORATION OUTSIDE PRESCRIBED PERIOD UNDER RULE 100 (SECT. 28/1977),APPL. FOR ACCEPTANCE RESTORATION OUTSIDE PRESCRIBED PERIOD UNDER RULE 100 (SECT. 28/1977),,,NEUTRAL,False
2668,GB,728Y,,APPLICATION FOR RESTORATION ALLOWED (SECT. 28/1977),APPLICATION FOR RESTORATION ALLOWED (SECT. 28/1977),,,PENDING,False
2669,GB,728Z,,APPEAL TO THE PATENTS COURT LODGED (SECT. 28/1977),APPEAL TO THE PATENTS COURT LODGED (SECT. 28/1977),,,NEUTRAL,False
2670,GB,729A,,OFFER ACCEPTED BY THE COMPTROLLER (SECT. 29/1977),OFFER ACCEPTED BY THE COMPTR. (SECT. 29/1977),,,NEUTRAL,False
2671,GB,729B,,OFFER NOT ACCEPTED BY THE COMPTROLLER (SECT. 29/1977),OFFER NOT ACCEPTED BY THE COMPTR. (SECT. 29/1977),,,NEUTRAL,False
2672,GB,729C,,PROCEEDING UNDER SECTION 29 PATENTS ACT 1977,PROC. UNDER SECT. 29 PAT. ACT 1977,,,NEUTRAL,False
2673,GB,729D,,PROCEEDING UNDER SECTION 29(2) PATENTS ACT 1977,PROC. UNDER SECT. 29(2) PAT. ACT 1977,,,NEUTRAL,False
2674,GB,729E,,OFFER TO SURRENDER ABATED - NOT PROCEEDED WITH (SECT. 29/1977),OFFER TO SURRENDER ABATED - NOT PROCEEDED WITH (SECT. 29/1977),Z,CLASSIFICATION PENDING,NEUTRAL,False
2675,GB,729F,,APPLICATION MADE TO THE PATENTS COURT (SECT. 29/1977),APPL. MADE TO THE PATENTS COURT (SECT. 29/1977),,,PENDING,False
2676,GB,729G,,OFFER REFUSED BY THE COMPTROLLER (SECT. 29/1977),OFFER REFUSED BY THE COMPTROLLER (SECT. 29/1977),,,NEUTRAL,False
2677,GB,729S,,OFFER TO SURRENDER (SECT. 29/1977),OFFER TO SURRENDER (SECT. 29/1977),,,NEUTRAL,False
2678,GB,729U,,OFFER TO SURRENDER ACCEPTED BY THE COMPTROLLER (SECT. 29/1977),OFFER TO SURRENDER ACCEPTED BY THE COMPTROLLER (SECT. 29/1977),,,NEUTRAL,False
2679,GB,730,,SUBSTITUTION OF APPLICANTS ALLOWED (SECT. 30/1977),SUBSTITUTION OF APPLICANTS ALLOWED (SECT. 30/1977),,,NEUTRAL,False
2680,GB,730A,,PROCEEDING UNDER SECTION 30 PATENTS ACT 1977,PROC. UNDER SECT. 30 PAT. ACT 1977,,,NEUTRAL,False
2681,GB,730B,-,PATENT NOT PROCEEDED WITH,PATENT NOT PROCEEDED WITH,Z,CLASSIFICATION PENDING,UNKNOWN,False
2682,GB,730Z,,CORRECTION TO NOTICE - SECT. 30 TRANSACTIONS IN PATENT APPLICATIONS,CORRECTION TO NOTICE - SECT. 30 TRANSACTIONS IN PATENT APPLICATIONS,Z,CLASSIFICATION PENDING,PENDING,False
2683,GB,731A,,CASE DECIDED BY THE COMPTROLLER ** PATENT REVOKED (SECT. 73(1)/1977),CASE DEC. BY THE COMPTR. ** PATENT REVOKED (SECT. 73(1)/1977),,,NEUTRAL,False
2684,GB,732,,"REGISTRATION OF TRANSACTIONS, INSTRUMENTS OR EVENTS IN THE REGISTER (SECT. 32/1977)","REGISTRATION OF TRANSACTIONS, INSTRUMENTS OR EVENTS IN THE REGISTER (SECT. 32/1977)",,,NEUTRAL,False
2685,GB,732A,,ORDER MADE RESTORING THE PATENT (SECT. 32/1977),ORDER MADE RESTORING THE PATENT (SECT. 32/1977),,,NEUTRAL,False
2686,GB,732B,,REQUEST FOR CORRECTION OF ERRORS IN THE REGISTER (SECT. 32/1977),REQUEST FOR CORRECTION OF ERRORS IN THE REGISTER (SECT. 32/1977),,,NEUTRAL,False
2687,GB,732C,,REQUEST FOR CORRECTION OF A CLERICAL ERROR (SECT. 32/1977),REQUEST FOR CORRECTION OF A CLERICAL ERROR (SECT. 32/1977),,,NEUTRAL,False
2688,GB,732D,,REQUEST FOR CORRECTION OF AN ERROR IN THE REGISTER (SECT. 32(2)(D)/1977),REQUEST FOR CORRECTION OF AN ERROR IN THE REGISTER (SECT. 32(2)(D)/1977),,,NEUTRAL,False
2689,GB,732E,,AMENDMENTS TO THE REGISTER IN RESPECT OF CHANGES OF NAME OR CHANGES AFFECTING RIGHTS (SECT. 32/1977),AMENDMENTS TO THE REGISTER IN RESPECT OF CHANGES OF NAME OR CHANGES AFFECTING RIGHTS (SECT. 32/1977),R,PARTY DATA CHANGE,NEUTRAL,False
2690,GB,733A,,APPLICATION MADE TO THE PATENTS COURT (SECT. 33/1977),APPL. MADE TO THE PATENTS COURT (SECT. 33/1977),,,PENDING,False
2691,GB,734A,-,APPLICATION FOR RECTIFICATION OF REGISTER - APPLICATION DISCONTINUED (SECTION 34),APPLICATION FOR RECTIFICATION OF REGISTER - APPLICATION DISCONTINUED (SECTION 34),,,PENDING,False
2692,GB,737A,,PROCEEDING UNDER SECTION 37(1) PATENTS ACT 1977,PROC. UNDER SECT. 37(1) PAT. ACT 1977,,,NEUTRAL,False
2693,GB,737B,,APPLICATION MADE TO THE PATENTS COURT (SECT. 37(1)/1977),APPL. MADE TO THE PATENTS COURT (SECT. 37(1)/1977),,,PENDING,False
2694,GB,737C,,PROCEEDING UNDER SECTION 37 OF THE PATENTS ACT 1977,PROC. UNDER SECT. 37 PAT. ACT 1977,,,NEUTRAL,False
2695,GB,737D,,APPEAL TO THE PATENTS COURT (SECT. 37/1977),APPEAL TO THE PATENTS COURT (SECT. 37/1977),,,NEUTRAL,False
2696,GB,737E,,APPLICATION MADE UNDER SECT. 37(1)/1977 REFUSED,APPLICATION MADE UNDER SECT. 37(1)/1977 REFUSED,,,PENDING,False
2697,GB,737F,,APPEAL TO THE PATENTS COURT (SECT. 37/1977) WITHDRAWN,APPEAL TO THE PATENTS COURT (SECT. 37/1977) WITHDRAWN,,,NEUTRAL,False
2698,GB,737G,,APPL. MADE UNDER SECT. 37/1977 REFERENCE ALLOWED,APPL. MADE UNDER SECT. 37/1977 REFERENCE ALLOWED,,,NEUTRAL,False
2699,GB,737H,,REFERENCE FILED UNDER SECTION 37(1),REFERENCE FILED UNDER SECTION 37(1),Z,CLASSIFICATION PENDING,NEUTRAL,False
2700,GB,737J,,REFERENCE UNDER SECTION 37(1)/1977 WITHDRAWN,REFERENCE UNDER SECTION 37(1)/1977 WITHDRAWN,Z,CLASSIFICATION PENDING,NEUTRAL,False
2701,GB,737K,,REFERENCE UNDER SECT. 37(1) REFUSED - REF.  AFTER GRANT CONCERNING UK ENTITLEMENT,REFERENCE UNDER SECT. 37(1) REFUSED - REF.  AFTER GRANT CONCERNING UK ENTITLEMENT,,,NEUTRAL,False
2702,GB,737M,,REFERENCE TREATED AS WITHDRAWN - SECTION 37(1),REFERENCE TREATED AS WITHDRAWN - SECTION 37(1),Z,CLASSIFICATION PENDING,NEUTRAL,False
2703,GB,737N,,APPEAL TO THE PATENTS COURT DISMISSED-REFERENCE UNDER SECTION 37(1),APPEAL TO THE PATENTS COURT DISMISSED-REFERENCE UNDER SECTION 37(1),,,NEUTRAL,False
2704,GB,737O,,REFERENCE UNDER SECT. 37(1) DECIDED,REFERENCE UNDER SECT. 37(1) DECIDED,,,NEUTRAL,False
2705,GB,740A,,PROCEEDING UNDER SECTION 40 PATENTS ACT 1977,PROC. UNDER SECT. 40 PAT. ACT 1977,,,NEUTRAL,False
2706,GB,740B,,APPLICATION DECIDED BY THE COMPTROLLER (SECT. 40/1977),APPLICATION DECIDED BY THE COMPTROLLER (SECT. 40/1977),,,PENDING,False
2707,GB,740C,,APPLICATION TO THE COURT OF APPEAL (SECT. 40/1977),APPL. TO THE COURT OF APPEAL (SECT. 40/1977),,,PENDING,False
2708,GB,740F,,APPLICATION FILED BY EMPLOYEE FOR COMPENSATION - ACCORDING TO SECT. 40,APPLICATION FILED BY EMPLOYEE FOR COMPENSATION - ACCORDING TO SECT. 40,Z,CLASSIFICATION PENDING,PENDING,False
2709,GB,740R,-,APPLICATION BY EMPLOYEE FOR COMPENSATION - APPLICATION REFUSED SECTION 40,APPLICATION BY EMPLOYEE FOR COMPENSATION - APPLICATION REFUSED SECTION 40,,,PENDING,False
2710,GB,746,,REGISTER NOTED 'LICENCES OF RIGHT' (SECT. 46/1977),REGISTER NOTED 'LICENCES OF RIGHT' (SECT. 46/1977),S,INFORMATION ON LICENSING AND SIMILAR TRANSACTIONS,NEUTRAL,False
2711,GB,746A,,APPEAL TO THE PATENTS COURT (SECT. 46/1977),APPEAL TO THE PATENTS COURT (SECT. 46/1977),,,NEUTRAL,False
2712,GB,746B,,PROCEEDING UNDER SECTION 46(3) PATENTS ACT 1977,PROC. UNDER SECT. 46(3) PAT. ACT 1977,,,NEUTRAL,False
2713,GB,746C,,PATENT OF ADDITION (SECT. 46(3)/1977),PATENT OF ADDITION (SECT. 46(3)/1977),,,NEUTRAL,False
2714,GB,746D,,CASE DECIDED BY THE COMPTROLLER (SECT. 46(3)/1977),CASE DEC. BY THE COMPTR. (SECT. 46(3)/1977),,,NEUTRAL,False
2715,GB,746E,,APPLICATION MADE TO THE PATENTS COURT (SECT. 46(3)/1977),APPL. MADE TO THE PATENTS COURT (SECT. 46(3)/1977),,,PENDING,False
2716,GB,746F,,APPEAL TO THE PATENTS COURT (SECT. 46(3)/1977) ALLOWED,APPEAL TO THE PATENTS COURT (SECT. 46(3)/1977) ALLOWED,,,NEUTRAL,False
2717,GB,746S,,APPEAL TO THE COURT OF APPEAL LODGED (SECT. 46(3)/1977),APPEAL TO THE COURT OF APPEAL LODGED (SECT. 46(3)/1977),,,NEUTRAL,False
2718,GB,746W,,APPLICATION MADE TO THE PATENTS COURT (SECT. 46(3)/1977) WITHDRAWN,APPLICATION MADE TO THE PATENTS COURT (SECT. 46(3)/1977) WITHDRAWN,,,PENDING,False
2719,GB,747,,APPLICATION FOR CANCELLATION OF 'LICENCES OF RIGHT' IN THE REGISTER (SECT. 47/1977),APPL. FOR CANCELLATION OF 'LICENCES OF RIGHT' IN THE REGISTER (SECT. 47/1977),S,INFORMATION ON LICENSING AND SIMILAR TRANSACTIONS,PENDING,False
2720,GB,747A,,PROCEEDING UNDER SECTION 47 PATENTS ACT 1977,PROC. UNDER SECT. 47 PAT. ACT 1977,,,NEUTRAL,False
2721,GB,747B,,PROCEEDING UNDER SECT. 47(1) PATENTS ACT 1977,PROC. UNDER SECT. 47(1) PAT. ACT 1977,,,NEUTRAL,False
2722,GB,747C,,NOTICE THAT THE ENTRY IN THE REGISTER 'LICENCE OF RIGHT' WAS CANCELLED (SECT. 47/1977),NOTICE THAT THE ENTRY IN THE REGISTER 'LICENCE OF RIGHT' WAS CANCELLED (SECT. 47/1977),S,INFORMATION ON LICENSING AND SIMILAR TRANSACTIONS,NEUTRAL,False
2723,GB,747D,,APPLIC. UNDER SECT. 47(1) BY A PROPRIETOR TO CANCEL AN ENTRY,APPLIC. UNDER SECT. 47(1) BY A PROPRIETOR TO CANCEL AN ENTRY,,,NEUTRAL,False
2724,GB,747E,,LICENCE OF RIGHT ENTRY DISPOSAL,LICENCE OF RIGHT ENTRY DISPOSAL,S,INFORMATION ON LICENSING AND SIMILAR TRANSACTIONS,NEUTRAL,False
2725,GB,748,,APPLICATION WITHDRAWN (SECT. 48/1977),APPL. WITHDRAWN (SECT. 48/1977),S,INFORMATION ON LICENSING AND SIMILAR TRANSACTIONS,PENDING,False
2726,GB,748A,,APPLICATION FOR AN ORDER FOR A LICENCE (SECT. 48/1977),APPL. FOR AN ORDER FOR A LICENCE (SECT. 48/1977),S,INFORMATION ON LICENSING AND SIMILAR TRANSACTIONS,PENDING,False
2727,GB,748B,,APPLICATION REFUSED (SECT. 48(1)/1977),APPL. REFUSED (SECT. 48(1)/1977),,,PENDING,False
2728,GB,748C,,PROCEEDING UNDER SECTION 48 PATENTS ACT 1977,PROC. UNDER SECT. 48 PAT. ACT 1977,,,NEUTRAL,False
2729,GB,748D,,PROCEEDING UNDER SECTION 48(3)(A) PATENTS ACT 1977,PROC. UNDER SECT. 48(3)(A) PAT. ACT 1977,,,NEUTRAL,False
2730,GB,748E,,APPLICATION REFUSED (SECT. 48(1) AND 49(1)/1977),APPL. REFUSED (SECT. 48(1) AND 49(1)/1977),,,PENDING,False
2731,GB,748F,,CASE DECIDED BY THE COMPTROLLER (SECT. 48/1977),CASE DEC. BY THE COMPTR. (SECT. 48/1977),,,NEUTRAL,False
2732,GB,748G,,APPLICATION MADE TO THE PATENTS COURT (SECT. 48(1)/1977),APPL. MADE TO THE PATENTS COURT (SECT. 48(1)/1977),,,PENDING,False
2733,GB,748R,,ORDER MADE FOR A LICENCE (SECT. 48(1)/1977),ORDER MADE FOR A LICENCE (SECT. 48(1)/1977),,,NEUTRAL,False
2734,GB,748S,,APPLICATION WITHDRAWN (SECT. 48(1)/1977),APPL. WITHDRAWN (SECT. 48(1)/1977),,,PENDING,False
2735,GB,750A,,CERTIFICATE OF CONTESTED VALIDITY (RULE 50/1977),CERTIFICATE OF CONTESTED VALIDITY (RULE 50/1977),,,NEUTRAL,False
2736,GB,752,,PROCEEDING UNDER SECTION 52(1) PATENTS ACT 1977,PROC. UNDER SECT. 52(1) PAT. ACT 1977,,,NEUTRAL,False
2737,GB,765A,,PROCEEDING UNDER SECTION 65 PATENTS ACT 1977,PROC. UNDER SECT. 65 PAT. ACT 1977,,,NEUTRAL,False
2738,GB,765B,,CERTIFICATE OF CONTESTED VALIDITY (SECT. 65(1)/1977),CERTIFICATE OF CONTESTED VALIDITY (SECT. 65(1)/1977),,,NEUTRAL,False
2739,GB,771,,APPLICATION MADE FOR DECLARATION OF NON-INFRINGEMENT (SECT. 71/1977),APPL. MADE FOR DECLARATION OF NON-INFRINGEMENT (SECT. 71/1977),Z,CLASSIFICATION PENDING,PENDING,False
2740,GB,771A,,CASE DECIDED BY THE COMPTROLLER ** APPLICATION NOT CONTESTED (SECT. 71/1977),CASE DEC. BY THE COMPTR. ** APPL. NOT CONTESTED (SECT. 71/1977),,,PENDING,False
2741,GB,771B,,APPLICATION GRANTED IN PART (SECT. 71/1977),APPL. GRANTED IN PART (SECT. 71/1977),Z,CLASSIFICATION PENDING,PENDING,False
2742,GB,771C,,DECLARATION NOT MADE (SECT. 71/1977),DECLARATION NOT MADE (SECT. 71/1977),,,NEUTRAL,False
2743,GB,771D,,CASE DECIDED BY THE COMPTROLLER ** APPLICATION WITHDRAWN (SECT. 71/1977),CASE DEC. BY THE COMPTR. ** APPL. WITHDRAWN (SECT. 71/1977),,,PENDING,False
2744,GB,771E,,DECLARATION OF NON-INFRINGEMENT MADE (SECT. 71/1977),DECLARATION OF NON-INFRINGEMENT MADE (SECT. 71/1977),,,NEUTRAL,False
2745,GB,771F,,APPLICATION WITHDRAWN (SECT. 71/1977) [NON-INFRIGEMENT],APPL. WITHDRAWN (SECT. 71/1977),L,IP RIGHT REVIEW REQUEST,PENDING,False
2746,GB,771G,,APPLICATION FOR DECLARATION OF NON-INFRINGEMENT GRANTED IN PART DATED ... (SECT. 71/1977),APPL. FOR DECLARATION OF NON-INFRINGEMENT GRANTED IN PART DATED ... (SECT. 71/1977),,,PENDING,False
2747,GB,771H,,CASE DECIDED BY THE COMPTROLLER ** PROC. TERMINATED ... (SECT. 71/1977),CASE DEC. BY THE COMPTR. ** PROC. TERMINATED ... (SECT. 71/1977),,,NEUTRAL,False
2748,GB,771I,,APPLICATION FOR DECLARATION OF NON-INFRINGEMENT (SECT. 71/1977),APPL. FOR DECLARATION OF NON-INFRINGEMENT (SECT. 71/1977),,,PENDING,False
2749,GB,771J,,CASE DECIDED BY THE COMPTROLLER ** APPLICATION REFUSED (SECT. 71/1977),CASE DEC. BY THE COMPTR. ** APPL. REFUSED (SECT. 71/1977),,,PENDING,False
2750,GB,771K,,CASE DECIDED BY THE COMPTROLLER ** APPLICATION ALLOWED (SECT. 71/1977),CASE DEC. BY THE COMPTR. ** APPL. ALLOWED (SECT. 71/1977),,,PENDING,False
2751,GB,771L,-,APPLICATION TREATED AS WITHDRAWN (SECT. 71/1977) [NON INFRIGEMENT],APPL. TREATED AS WITHDRAWN (SECT. 71/1977),L,IP RIGHT REVIEW REQUEST,PENDING,False
2752,GB,771M,,SECTION 71/1977,SECTION 71/1977,,,NEUTRAL,False
2753,GB,772,,APPLICATION MADE FOR REVOCATION (SECT. 72/1977),APPL. MADE FOR REVOCATION (SECT. 72/1977),,,PENDING,False
2754,GB,7721,,APPLICATION MADE TO THE COMPTROLLER (SECT. 72/1977),APPLICATION MADE TO THE COMPTROLLER (SECT. 72/1977),,,PENDING,False
2755,GB,7722,,PETITION LODGED IN COURT (SECT. 72/1977),PETITION LODGED IN COURT (SECT. 72/1977),,,NEUTRAL,False
2756,GB,7723,,CASE DEC. BY THE COMPTR. ** APPL. REFUSED ** NO ORDER FOR REVOCATION MADE (SECT. 72/1977),CASE DEC. BY THE COMPTR. ** APPL. REFUSED ** NO ORDER FOR REVOCATION MADE (SECT. 72/1977),,,NEUTRAL,False
2757,GB,7724,,CASE DEC. BY THE COMPTR. ** APPL. TREATED AS ABANDONED (SECT. 72/1977),CASE DEC. BY THE COMPTR. ** APPL. TREATED AS ABANDONED (SECT. 72/1977),,,NEUTRAL,False
2758,GB,7725,,APPLICATION FOR REVOCATION - PETITION(S) FOR REVOCATION LODGED IN THE COURT - SECTION 72,APPLICATION FOR REVOCATION - PETITION(S) FOR REVOCATION LODGED IN THE COURT - SECTION 72,,,PENDING,False
2759,GB,7726,,COUNTERCLAIM FOR REVOCATION TERMINATED,COUNTERCLAIM FOR REVOCATION TERMINATED,,,NEUTRAL,False
2760,GB,7727,,APPLICATION FOR REVOCATION: COURT ORDER (PATEND REVOKED) STAYED PENDING APPEAL TO THE COURT OF APPEAL (SECT. 72),APPLICATION FOR REVOCATION: COURT ORDER (PATEND REVOKED) STAYED PENDING APPEAL TO THE COURT OF APPEAL (SECT. 72),,,PENDING,False
2761,GB,7728,,APPLICATION FOR REVOCATION: COURT ORDER DISCHARGES THE ORDER FOR REVOCATION (SECT. 72),APPLICATION FOR REVOCATION: COURT ORDER DISCHARGES THE ORDER FOR REVOCATION (SECT. 72),,,PENDING,False
2762,GB,772A,,APPLICATION MADE FOR RESTORATION (SECT. 72/1977),APPL. MADE FOR RESTORATION (SECT. 72/1977),,,PENDING,False
2763,GB,772B,-,CASE DECIDED BY THE COMPTROLLER ** PATENT REVOKED (SECT. 72/1977),CASE DEC. BY THE COMPTR. ** PATENT REVOKED (SECT. 72/1977),H,IP RIGHT CESSATION,DEAD,False
2764,GB,772C,,APPLICATION MADE TO THE COMPTROLLER FOR REVOCATION (SECT. 72/1977),APPL. MADE TO THE COMPTR. FOR REVOCATION (SECT. 72/1977),,,PENDING,False
2765,GB,772D,,PROCEEDING TERMINATED BY VOLUNTARY SURRENDER OF PATENT (SECT. 72/1977),PROC. TERMINATED BY VOLUNTARY SURRENDER OF PATENT (SECT. 72/1977),,,NEUTRAL,False
2766,GB,772E,,APPLICATION WITHDRAWN (SECT. 72/1977) [REVOCATION],APPL. WITHDRAWN (SECT. 72/1977),L,IP RIGHT REVIEW REQUEST,PENDING,False
2767,GB,772F,,CASE DECIDED BY THE COMPTROLLER ** SPECIFICATION AMENDED (SECT. 72/1977),CASE DEC. BY THE COMPTR. ** SPEC. AMENDED (SECT. 72/1977),P,RE-PUBLICATION OF DOCUMENT AFTER MODIFICATION,PENDING,False
2768,GB,772G,,APPLICATION TO COMPTROLLER FOR REVOCATION OF PATENT AND AMENDMENT OF SPECIFICATION THEREOF (SECT. 72/1977),APPL. TO COMPTR. FOR REVOCATION OF PATENT AND AMENDMENT OF SPEC. THEREOF (SECT. 72/1977),,,PENDING,False
2769,GB,772H,,CASE DECIDED BY THE COMPTROLLER ** APPLICATION REFUSED (SECT. 72/1977),CASE DEC. BY THE COMPTR. ** APPL. REFUSED (SECT. 72/1977),,,PENDING,False
2770,GB,772I,,APPLICATION MADE TO THE PATENTS COURT (SECT. 72/1977),APPL. MADE TO THE PATENTS COURT (SECT. 72/1977),,,PENDING,False
2771,GB,772J,,APPLICATION WITHDRAWN (SECT. 72/1977) [REVOCATION],APPL. WITHDRAWN (SECT. 72/1977),L,IP RIGHT REVIEW REQUEST,PENDING,False
2772,GB,772K,,APPLICATION DEEMED NOT TO HAVE BEEN PROPERLY LAUNCHED (SECT. 72/1977),APPL. DEEMED NOT TO HAVE BEEN PROPERLY LAUNCHED (SECT. 72/1977),,,PENDING,False
2773,GB,772L,,APPLICATION NOT PROCEEDED WITH (SECT. 72/1977),APPL. NOT PROCEEDED WITH (SECT. 72/1977),,,PENDING,False
2774,GB,772M,,CASE DECIDED BY THE COMPTROLLER (SECT. 72/1977),CASE DEC. BY THE COMPTR. (SECT. 72/1977),,,NEUTRAL,False
2775,GB,772N,,PROCEEDING UNDER SECTION 72 PATENTS ACT 1977,PROC. UNDER SECT. 72 PAT. ACT 1977,,,NEUTRAL,False
2776,GB,772O,,AMENDED SPECIFICATION PRINTED (SECT. 72/1977),AMENDED SPEC. PRINTED (SECT. 72/1977),,,NEUTRAL,False
2777,GB,772P,,SPECIFICATION AMENDED (SECT. 72/1977),SPEC. AMENDED (SECT. 72/1977),M,IP RIGHT MAINTENANCE,NEUTRAL,False
2778,GB,772Q,,CASE DECIDED BY THE COMPTROLLER (SECT. 72 + 75/1977),CASE DEC. BY THE COMPTR. (SECT. 72 + 75/1977),,,NEUTRAL,False
2779,GB,772R,-,PATENT REVOKED (SECT. 72/1977),PATENT REVOKED (SECT. 72/1977),H,IP RIGHT CESSATION,DEAD,False
2780,GB,772S,,APPLICATION WITHDRAWN ** NO ORDER FOR REVOCATION MADE (SECT. 72/1977),APPL. WITHDRAWN ** NO ORDER FOR REVOCATION MADE (SECT. 72/1977),Z,CLASSIFICATION PENDING,PENDING,False
2781,GB,772T,,DECISION BY THE COMPTROLLER (SECT. 72/1977),DECISION BY THE COMPTR. (SECT. 72/1977),,,NEUTRAL,False
2782,GB,772U,,CASE DECIDED BY THE COMPTROLLER ** PRELIMINARY DECISION (SECT. 72/1977),CASE DEC. BY THE COMPTR. ** PRELIMINARY DECISION (SECT. 72/1977),,,NEUTRAL,False
2783,GB,772V,,CASE DECIDED BY THE COMPTROLLER ** SUPPLEMENTARY DECISION (SECT. 72/1977),CASE DEC. BY THE COMPTR. ** SUPPLEMENTARY DECISION (SECT. 72/1977),,,NEUTRAL,False
2784,GB,772W,,APPLICATION MADE TO THE COMPTROLLER FOR REVOCATION (SECT. 72(1)/1977),APPL. MADE TO THE COMPTR. FOR REVOCATION (SECT. 72(1)/1977),,,PENDING,False
2785,GB,772X,,CASE DECIDED BY THE COMPTROLLER ** APPLICATION WITHDRAWN ** NO ORDER FOR REVOCATION MADE (SECT. 72/1977),CASE DEC. BY THE COMPTR. ** APPL. WITHDRAWN ** NO ORDER FOR REVOCATION MADE (SECT. 72/1977),Z,CLASSIFICATION PENDING,PENDING,False
2786,GB,772Y,,CASE DECIDED BY THE COMPTROLLER ** SPECIFICATION AMENDED (SECT. 72+75/1977),CASE DEC. BY THE COMPTR. ** SPEC. AMENDED (SECT. 72+75/1977),,,NEUTRAL,False
2787,GB,772Z,,CASE DECIDED BY THE COMPTROLLER ** SPECIFICATION AMENDED ** NO ORDER FOR REVOCATION MADE (SECT. 72+75/1977),CASE DEC. BY THE COMPTR. ** SPEC. AMENDED ** NO ORDER FOR REVOCATION MADE (SECT. 72+75/1977),Z,CLASSIFICATION PENDING,NEUTRAL,False
2788,GB,7731,,CASE DECIDED BY THE COMPTROLLER ** SPECIFICATION AMENDED (SECT. 73(1)/1977),CASE DEC. BY THE COMPTR. ** SPEC. AMENDED (SECT. 73(1)/1977),P,RE-PUBLICATION OF DOCUMENT AFTER MODIFICATION,PENDING,False
2789,GB,7732,,CASE DECIDED BY THE COMPTROLLER ** PATENT REVOKED (SECT. 73(2)/1977),CASE DEC. BY THE COMPTR. ** PATENT REVOKED (SECT. 73(2)/1977),,,NEUTRAL,False
2790,GB,773A,,PROCEEDING UNDER SECTION 73(2) PATENTS ACT 1977,PROC. UNDER SECT. 73(2) PAT. ACT 1977,Z,CLASSIFICATION PENDING,NEUTRAL,False
2791,GB,773B,,CASE DECIDED BY THE COMPTROLLER ** SPECIFICATION AMENDED (SECT. 73(2)/1977),CASE DEC. BY THE COMPTR. ** SPEC. AMENDED (SECT. 73(2)/1977),P,RE-PUBLICATION OF DOCUMENT AFTER MODIFICATION,PENDING,False
2792,GB,773C,,ACTION NOT PROCEEDED WITH (SECT. 73/1977),ACTION NOT PROCEEDED WITH (SECT. 73/1977),Z,CLASSIFICATION PENDING,NEUTRAL,False
2793,GB,773D,,PROC. TERMINATED (SECT. 73(2)/1977),PROC. TERMINATED (SECT. 73(2)/1977),,,NEUTRAL,False
2794,GB,773E,,ACTION NOT PURSUED (SECT. 73(2)/1977),ACTION NOT PURSUED (SECT. 73(2)/1977),,,NEUTRAL,False
2795,GB,773F,,ACTION TERMINATED (SECT. 73(2)/1977),ACTION TERMINATED (SECT. 73(2)/1977),,,NEUTRAL,False
2796,GB,773G,,SPECIFICATION AMENDED ** NO ORDER FOR REVOCATION MADE (SECT. 73(2)/1977),SPEC. AMENDED ** NO ORDER FOR REVOCATION MADE (SECT. 73(2)/1977),P,RE-PUBLICATION OF DOCUMENT AFTER MODIFICATION,PENDING,False
2797,GB,773H,,REVOCATION ACTION IS NOT PURSUED (SECT. 73(2)/1977),REVOCATION ACTION IS NOT PURSUED (SECT. 73(2)/1977),Z,CLASSIFICATION PENDING,NEUTRAL,False
2798,GB,773I,,CASE DECIDED BY THE COMPTROLLER (SECT. 73(2)/1977),CASE DEC. BY THE COMPTR. (SECT. 73(2)/1977),,,NEUTRAL,False
2799,GB,773J,,APPLICATION MADE TO THE PATENTS COURT (SECT. 73(2)/1977),APPL. MADE TO THE PATENTS COURT (SECT. 73(2)/1977),,,PENDING,False
2800,GB,773K,-,PATENT REVOKED UNDER SECT. 73(2)/1977,PATENT REVOKED UNDER SECT. 73(2)/1977,H,IP RIGHT CESSATION,DEAD,False
2801,GB,773L,-,PATENT REVOKED UNDER SECT. 73(1)/1977,PATENT REVOKED UNDER SECT. 73(1)/1977,H,IP RIGHT CESSATION,DEAD,False
2802,GB,773M,-,"SECTION 73, REVOCATION ON THE COMPTROLLER'S INITIATIVE","SECTION 73, REVOCATION ON THE COMPTROLLER'S INITIATIVE",H,IP RIGHT CESSATION,DEAD,False
2803,GB,774,,APPLICATION FOR DECLARATION OF NON-INFRINGEMENT IS WITHDRAWN (SECT. 74/1977),APPL. FOR DECLARATION OF NON-INFRINGEMENT IS WITHDRAWN (SECT. 74/1977),,,PENDING,False
2804,GB,775,,APPLICATION FOR AMENDMENT OF SPECIFICATION (SECT. 75/1977),APPL. FOR AMENDMENT OF SPEC. (SECT. 75/1977),Z,CLASSIFICATION PENDING,PENDING,False
2805,GB,775A,,PROCEEDING UNDER SECTION 75 PATENTS ACT 1977,PROC. UNDER SECT. 75 PAT. ACT 1977,Z,CLASSIFICATION PENDING,NEUTRAL,False
2806,GB,775B,,SPECIFICATION AMENDED (SECT. 75/1977),SPEC. AMENDED (SECT. 75/1977),M,IP RIGHT MAINTENANCE,NEUTRAL,False
2807,GB,775C,,APPLICATION FOR AMENDMENT OF SPECIFICATION WITHDRAWN (SECT. 75/1977),APPL. FOR AMENDMENT OF SPEC. WITHDRAWN (SECT. 75/1977),Z,CLASSIFICATION PENDING,PENDING,False
2808,GB,775D,-,"PROCEEDING UNDER SECTION 75 PATENTS ACT 1977, APPLICATION DISCONTINUED BY ORDER DATED...",PROC. UNDER SECT. 75 PAT. ACT 1977 ** APPL. DISCONTINUED BY ORDER DATED ...,L,IP RIGHT REVIEW REQUEST,PENDING,False
2809,GB,775E,-,PATENT REVOKED (SECT. 75/1977),PATENT REVOKED (SECT. 75/1977),H,IP RIGHT CESSATION,DEAD,False
2810,GB,775F,,COURT HAS BY ORDER DATED ... ALLOWED AMENDMENT OF SPECIFICATION (SECT. 75/1977),COURT HAS BY ORDER DATED ... ALLOWED AMENDMENT OF SPEC. (SECT. 75/1977),P,RE-PUBLICATION OF DOCUMENT AFTER MODIFICATION,PENDING,False
2811,GB,775G,,APPLICATION WITHDRAWN (SECT. 75/1977),APPL. WITHDRAWN (SECT. 75/1977),Z,CLASSIFICATION PENDING,PENDING,False
2812,GB,775H,,APPEAL TO THE COURT OF APPEAL (SECT. 75/1977),APPEAL TO THE COURT OF APPEAL (SECT. 75/1977),V,APPEAL,NEUTRAL,False
2813,GB,775J,-,APPL. DISMISSED BY CONSENT ORDER (SECT. 75/1977) [INFRINGEMENT OR REVOCATION PROCEDURE],APPL. DISMISSED BY CONSENT ORDER (SECT. 75/1977),L,IP RIGHT REVIEW REQUEST,DEAD,False
2814,GB,775K,,APPL. NOT PROCEEDED WITH (SECT. 75/1977),APPL. NOT PROCEEDED WITH (SECT. 75/1977),,,NEUTRAL,False
2815,GB,775L,,AMENDMENT OF PATENT IN INFRINGEMENT OR REVOCATION PROCEEDINGS. APPLICATION TO AMEND NOT PROCEEDED WITH (SECT. 75/1977),AMENDMENT OF PATENT IN INFRINGEMENT OR REVOCATION PROCEEDINGS. APPLICATION TO AMEND NOT PROCEEDED WITH (SECT. 75/1977),Z,CLASSIFICATION PENDING,PENDING,False
2816,GB,775M,,PROCEEDINGS UNDER SECT. 75/1977 APPEAL DISMISSED,PROCEEDINGS UNDER SECT. 75/1977 APPEAL DISMISSED,V,APPEAL,NEUTRAL,False
2817,GB,775O,,APPLICATION FOR AMENDMENT (SECT. 75/1977) OPEN TO OPPOSITION,APPLICATION FOR AMENDMENT (SECT. 75/1977) OPEN TO OPPOSITION,L,IP RIGHT REVIEW REQUEST,PENDING,False
2818,GB,775P,,GRANTED AMENDMENT NOW OPEN TO OPPOSITION - SECTION 75,GRANTED AMENDMENT NOW OPEN TO OPPOSITION - SECTION 75,Z,CLASSIFICATION PENDING,NEUTRAL,False
2819,GB,775Q,,PATENT REVOKED BY COURT ORDER - STAYED PENDING APPEAL (SECT. 75),PATENT REVOKED BY COURT ORDER - STAYED PENDING APPEAL (SECT. 75),Z,CLASSIFICATION PENDING,NEUTRAL,False
2820,GB,775R,,APPEAL DETERMINED (SECT. 75),APPEAL DETERMINED (SECT. 75),V,APPEAL,NEUTRAL,False
2821,GB,775S,,APPLICATION DETERMINED (SECT. 75),APPLICATION DETERMINED (SECT. 75),Z,CLASSIFICATION PENDING,PENDING,False
2822,GB,775T,,PROCEEDINGS UNDER SECT. 75/1977 PETITION FOR LEAVE TO APPEAL,PROCEEDINGS UNDER SECT. 75/1977 PETITION FOR LEAVE TO APPEAL,V,APPEAL,NEUTRAL,False
2823,GB,775U,,AMENDMENT OF PATENT IN INFRINGEMENT OR REVOCATION PROCEEDINGS BEFORE THE HIGH COURT,AMENDMENT OF PATENT IN INFRINGEMENT OR REVOCATION PROCEEDINGS BEFORE THE HIGH COURT,P,RE-PUBLICATION OF DOCUMENT AFTER MODIFICATION,PENDING,False
2824,GB,775V,,AMENDMENT OF PATENT IN INFRINGEMENT OR REVOCATION PROCEEDINGS BEFORE THE COURT OF APPEAL,AMENDMENT OF PATENT IN INFRINGEMENT OR REVOCATION PROCEEDINGS BEFORE THE COURT OF APPEAL,P,RE-PUBLICATION OF DOCUMENT AFTER MODIFICATION,PENDING,False
2825,GB,776,,APPLICATION MADE TO THE PATENTS COURT (SECT. 76/1977),APPL. MADE TO THE PATENTS COURT (SECT. 76/1977),,,PENDING,False
2826,GB,777A,,PROCEEDING UNDER SECTION 77(6) PATENTS ACT 1977,PROC. UNDER SECT. 77(6) PAT. ACT 1977,,,NEUTRAL,False
2827,GB,777B,,PROCEEDING UNDER SECTION 77(6)(A) PATENTS ACT 1977,PROC. UNDER SECT. 77(6)(A) PAT. ACT 1977,,,NEUTRAL,False
2828,GB,781,,APPLICATION MADE TO THE PATENTS COURT ** APPEAL DISMISSED (SECT. 8(1)/1977),APPL. MADE TO THE PATENTS COURT ** APPEAL DISMISSED (SECT. 8(1)/1977),,,PENDING,False
2829,GB,7812,,APPEAL TO THE PATENTS COURT DISMISSED (SECT. 8 AND 12/1977),APPEAL TO THE PATENTS COURT DISMISSED (SECT. 8 AND 12/1977),V,APPEAL,NEUTRAL,False
2830,GB,789A,,REQUEST FOR PUBLICATION OF TRANSLATION (SECT. 89(A)/1977),REQUEST FOR PUBLICATION OF TRANSLATION (SECT. 89(A)/1977),Q,DOCUMENT PUBLICATION,PENDING,False
2831,GB,789B,-,INTERNATIONAL APPLICATION WITHDRAWN (SECT. 89(3)),INTERNATIONAL APPLICATION WITHDRAWN (SECT. 89(3)),B,APPLICATION DISCONTINUATION,DEAD,False
2832,GB,7A,,PATENT REVOKED (SECT. 117/1977),PATENT REVOKED (SECT. 117/1977),,,NEUTRAL,False
2833,GB,7B,,PATENT EXPIRED AFTER PROLONGATION OF 20 YEARS,PATENT EXPIRED AFTER PROLONGATION OF 20 YEARS,,,NEUTRAL,False
2834,GB,817A,,APPLICATION FOR CORRECTION OF CLERICAL ERRORS NOW OPEN TO OPPOSITION (SECT. 117/1977),APPL. FOR CORRECTION OF CLERICAL ERRORS NOW OPEN TO OPPOSITION (SECT. 117/1977),,,PENDING,False
2835,GB,891,,REINSTATEMENT OF APPLICATION (RULE 91(3)/1978),REINSTATEMENT OF APPL. (RULE 91(3)/1978),,,PENDING,False
2836,GB,891A,,"APPLICATION FOR CORRECTION OF AN ERROR OF TRANSLATION OR TRANSCRIPTION, CLERICAL ERROR OR MISTAKE (RULE 91(3)/1978)","APPL. FOR CORRECTION OF AN ERROR OF TRANSLATION OR TRANSCRIPTION, CLERICAL ERROR OR MISTAKE (RULE 91(3)/1978)",,,PENDING,False
2837,GB,9110,,PERIOD PRESCRIBED HAS BEEN EXTENDED UNDER RULE 110(6)/1990,PERIOD PRESCRIBED HAS BEEN EXTENDED UNDER RULE 110(6)/1990,T,ADMINISTRATIVE PROCEDURE ADJUSTMENT,NEUTRAL,False
2838,GB,911A,,PROCEEDING UNDER RULE 110(4) OF THE PATENT RULES 1990,PROC. UNDER RULE 110(4) PAT. RULES 1990,Z,CLASSIFICATION PENDING,NEUTRAL,False
2839,GB,911B,,PROCEEDING UNDER RULE 110 OF THE PATENT RULES 1990,PROC. UNDER RULE 110 PAT. RULES 1990,Z,CLASSIFICATION PENDING,NEUTRAL,False
2840,GB,914A,,CASE DECIDED BY THE COMPTROLLER ** APPLICATION REFUSED (SECT. 14/1949),CASE DEC. BY THE COMPTR. ** APPL. REFUSED (SECT. 14/1949),,,PENDING,False
2841,GB,914B,,CASE DECIDED ON APPEAL ** SPECIFICATION REMITTED FOR FURTHER AMENDMENT (SECT. 14/1949),CASE DEC. ON APPEAL ** SPEC. REMITTED FOR FURTHER AMENDMENT (SECT. 14/1949),,,NEUTRAL,False
2842,GB,914C,,APPLICATION RELINQUISHED ** GRANT ALLOWED (SECT. 14/1949),APPL. RELINQUISHED ** GRANT ALLOWED (SECT. 14/1949),,,PENDING,False
2843,GB,914D,,APPLICATION RELINQUISHED ** SPECIFICATION AMENDED (SECT. 14/1949),APPL. RELINQUISHED ** SPEC. AMENDED (SECT. 14/1949),,,PENDING,False
2844,GB,914E,,APPLICATION FOR PATENT RELINQUISHED (SECT. 14/1949),APPL. FOR PATENT RELINQUISHED (SECT. 14/1949),,,PENDING,False
2845,GB,914F,,SPECIFICATION AMENDED (SECT. 14/1949),SPEC. AMENDED (SECT. 14/1949),,,NEUTRAL,False
2846,GB,914G,,CASE DECIDED BY THE COMPTROLLER ** APPLICATION FOR PATENT RELINQUISHED (SECT. 14/1949),CASE DEC. BY THE COMPTR. ** APPL. FOR PATENT RELINQUISHED (SECT. 14/1949),,,PENDING,False
2847,GB,914H,,CASE DECIDED ON APPEAL (SECT. 14/1949),CASE DEC. ON APPEAL (SECT. 14/1949),,,NEUTRAL,False
2848,GB,914I,,CASE DECIDED BY THE COMPTROLLER ** PRIORITY DATE NOT ALLOWED (SECT. 14/1949),CASE DEC. BY THE COMPTR. ** PRIORITY DATE NOT ALLOWED (SECT. 14/1949),,,NEUTRAL,False
2849,GB,914J,,CASE DECIDED BY THE COMPTROLLER ** OPPOSITION NOT ENTERTAINED (SECT. 14/1949),CASE DEC. BY THE COMPTR. ** OPPOSITION NOT ENTERTAINED (SECT. 14/1949),,,NEUTRAL,False
2850,GB,914K,,NO PATENT SEALED (SECT. 14/1949),NO PATENT SEALED (SECT. 14/1949),,,NEUTRAL,True
2851,GB,914L,,CASE DECIDED BY THE COMPTROLLER ** APPLICATION RELINQUISHED (SECT. 14/1949),CASE DEC. BY THE COMPTR. ** APPL. RELINQUISHED (SECT. 14/1949),,,PENDING,False
2852,GB,914M,,CASE DECIDED BY THE COMPTROLLER (SECT. 14/1949),CASE DEC. BY THE COMPTR. (SECT. 14/1949),,,NEUTRAL,False
2853,GB,914N,,OPPOSITION CANCELLED (SECT. 14/1949),OPPOSITION CANCELLED (SECT. 14/1949),,,NEUTRAL,False
2854,GB,929,,APPLICATION TO THE COURT OF APPEAL (SECT. 29/1949),APPL. TO THE COURT OF APPEAL (SECT. 29/1949),,,PENDING,False
2855,GB,929B,,APPLICATION RELINQUISHED (SECT. 29/1949),APPL. RELINQUISHED (SECT. 29/1949),,,PENDING,False
2856,GB,929D,,APPLICATION TO THE COURT OF APPEAL DISMISSED (SECT. 29/1949),APPL. TO THE COURT OF APPEAL DISMISSED (SECT. 29/1949),,,PENDING,False
2857,GB,933A,,APPLICATION MADE FOR REVOCATION ** PATENT AMENDED (SECT. 33/1949),APPL. MADE FOR REVOCATION ** PATENT AMENDED (SECT. 33/1949),,,PENDING,False
2858,GB,933B,,APPLICATION MADE FOR REVOCATION ** APPLICATION REFUSED (SECT. 33/1949),APPL. MADE FOR REVOCATION ** APPL. REFUSED (SECT. 33/1949),,,PENDING,False
2859,GB,933C,,APPLICATION REFUSED ** NOT PROPERLY LAUNCHED (SECT. 33/1949),APPL. REFUSED ** NOT PROPERLY LAUNCHED (SECT. 33/1949),,,PENDING,False
2860,GB,933D,,APPLICATION REFUSED (SECT. 33/1949),APPL. REFUSED (SECT. 33/1949),,,PENDING,False
2861,GB,933E,,PROCEEDING UNDER SECTION 33 PATENTS ACT 1949,PROC. UNDER SECT. 33 PAT. ACT 1949,,,NEUTRAL,False
2862,GB,933F,,CASE DECIDED ON APPEAL ** NO ORDER MADE FOR REVOCATION (SECT. 33/1949),CASE DEC. ON APPEAL ** NO ORDER MADE FOR REVOCATION (SECT. 33/1949),,,NEUTRAL,False
2863,GB,933J,,APPLICATION FOR REVOCATION WITHDRAWN (SECT. 33/1949),APPL. FOR REVOCATION WITHDRAWN (SECT. 33/1949),,,PENDING,False
2864,GB,933O,,APPLICATION TO COMPTROLLER FOR REVOCATION OF PATENT AND AMENDMENT OF SPECIFICATION THEREOF (SECT. 33/1949),APPL. TO COMPTR. FOR REVOCATION OF PATENT AND AMENDMENT OF SPEC. THEREOF (SECT. 33/1949),,,PENDING,False
2865,GB,933U,,CASE DECIDED BY THE COMPTROLLER ** APPEAL TO PATENTS APPEAL TRIBUNAL DISMISSED (SECT. 33/1949),CASE DEC. BY THE COMPTR. ** APPEAL TO PATENTS APPEAL TRIBUNAL DISMISSED (SECT. 33/1949),,,NEUTRAL,False
2866,GB,933W,,APPLICATION WITHDRAWN ** NO ORDER FOR REVOCATION MADE (SECT. 33/1949),APPL. WITHDRAWN ** NO ORDER FOR REVOCATION MADE (SECT. 33/1949),,,PENDING,False
2867,GB,933X,,CASE DECIDED BY THE COMPTROLLER ** PRELIMINARY DECISION (SECT. 33/1949),CASE DEC. BY THE COMPTR. ** PRELIMINARY DECISION (SECT. 33/1949),,,NEUTRAL,False
2868,GB,933Y,,APPLICATION MADE TO THE COMPTROLLER FOR REVOCATION (SECT. 33/1949),APPL. MADE TO THE COMPTR. FOR REVOCATION (SECT. 33/1949),,,PENDING,False
2869,GB,933Z,,APPEAL TO COURT OF APPEAL (SECT. 33/1949),APPEAL TO COURT OF APPEAL (SECT. 33,,,NEUTRAL,False
2870,GB,934D,,APPEAL TO THE COURT OF APPEAL DISMISSED (SECTION 34),APPEAL TO THE COURT OF APPEAL DISMISSED (SECTION 34),V,APPEAL,NEUTRAL,False
2871,GB,AAF,,AMENDED APPLICATION FILED,AMENDED APPLICATION FILED,Z,CLASSIFICATION PENDING,PENDING,False
2872,GB,APTC,,APPEALS TO THE COURT,APPEALS TO THE COURT,Z,CLASSIFICATION PENDING,NEUTRAL,False
2873,GB,AT,-,APPLICATIONS TERMINATED BEFORE PUBLICATION UNDER SECTION 16(1),APPLICATIONS TERMINATED BEFORE PUBLICATION UNDER SECTION 16(1),B,APPLICATION DISCONTINUATION,DEAD,False
2874,GB,CAT,+,CORRECTION TO FORMER ANNOUNCED TERMINATED APPLICATION (BEFORE GRANT),APPLICATIONS TERMINATED BEFORE PUBLICATION (CORRECTION),Y,CORRECTION AND DELETION OF EVENT INFORMATION,ALIVE,False
2875,GB,COOA,,CHANGE IN APPLICANT'S NAME OR OWNERSHIP OF THE APPLICATION,CHANGE IN APPLICANT'S NAME OR OWNERSHIP OF THE APPLICATION,R,PARTY DATA CHANGE,PENDING,False
2876,GB,CORR,,CORRECTION,CORRECTION,Z,CLASSIFICATION PENDING,NEUTRAL,False
2877,GB,CSNS,,"APPLICATION OF WHICH COMPLETE SPECIFICATION HAVE BEEN ACCEPTED AND PUBLISHED, BUT PATENT IS NOT SEALED","APPL. OF WHICH COMPLETE SPEC. HAVE BEEN ACCEPTED AND PUBLISHED, BUT PATENT IS NOT SEALED",Q,DOCUMENT PUBLICATION,PENDING,False
2878,GB,CTFA,,APPLICATION FOR SUPPLEMENTARY PROTECTION CERTIFICATE GRANTED,APPLICATION FOR SUPPLEMENTARY PROTECTION CERTIFICATE GRANTED,,,PENDING,False
2879,GB,CTFC,,SUPPLEMENTARY PROTECTION CERTIFICATE: APPEAL TO THE PATENTS COURT,SUPPLEMENTARY PROTECTION CERTIFICATE: APPEAL TO THE PATENTS COURT,V,APPEAL,NEUTRAL,False
2880,GB,CTFE,,SUPPLEMENTARY PROTECTION CERTIFICATE ENTERED INTO FORCE,SUPPLEMENTARY PROTECTION CERTIFICATE ENTERED INTO FORCE,G,PROTECTION BEYOND IP RIGHT TERM,NEUTRAL,False
2881,GB,CTFF,,SUPPLEMENTARY PROTECTION CERTIFICATE FILED,SUPPLEMENTARY PROTECTION CERTIFICATE FILED,G,PROTECTION BEYOND IP RIGHT TERM,NEUTRAL,False
2882,GB,CTFG,,SUPPLEMENTARY PROTECTION CERTIFICATE GRANTED,SUPPLEMENTARY PROTECTION CERTIFICATE GRANTED,G,PROTECTION BEYOND IP RIGHT TERM,NEUTRAL,False
2883,GB,CTFI,-,SUPPLEMENTARY PROTECTION CERTIFICATE DECLARED INVALID,SUPPLEMENTARY PROTECTION CERTIFICATE DECLARED INVALID,H,IP RIGHT CESSATION,DEAD,False
2884,GB,CTFL,-,SUPPLEMENTARY PROTECTION CERTIFICATE LAPSED,SUPPLEMENTARY PROTECTION CERTIFICATE LAPSED,H,IP RIGHT CESSATION,DEAD,False
2885,GB,CTFR,-,APPLICATION FOR SUPPLEMENTARY PROTECTION CERTIFICATE REJECTED,APPLICATION FOR SUPPLEMENTARY PROTECTION CERTIFICATE REJECTED,G,PROTECTION BEYOND IP RIGHT TERM,DEAD,False
2886,GB,CTFV,-,SUPPLEMENTARY PROTECTION CERTIFICATE REVOKED,SUPPLEMENTARY PROTECTION CERTIFICATE REVOKED,Z,CLASSIFICATION PENDING,DEAD,False
2887,GB,CTFW,-,APPLICATION TO WITHDRAW OR OFFER TO SURRENDER A SUPPLEMENTARY PROTECTION CERTIFICATE,APPLICATION TO WITHDRAW OR OFFER TO SURRENDER A SUPPLEMENTARY PROTECTION CERTIFICATE,L,IP RIGHT REVIEW REQUEST,DEAD,False
2888,GB,EER,,ERRONEOUS ENTRY IN THE REGISTER OF PATENTS:,ERRONEOUS ENTRY IN THE REGISTER OF PATENTS:,,,NEUTRAL,False
2889,GB,EPF,+,PATENT EXTENDED IN PURSUANCE OF APPLICATION FOR EXTENSION OF TERM AND IN FORCE,PATENT EXTENDED IN PURSUANCE OF APPL. FOR EXTENSION OF TERM AND IN FORCE,,,ALIVE,False
2890,GB,EPO,+,PATENT FOR WHICH APPLICATION FOR EXTENSION OF TERM HAS BEEN MADE TO THE COMPTROLLER OR THE COURT,PATENT FOR WHICH APPL. FOR EXTENSION OF TERM HAS BEEN MADE TO THE COMPTR. OR THE COURT,,,PENDING,False
2891,GB,ERR,,ERRATUM,ERRATUM,Z,CLASSIFICATION PENDING,NEUTRAL,False
2892,GB,FG4C,,CORRECTIONS FOR GRANTED EUROPEAN PATENT,CORRECTIONS FOR GRANTED EUROPEAN PATENT,P,RE-PUBLICATION OF DOCUMENT AFTER MODIFICATION,PENDING,False
2893,GB,FG4D,+,EUROPEAN PATENT GRANTED,EUROPEAN PATENT GRANTED,F,IP RIGHT GRANT,ALIVE,True
2894,GB,FG4L,,PUBLICATION LANGUAGE OF GRANTED EUROPEAN PATENT (CORRECTION),PUBLICATION LANGUAGE OF GRANTED EUROPEAN PATENT (CORRECTION),Y,CORRECTION AND DELETION OF EVENT INFORMATION,PENDING,False
2895,GB,FG4W,-,PATENT WAS ACTUALLY WITHDRAWN AT THE EPO,PATENT WAS ACTUALLY WITHDRAWN AT THE EPO,H,IP RIGHT CESSATION,DEAD,False
2896,GB,IF02,+,EUROPEAN PATENT IN FORCE AS OF 2002-01-01,EUROPEAN PATENT IN FORCE AS OF 2002-01-01,Z,CLASSIFICATION PENDING,ALIVE,False
2897,GB,PCNP,-,PATENT CEASED THROUGH NON-PAYMENT OF RENEWAL FEE,PATENT CEASED THROUGH NON-PAYMENT OF RENEWAL FEE,H,IP RIGHT CESSATION,DEAD,False
2898,GB,PCOR,,CORRECTION OF FILING AN APPLICATION OR GRANTING A PATENT,CORRECTION OF FILING AN APPLICATION OR GRANTING A PATENT,Y,CORRECTION AND DELETION OF EVENT INFORMATION,PENDING,False
2899,GB,PCPE,+,DELETE 'PATENT CEASED' FROM JOURNAL,DELETE 'PATENT CEASED' FROM JOURNAL,,,UNKNOWN,False
2900,GB,PE,-,PATENT EXPIRED,PATENT EXPIRED,,,DEAD,False
2901,GB,PE16,-,PATENT EXPIRED AFTER TERMINATION OF 16 YEARS,PATENT EXPIRED AFTER TERMINATION OF 16 YEARS,,,DEAD,False
2902,GB,PE20,-,PATENT EXPIRED AFTER TERMINATION OF 20 YEARS,PATENT EXPIRED AFTER TERMINATION OF 20 YEARS,H,IP RIGHT CESSATION,DEAD,False
2903,GB,PLE,,"ENTRIES RELATING ASSIGNMENTS, TRANSMISSIONS, LICENCES IN THE REGISTER OF PATENTS","ENTRIES RELATING ASSIGNMENTS, TRANSMISSIONS, LICENCES IN THE REGISTER OF PATENTS",,,NEUTRAL,False
2904,GB,PLNP,-,PATENT LAPSED THROUGH NONPAYMENT OF RENEWAL FEES,PATENT LAPSED THROUGH NONPAYMENT OF RENEWAL FEES,H,IP RIGHT CESSATION,DEAD,False
2905,GB,PR,-,PATENT REVOKED,PATENT REVOKED,,,DEAD,False
2906,GB,PS,+,"PATENT SEALED [SECTION 19, PATENTS ACT 1949]",PATENT SEALED,F,IP RIGHT GRANT,ALIVE,True
2907,GB,Q107,,CORRECTION OF IRREGULARITIES (ACCORDING PAT. RULES 2007),CORRECTION OF IRREGULARITIES (ACCORDING PAT. RULES 2007),Z,CLASSIFICATION PENDING,NEUTRAL,False
2908,GB,R107,,COMPTROLLERS DISCRETION ACCORDING RULE 107,COMPTROLLERS DISCRETION ACCORDING RULE 107,Z,CLASSIFICATION PENDING,NEUTRAL,False
2909,GB,R108,,ALTERATION OF TIME LIMITS (PATENTS RULES 1995),ALTERATION OF TIME LIMITS (PATENTS RULES 1995),T,ADMINISTRATIVE PROCEDURE ADJUSTMENT,NEUTRAL,False
2910,GB,RCOR,+,"CORRECTION TO FORMER NOTICE OF VOID, REVOKED, CEASED OR EXPIRED PATENT","CORRECTION TO FORMER NOTICE OF VOID, REVOKED, CEASED OR EXPIRED PATENT",Y,CORRECTION AND DELETION OF EVENT INFORMATION,NEUTRAL,False
2911,GB,REG,,REFERENCE TO A NATIONAL CODE,REFERENCE TO A NATIONAL CODE,,,NEUTRAL,False
2912,GB,RH,+,REINSTATED AFTER PUBLICATION UNDER RULE 100(2),REINSTATED AFTER PUBLICATION UNDER RULE 100(2),C,APPLICATION REVIVAL,ALIVE,False
2913,GB,RIAT,+,"APPLICATION REINSTATED AFTER PUBLIC NOTIFICATION OF APPLICATION DISCONTINUATION, BEFORE PUBLICATION UNDER SECTION 16(1)",APPLICATION REINSTATED AFTER ADVERTIZING THE TERMINATION BEFORE PUBLICATION UNDER 16(1),K,IP RIGHT REVIVAL,ALIVE,False
2914,GB,RJ,,REINSTATED UNDER RULE 110(4) OR 100(2) - ALTERATION OF TIME LIMITS,REINSTATED UNDER RULE 110(4) OR 100(2) - ALTERATION OF TIME LIMITS,Z,CLASSIFICATION PENDING,NEUTRAL,False
2915,GB,RL,,REQUEST TO EXTEND THE LIMITS UNDER RULE 110(4),REQUEST TO EXTEND THE LIMITS UNDER RULE 110(4),T,ADMINISTRATIVE PROCEDURE ADJUSTMENT,NEUTRAL,False
2916,GB,S10,,REQUEST BY JOINT APPLICANTS FOR DIRECTIONS (SECT. 10/PATENTS ACT 1977),REQUEST BY JOINT APPLICANTS FOR DIRECTIONS (SECT. 10/PATENTS ACT 1977),Z,CLASSIFICATION PENDING,NEUTRAL,False
2917,GB,S117,,CORRECTION OF ERRORS IN PATENTS AND APPLICATIONS (SECT. 117/PATENTS ACT 1977),CORRECTION OF ERRORS IN PATENTS AND APPLICATIONS (SECT. 117/PATENTS ACT 1977),Z,CLASSIFICATION PENDING,PENDING,False
2918,GB,S12A,,DETERMINATION OF FOREIGN ENTITLEMENT (SECT. 12(1)/PATENTS ACT 1977),DETERMINATION OF FOREIGN ENTITLEMENT (SECT. 12(1)/PATENTS ACT 1977),Z,CLASSIFICATION PENDING,NEUTRAL,False
2919,GB,S12D,,"DETERMINATION OF FOREIGN ENTITLEMENT, REQUEST BY JOINT APPLICANTS (SECT. 12(4) PATENTS ACT 1977)","DETERMINATION OF FOREIGN ENTITLEMENT, REQUEST BY JOINT APPLICANTS (SECT. 12(4) PATENTS ACT 1977)",Z,CLASSIFICATION PENDING,NEUTRAL,False
2920,GB,S13A,,APPLICATION FOR INVENTOR TO BE MENTIONED (SECTION 13(1)/PATENTS ACT 1977),APPLICATION FOR INVENTOR TO BE MENTIONED (SECTION 13(1)/PATENTS ACT 1977),R,PARTY DATA CHANGE,PENDING,False
2921,GB,S13C,,APPLICATION FOR INVENTOR NOT TO BE MENTIONED (SECTION 13(3) PATENTS ACT 1977),APPLICATION FOR INVENTOR NOT TO BE MENTIONED (SECTION 13(3) PATENTS ACT 1977),R,PARTY DATA CHANGE,PENDING,False
2922,GB,S1Z,,APPEAL TO THE COURT OF APPEAL (NOVELTY OF THE PATENT),APPEAL TO THE COURT OF APPEAL (NOVELTY OF THE PATENT),V,APPEAL,NEUTRAL,False
2923,GB,S20A,,REINSTATEMENT OF APPLICATION (SECT. 20A/PATENTS ACT 1977),REINSTATEMENT OF APPLICATION (SECT. 20A/PATENTS ACT 1977),C,APPLICATION REVIVAL,PENDING,False
2924,GB,S27,,AMENDMENT OF SPECIFICATION AFTER GRANT (SECT. 27/PATENTS ACT 1977),AMENDMENT OF SPECIFICATION AFTER GRANT (SECT. 27/PATENTS ACT 1977),M,IP RIGHT MAINTENANCE,NEUTRAL,False
2925,GB,S28,,RESTORATION OF CEASED PATENTS (SECT. 28/PAT. ACT 1977),RESTORATION OF CEASED PATENTS (SECT. 28/PAT. ACT 1977),K,IP RIGHT REVIVAL,NEUTRAL,False
2926,GB,S29,-,SURRENDER OF PATENT (SECT. 29/PAT. ACT 1977),SURRENDER OF PATENT (SECT. 29/PAT. ACT 1977),H,IP RIGHT CESSATION,DEAD,False
2927,GB,S30Z,,ASSIGNMENTS FOR LICENCE OR SECURITY REASONS,ASSIGNMENTS FOR LICENCE OR SECURITY REASONS,S,INFORMATION ON LICENSING AND SIMILAR TRANSACTIONS,NEUTRAL,False
2928,GB,S37A,,REFERENCE AFTER GRANT CONCERNING UK ENTITLEMENT (SECT. 37(1)/PATENTS ACT 1977),REFERENCE AFTER GRANT CONCERNING UK ENTITLEMENT (SECT. 37(1)/PATENTS ACT 1977),Z,CLASSIFICATION PENDING,NEUTRAL,False
2929,GB,S40,,APPLICATION BY EMPLOYEE FOR COMPENSATION (SECT. 40/PATENTS ACT 1977),APPLICATION BY EMPLOYEE FOR COMPENSATION (SECT. 40/PATENTS ACT 1977),W,OTHER,PENDING,False
2930,GB,S47,,CANCELLATION ON ENTRY ON THE REGISTER OF A LICENCE OF RIGHT (SECT 47/PATENTS ACT 1977),CANCELLATION ON ENTRY ON THE REGISTER OF A LICENCE OF RIGHT (SECT 47/PATENTS ACT 1977),S,INFORMATION ON LICENSING AND SIMILAR TRANSACTIONS,NEUTRAL,False
2931,GB,S48,,APPLICATION CONCERNING COMPULSORY LICENCES,APPLICATION CONCERNING COMPULSORY LICENCES,S,INFORMATION ON LICENSING AND SIMILAR TRANSACTIONS,PENDING,False
2932,GB,S71,,APPLICATION FOR DECLARATION OF NON-INFRINGEMENT (SECT. 71/PATENTS ACT 1977),APPLICATION FOR DECLARATION OF NON-INFRINGEMENT (SECT. 71/PATENTS ACT 1977),Z,CLASSIFICATION PENDING,PENDING,False
2933,GB,S72,,APPLICATION FOR REVOCATION BEFORE THE COMPTROLLER (SECT. 72/PATENTS ACT 1977),APPLICATION FOR REVOCATION BEFORE THE COMPTROLLER (SECT. 72/PATENTS ACT 1977),Z,CLASSIFICATION PENDING,PENDING,False
2934,GB,S72Z,,CLAIM OR COUNTERCLAIM FOR REVOCATION BEFORE THE COURT (SECT. 72 PATENTS ACT1977),CLAIM OR COUNTERCLAIM FOR REVOCATION BEFORE THE COURT (SECT. 72 PATENTS ACT1977),V,APPEAL,NEUTRAL,False
2935,GB,S73,-,REVOCATION ON COMPTROLLER'S INITIATIVE (SECTION 73/PATENTS ACT 1977),REVOCATION ON COMPTROLLER'S INITIATIVE (SECTION 73/PATENTS ACT 1977),H,IP RIGHT CESSATION,DEAD,False
2936,GB,S75,,AMENDMENT OF PATENT IN INFRINGEMENT OR REVOCATION PROCEEDINGS BEFORE THE COMPTROLLER (SECT. 75/PATENTS ACT 1977),AMENDMENT OF PATENT IN INFRINGEMENT OR REVOCATION PROCEEDINGS BEFORE THE COMPRTOLLER (SECT. 75/PATENTS ACT 1977),P,RE-PUBLICATION OF DOCUMENT AFTER MODIFICATION,PENDING,False
2937,GB,S75Z,,AMENDMENT OF PATENT IN INFRINGEMENT OR REVOCATION PROCEEDINGS BEFORE THE COURT (SECT. 75/PATENTS ACT 1977),AMENDMENT OF PATENT IN INFRINGEMENT OR REVOCATION PROCEEDINGS BEFORE THE COURT (SECT. 75/PATENTS ACT 1977),P,RE-PUBLICATION OF DOCUMENT AFTER MODIFICATION,PENDING,False
2938,GB,S8A,,DETERMINATION BEFORE GRANT OF UK ENTITLEMENT (SECTION 8(1)/PATENTS ACT 1077),DETERMINATION BEFORE GRANT OF UK ENTITLEMENT (SECT. 8(1)/PATENTS ACT 1977),Z,CLASSIFICATION PENDING,NEUTRAL,False
2939,GB,SP,,AMENDMENT (SLIPS) PRINTED,AMENDMENT (SLIPS) PRINTED,Z,CLASSIFICATION PENDING,NEUTRAL,False
2940,GB,SPA,,AMENDED SPECIFICATION PUBLISHED,AMENDED SPEC. PUBLISHED,,,NEUTRAL,False
2941,GB,SPAC,,AMENDED SPECIFICATION PUBLISHED ** COPY OF THE SPECIFICATION NOW AVAILABLE,AMENDED SPEC. PUBLISHED ** COPY OF THE SPEC. NOW AVAILABLE,Z,CLASSIFICATION PENDING,NEUTRAL,False
2942,GB,SPCE,-,SUPPLEMENTARY PROTECTION CERTIFICATE EXPIRED,SUPPLEMENTARY PROTECTION CERTIFICATE EXPIRED,H,IP RIGHT CESSATION,DEAD,False
2943,GB,SPCI,-,SUPPLEMENTARY PROTECTION CERTIFICATE INVALID,SUPPLEMENTARY PROTECTION CERTIFICATE INVALID,H,IP RIGHT CESSATION,DEAD,False
2944,GB,SPCR,-,EXTENSION OF SUPPLEMENTARY PROTECTION CERTIFICATE REFUSED [PAEDIATRIC EXTENSION],SPC EXTENSIONS REFUSED,G,PROTECTION BEYOND IP RIGHT TERM,NEUTRAL,False
2945,GB,SPCX,,CORRECTION OF AN ERROR IN THE GAZETTE CONCERNING A SUPPLEMENTARY PROTECTION CERTIFICATE (SPC) OR A PAEDIATRIC EXTENSION,CORRECTION OF AN ERROR IN THE GAZETTE CONCERNING A SUPPLEMENTARY PROTECTION CERTIFICATE OR A PAEDIATRIC EXTENSION,Y,CORRECTION AND DELETION OF EVENT INFORMATION,NEUTRAL,False
2946,GB,SPCY,,REQUEST FOR EXTENSION OF SUPPLEMENTARY PROTECTION CERTIFICATE  FILED [PAEDIATRIC EXTENSION],SUPPLEMENTARY PROTECTION CERTIFICATE (PAEDIATRIC) EXTENSION LODGED,G,PROTECTION BEYOND IP RIGHT TERM,NEUTRAL,False
2947,GB,SPCZ,+,EXTENSION OF SUPPLEMENTARY PROTECTION CERTIFICATE GRANTED [PAEDIATRIC EXTENSION],SUPPLEMENTARY PROTECTION CERTIFICATE (PAEDIATRIC) EXTENSION GRANTED,G,PROTECTION BEYOND IP RIGHT TERM,ALIVE,False
2948,GB,TH,,TRANSLATIONS FILED: AMENDED EUROPEAN PATENTS - CORRECTION,TRANSLATIONS FILED: AMENDED EUROPEAN PATENTS - CORRECTION,W,OTHER,NEUTRAL,False
2949,GB,WAP,-,"APPLICATION WITHDRAWN, TAKEN TO BE WITHDRAWN OR REFUSED ** AFTER PUBLICATION UNDER SECTION 16(1)","APPL. WITHDRAWN, TAKEN TO BE WITHDRAWN OR REFUSED ** AFTER PUB. UNDER SECT. 16(1)",B,APPLICATION DISCONTINUATION,DEAD,False
2950,GB,WAPI,+,PATENT APPLICATION ANNOUNCED AS TERMINATED (AFTER PUBLICATION) IN ERROR. APPLICATION HAS NOW BEEN REINSTATED,PATENT APPLICATION ANNOUNCED AS TERMINATED (AFTER PUBLICATION) IN ERROR. APPLICATION HAS NOW BEEN REINSTATED,C,APPLICATION REVIVAL,ALIVE,False
2951,GB,WAPP,,APPLICATION ALLOWED TO PROCEED,APPL. ALLOWED TO PROCEED,K,IP RIGHT REVIVAL,PENDING,False
2952,GB,X,,NO DOCUMENT PUBLISHED,NO DOCUMENT PUBLISHED,Q,DOCUMENT PUBLICATION,PENDING,False
2953,GB,XX,,MISCELLANEOUS:,MISCELLANEOUS:,Z,CLASSIFICATION PENDING,NEUTRAL,False
2954,GR,EP,+,EP PATENT VALIDATED IN GREECE,EP PATENT VALIDATED IN GREECE,W,OTHER,ALIVE,True
2955,GR,FG4A,+,VALIDATION IN GREECE,EUROPAIKO DIPLOMA TO OPOIO ECHEI TETHEI SE ISCHI STIN ELLADA,W,OTHER,ALIVE,False
2956,GR,MA,-,RIGHT EXPIRED,RIGHT EXPIRED,H,IP RIGHT CESSATION,DEAD,False
2957,GR,MF,-,RIGHT REVOKED (REVOCATION),RIGHT REVOKED (REVOCATION),H,IP RIGHT CESSATION,DEAD,False
2958,GR,MF4A,-,RIGHT REVOKED FOLLOWING OPPOSITION OR REVOCATION,ANAKLISI EUROPAIKOU DIPLOMATOS META TIN DIADIKASIA ENSTASEON ENOPION TOU EUROPAIKOU GRAFEIOU DIPLOMATON EURESITECHNION,H,IP RIGHT CESSATION,DEAD,False
2959,GR,MFE,-,GR-EP PATENT REVOCATION FOLLOWING OPPOSITION,GR-EP PATENT REVOCATION FOLLOWING OPPOSITION,,,DEAD,False
2960,GR,MH,-,RENUNCIATION,RENUNCIATION,H,IP RIGHT CESSATION,DEAD,False
2961,GR,MH4A,-,RENUNCIATION,DILOSI PARAITISIS,,,DEAD,False
2962,GR,ML,-,LAPSE DUE TO NON-PAYMENT OF FEES,LAPSE DUE TO NON-PAYMENT OF FEES,H,IP RIGHT CESSATION,DEAD,False
2963,GR,MM2A,-,ANNULMENT OR LAPSE DUE TO NON-PAYMENT OF FEES,EKPTOSI EUROPAIKOU DIPLOMATOS,H,IP RIGHT CESSATION,DEAD,False
2964,GR,MP,,PATENT MODIFICATION CONVERTED TO MAIN PATENT,PATENT MODIFICATION CONVERTED TO MAIN PATENT,F,IP RIGHT GRANT,NEUTRAL,False
2965,GR,NF,+,RESTORATION OF LAPSED RIGHT,RESTORATION OF LAPSED RIGHT,K,IP RIGHT REVIVAL,ALIVE,False
2966,GR,PG,+,PATENT GRANTED,PATENT GRANTED,F,IP RIGHT GRANT,ALIVE,True
2967,GR,PP,+,EP - PROVISIONAL PROTECTION,EP - PROVISIONAL PROTECTION,W,OTHER,UNKNOWN,False
2968,GR,UG,+,UTILITY MODEL GRANTED,UTILITY MODEL GRANTED,,,ALIVE,False
2969,HK,AD,-,APPLICATION DEEMED WITHDRAWN,APPLICATION DEEMED WITHDRAWN,,,PENDING,False
2970,HK,AF,+,APPLICATION IN FORCE,APPLICATION IN FORCE,,,ALIVE,False
2971,HK,AF1,-,APPLICATION DEEMED WITHDRAWN UNDER S.33(2) (NON PAYMENT OF MAINTENANCE FEE AND HAS 6-MONTH GRACE PERIOD TO PAY),APPLICATION DEEMED WITHDRAWN UNDER S.33(2) (NON PAYMENT OF MAINTENANCE FEE AND HAS 6-MONTH GRACE PERIOD TO PAY),,,PENDING,False
2972,HK,AM,,AMENDED SPECIFICATION (ACCORDING SECT 146 OF PATENT LAW),AMENDED SPECIFICATION,P,RE-PUBLICATION OF DOCUMENT AFTER MODIFICATION,PENDING,False
2973,HK,AM43,,AMENDMENT OF STANDARD PATENT FOLLOWING OPPOSITION OR REVOCATION PROCEEDINGS IN THE DESIGNATED PATENT OFFICE (ACC. SECT 43 PATENT ORDINANCE),AMENDMENT OF STANDARD PATENT FOLLOWING OPPOSITION OR REVOCATION PROCEEDINGS IN THE DESIGNATED PATENT OFFICE (ACC. SECT 43 PATENT ODINANCE),M,IP RIGHT MAINTENANCE,NEUTRAL,False
2974,HK,AM46,,AMENDMENT OF PATENT SPECIFICATIONS AFTER GRANT UNDER SECTION 46 OF THE PATENTS ORDINANCE,AMENDMENT OF PATENT SPECIFICATIONS AFTER GRANT UNDER SECTION 46 OF THE PATENTS ORDINANCE,M,IP RIGHT MAINTENANCE,NEUTRAL,False
2975,HK,AMPC,-,"AMENDED SPECIFICATION, PATENT CEASED IN MEANTIME","AMENDED SPECIFICATION, PATENT CEASED IN MEANTIME",,,DEAD,False
2976,HK,AMPE,-,"AMENDED SPECIFICATION, PATENT EXPIRED IN MEANTIME","AMENDED SPECIFICATION, PATENT EXPIRED IN MEANTIME",,,DEAD,False
2977,HK,AMPF,+,AMENDED SPECIFICATION: PATENT STILL IN FORCE,AMENDED SPECIFICATION: PATENT STILL IN FORCE,,,ALIVE,False
2978,HK,AR,-,APPLICATION REFUSED,APPLICATION REFUSED,B,APPLICATION DISCONTINUATION,DEAD,False
2979,HK,ARF,,APPLICATION FILED FOR RESTORATION,APPLICATION FILED FOR RESTORATION,K,IP RIGHT REVIVAL,PENDING,False
2980,HK,ARG,+,RESTORATION OF STANDARD PATENT GRANTED,RESTORATION OF STANDARD PATENT GRANTED,K,IP RIGHT REVIVAL,ALIVE,True
2981,HK,ARGS,+,RESTORATION OF LAPSED SHORT-TERM PATENT,RESTORATION OF LAPSED SHORT-TERM PATENT,K,IP RIGHT REVIVAL,ALIVE,False
2982,HK,ARR,-,APPLICATION REFUSED FOR RESTORATION OF STANDARD PATENT,APPLICATION REFUSED FOR RESTORATION OF STANDARD PATENT,K,IP RIGHT REVIVAL,PENDING,False
2983,HK,AS,,CHANGE OF OWNERSHIP,CHANGE OF OWNERSHIP,R,PARTY DATA CHANGE,NEUTRAL,False
2984,HK,ASPC,-,"CHANGE OF OWNERSHIP, PATENT CEASED IN MEANTIME","CHANGE OF OWNERSHIP, PATENT CEASED IN MEANTIME",,,DEAD,False
2985,HK,ASPE,-,"CHANGE OF OWNERSHIP, PATENT EXPIRED IN MEANTIME","CHANGE OF OWNERSHIP, PATENT EXPIRED IN MEANTIME",,,DEAD,False
2986,HK,ASPF,+,"CHANGE OF OWNERSHIP, PATENT STILL IN FORCE","CHANGE OF OWNERSHIP, PATENT STILL IN FORCE",,,ALIVE,False
2987,HK,AW,-,APPLICATION WITHDRAWN,APPLICATION WITHDRAWN,,,PENDING,False
2988,HK,CHPA,,CHANGE OF A PARTICULAR IN THE REGISTER (EXCEPT OF CHANGE OF OWNERSHIP),CHANGE OF A PARTICULAR IN THE REGISTER (EXCEPT OF CHANGE OF OWNERSHIP),R,PARTY DATA CHANGE,NEUTRAL,False
2989,HK,CHRG,,CHANGES IN THE REGISTER,CHANGES IN THE REGISTER,Y,CORRECTION AND DELETION OF EVENT INFORMATION,NEUTRAL,False
2990,HK,CO,,CORRECTION OF SPECIFICATION,CORRECTION OF SPECIFICATION,,,NEUTRAL,False
2991,HK,COPC,-,"CORRECTION OF SPECIFICATION, PATENT CEASED IN MEANTIME","CORRECTION OF SPECIFICATION, PATENT CEASED IN MEANTIME",,,DEAD,False
2992,HK,COPE,-,"CORRECTION OF SPECIFICATION, PATENT EXPIRED IN MEANTIME","CORRECTION OF SPECIFICATION, PATENT EXPIRED IN MEANTIME",,,DEAD,False
2993,HK,COPF,+,"CORRECTION OF SPECIFICATION, PATENT STILL IN FORCE","CORRECTION OF SPECIFICATION, PATENT STILL IN FORCE",,,ALIVE,False
2994,HK,CORR,,CORRIGENDUM,CORRIGENDUM,Y,CORRECTION AND DELETION OF EVENT INFORMATION,NEUTRAL,False
2995,HK,DE,,REQUESTS TO DESIGNATE PATENT IN HONG KONG,REQUESTS TO RECORD PUBLISHED IN HONG KONG,W,OTHER,NEUTRAL,False
2996,HK,GR,+,STANDARD PATENTS GRANTED IN HONG KONG,STANDARD PATENTS GRANTED IN HONG KONG,F,IP RIGHT GRANT,ALIVE,False
2997,HK,NR,-,PATENT DEEMED NEVER TO HAVE BEEN ADDED TO THE REGISTER UNDER SECTION 13(7) OF PATENTS (TRANSITIONAL ARRANGEMENTS) RULES,PATENT DEEMED NEVER TO HAVE BEEN ADDED TO THE REGISTER UNDER SECTION 13(7) OF PATENTS (TRANSITIONAL ARRANGEMENTS) RULES,W,OTHER,UNKNOWN,False
2998,HK,PC,-,PATENT CEASED (I.E. PATENT HAS LAPSED DUE TO THE FAILURE TO PAY THE RENEWAL FEE),PATENT CEASED (I.E. PATENT HAS LAPSED DUE TO THE FAILURE TO PAY THE RENEWAL FEE),H,IP RIGHT CESSATION,DEAD,False
2999,HK,PE,-,PATENT EXPIRED,PATENT EXPIRED,H,IP RIGHT CESSATION,DEAD,False
3000,HK,PEU,-,SHORT-TERM PATENTS EXPIRED,SHORT-TERM PATENTS EXPIRED,H,IP RIGHT CESSATION,DEAD,False
3001,HK,PF,+,PATENT IN FORCE,PATENT IN FORCE,W,OTHER,ALIVE,False
3002,HK,PF1,-,PATENT CEASED TO HAVE EFFECT UNDER S.39(2) (NON PAYMENT OF MAINTENANCE FEE AND HAS 6-MONTH GRACE PERIOD TO PAY),PATENT CEASED TO HAVE EFFECT UNDER S.39(2) (NON PAYMENT OF MAINTENANCE FEE AND HAS 6-MONTH GRACE PERIOD TO PAY),,,DEAD,False
3003,HK,PF2,-,SHORT-TERM PATENT CEASED TO HAVE EFFECT UNDER S.126(2) (NOT PAYMENT OF MAINTENANCE FEE AND HAS 6-MONTH GRACE PERIOD TO PAY),SHORT-TERM PATENT CEASED TO HAVE EFFECT UNDER S.126(2) (NOT PAYMENT OF MAINTENANCE FEE AND HAS 6-MONTH GRACE PERIOD TO PAY),H,IP RIGHT CESSATION,DEAD,False
3004,HK,PR,-,PATENT REVOKED,PATENT REVOKED,H,IP RIGHT CESSATION,DEAD,False
3005,HK,PS,-,PATENT SURRENDERED,PATENT SURRENDERED,H,IP RIGHT CESSATION,DEAD,False
3006,HK,REV,-,REVOCATION AFTER OPPOSITION,REVOCATION AFTER OPPOSITION,H,IP RIGHT CESSATION,DEAD,False
3007,HK,REVC,-,REVOCATION BY COURT ORDER,REVOCATION BY COURT ORDER,H,IP RIGHT CESSATION,DEAD,False
3008,HK,S146,,CORRECTION OF ERRORS IN PATENTS AND APPLICATIONS UNDER SECTION 146 OF THE PATENTS ORDINANCE,CORRECTION OF ERRORS IN PATENTS AND APPLICATIONS UNDER SECTION 146 OF THE PATENTS ORDINANCE,P,RE-PUBLICATION OF DOCUMENT AFTER MODIFICATION,PENDING,False
3009,HK,SURR,,SURRENDER OF PATENT,SURRENDER OF PATENT,,,NEUTRAL,False
3010,HK,WD,-,"APPLICATIONS WITHDRAWN, DEEMED TO BE WITHDRAWN, OR REFUSED AFTER PUBLICATION IN HONG KONG","APPLICATIONS WITHDRAWN, DEEMED TO BE WITHDRAWN, OR REFUSED AFTER PUBLICATION IN HONG KONG",B,APPLICATION DISCONTINUATION,DEAD,False
3011,HR,A1OB,+,PUBLICATION OF A PATENT APPLICATION,OBJAVA PRIJAVA PATENATA,Q,DOCUMENT PUBLICATION,PENDING,False
3012,HR,A8IS,,CORRECTED FRONT PAGE OF AN HR-A DOCUMENT,ISPRAVAK PREDNJE STRANE HR-A DOKUMENTA,P,RE-PUBLICATION OF DOCUMENT AFTER MODIFICATION,PENDING,False
3013,HR,A9IS,,COMPLETE REPUBLICATION OF AN HR-A DOCUMENT,KOMPLETNI REPRINT HR-A DOKUMENTA,Q,DOCUMENT PUBLICATION,PENDING,False
3014,HR,AIPI,+,REQUEST FOR THE GRANT OF A PATENT ON THE BASIS OF A SUBSTANTIVE EXAMINATION OF A PATENT APPLICATION,ZAHTJEV ZA PRIZNANJE PATENATA PROVEDBOM POSTUPKA POTPUNOG ISPITIVANJA PRIJAVA PATENATA,D,SEARCH AND EXAMINATION,ALIVE,False
3015,HR,AIPK,+,REQUEST FOR THE GRANT OF A PATENT ON THE BASIS OF A SUBSTANTIVE EXAMINATION OF A PATENT APPLICATION AFTER GRANT OF CONSENSUAL PATENT,ZAHTJEV ZA PRIZNANJE PATENATA PROVEDBOM POSTUPKA POTPUNOG ISPITIVANJA PRIJAVA PATENATA NAKON PRIZNANJA KONSENZUALNOG PATENTA,D,SEARCH AND EXAMINATION,ALIVE,False
3016,HR,AKOB,+,PUBLICATION OF A REQUEST FOR THE GRANT OF A PATENT NOT INCLUDING A SUBSTANTIVE EXAMINATION OF A PATENT APPLICATION (A CONSENSUAL PATENT),OBJAVA ZAHTJEVA ZA PRIZNANJE PATENATA BEZ POTPUNOG ISPITIVANJA PRIJAVA PATENATA (KONSENZUALNI PATENTI),D,SEARCH AND EXAMINATION,ALIVE,False
3017,HR,ARAI,+,REQUEST FOR THE GRANT OF A PATENT ON THE BASIS OF THE SUBMITTED RESULTS OF A SUBSTANTIVE EXAMINATION OF A PATENT APPLICATION,ZAHTJEV ZA PRIZNANJE PATENATA NA TEMELJU PODNESENIH REZULTATA POTPUNOG ISPITIVANJA PRIJAVA PATENATA,D,SEARCH AND EXAMINATION,ALIVE,False
3018,HR,B1PR,+,PATENT GRANTED,PATENT PRIZNAT,F,IP RIGHT GRANT,ALIVE,True
3019,HR,B2IS,,COMPLETE REPUBLICATION OF HR-B DOCUMENT AFTER NULLIFICATION/SURRENDER,KOMPLETNI REPRINT HR-B DOKUMENTA NAKON POSTUPKA PONISTAJA/ODRICANJA,P,RE-PUBLICATION OF DOCUMENT AFTER MODIFICATION,PENDING,False
3020,HR,B4IS,,CORRECTED FRONT PAGE OF CONSENSUAL PATENT,ISPRAVAK PREDNJE STRANE KONSENZUALNOG PATENTA,P,RE-PUBLICATION OF DOCUMENT AFTER MODIFICATION,PENDING,False
3021,HR,B5IS,,COMPLETE REPUBLICATION OF CONSENSUAL PATENT,KOMPLETNI REPRINT KONSENZUALNOG PATENTA,Q,DOCUMENT PUBLICATION,PENDING,False
3022,HR,B8IS,,CORRECTED FRONT PAGE OF AN HR-B DOCUMENT,ISPRAVAK PREDNJE STRANE HR-B DOKUMENATA,P,RE-PUBLICATION OF DOCUMENT AFTER MODIFICATION,PENDING,False
3023,HR,B9IS,,COMPLETE REPUBLICATION OF AN HR-B DOCUMENT,KOMPLETNI REPRINT HR-B DOKUMENATA,Q,DOCUMENT PUBLICATION,PENDING,False
3024,HR,BLIC,,DELETION OF A LICENCE,BRISANJE LICENCIJE,S,INFORMATION ON LICENSING AND SIMILAR TRANSACTIONS,NEUTRAL,False
3025,HR,BOVR,,LEVY OF EXECUTION DELETED,BRISANJE OVRHE,S,INFORMATION ON LICENSING AND SIMILAR TRANSACTIONS,NEUTRAL,False
3026,HR,C1B1,+,CONVERTED CONSENSUAL PATENT,KONSENZUALNI PATENT KOJI JE PRERASTAO U PRAVI PATENT,F,IP RIGHT GRANT,ALIVE,False
3027,HR,NOST,+,RECOGNITION [IP RIGHT],NOSTRIFIKACIJA,W,OTHER,UNKNOWN,False
3028,HR,NPPO,-,CONTINUED PROCESSING REJECTED,NASTAVAK POSTUPKA ODBACEN,T,ADMINISTRATIVE PROCEDURE ADJUSTMENT,UNKNOWN,False
3029,HR,NPPU,,CONTINUED PROCESSING ADOPTED,NASTAVAK POSTUPKA USVOJEN,T,ADMINISTRATIVE PROCEDURE ADJUSTMENT,NEUTRAL,False
3030,HR,NPPZ,,CONTINUED PROCESSING,ZAHTJEV ZA NASTAVAK POSTUPKA,T,ADMINISTRATIVE PROCEDURE ADJUSTMENT,NEUTRAL,False
3031,HR,OBST,-,APPLICATION WITHDRAWN,OBUSTAVA PRIJAVE PATENTA,B,APPLICATION DISCONTINUATION,DEAD,False
3032,HR,ODBC,-,APPLICATION REJECTED,ODBACIVANJE PRIJAVE PATENTA,B,APPLICATION DISCONTINUATION,DEAD,False
3033,HR,ODBI,-,APPLICATION REFUSED,ODBIJANJE PRIJAVE PATENTA,B,APPLICATION DISCONTINUATION,DEAD,False
3034,HR,ODRP,+,RENEWAL FEE FOR THE MAINTENANCE OF A PATENT,ODRZAVANJE PATENTA U VRIJEDNOSTI,U,PAYMENT,ALIVE,False
3035,HR,OTEP,-,REQUEST FOR VALIDATION REJECTED/WITHDRAWN,ZAHTJEV ZA VALIDACIJU ODBACEN/OBUSTAVLJEN,W,OTHER,UNKNOWN,False
3036,HR,PB20,-,PATENT EXPIRED AFTER TERMINATION OF 20 YEARS,PRESTANAK VRIJEDNOSTI PATENTA- PROTEK 20 GODINA,H,IP RIGHT CESSATION,DEAD,False
3037,HR,PBKO,-,LAPSE DUE TO NON-PAYMENT OF RENEWAL FEE FOR CONSENSUAL PATENT,PRESTANAK VRIJEDNOSTI KONSENZUALNOG PATENATA ZBOG NEODRZAVANJA,H,IP RIGHT CESSATION,DEAD,False
3038,HR,PBOC,-,PATENT SURRENDERED ENTIRELY,PRESTANAK VRIJEDNOSTI PATENTA ODRICANJEM U CIJELOSTI,H,IP RIGHT CESSATION,DEAD,False
3039,HR,PBON,-,LAPSE DUE TO NON-PAYMENT OF RENEWAL FEE,PRESTANAK VRIJEDNOSTI PATENATA ZBOG NEODRZAVANJA,H,IP RIGHT CESSATION,DEAD,False
3040,HR,PDOP,,PATENT SURRENDERED IN PART,DJELOMICNO ODRICANJE OD PATENATA,M,IP RIGHT MAINTENANCE,NEUTRAL,False
3041,HR,PK10,-,PATENT EXPIRED AFTER TERMINATION OF 10 YEARS FOR CONSENSUAL PATENT,PRESTANAK VRIJEDNOSTI KONSENZUALNOG PATENTA- PROTEK 10 GODINA,H,IP RIGHT CESSATION,DEAD,False
3042,HR,PKB1,+,CONSENSUAL PATENT GRANTED,KONSENZUALNI PATENT PRIZNAT,F,IP RIGHT GRANT,ALIVE,True
3043,HR,PNAN,,"CHANGE OF THE APPLICANT NAME, ADDRESS/RESIDENCE","PROMJENA NAZIVA, ADRESE/SJEDISTA PODNOSITELJA /NOSITELJA PATENTA",R,PARTY DATA CHANGE,NEUTRAL,False
3044,HR,PNEV,-,PATENT REVOKED (EPO),PATENT PROGLASEN NISTAVIM U POSTUPKU PRED EPO-OM,H,IP RIGHT CESSATION,DEAD,False
3045,HR,PPNC,-,DECLARATION OF NULLIFICATION ENTIRELY,PATENT PROGLASEN NISTAVIM U CIJELOSTI,H,IP RIGHT CESSATION,DEAD,False
3046,HR,PPND,,DECLARATION OF NULLIFICATION IN PART,PATENT DJELOMICNO PROGLASEN NISTAVIM,M,IP RIGHT MAINTENANCE,NEUTRAL,False
3047,HR,PPNO,+,PROPOSAL FOR THE DECLARATION OF NULLITY OF A PATENT REJECTED/REFUSED,PRIJEDLOG ZA PROGLASENJE NISTAVIM ODBACEN/ODBIJEN,L,IP RIGHT REVIEW REQUEST,UNKNOWN,False
3048,HR,PPPN,,PROPOSAL FOR THE DECLARATION OF NULLITY OF A PATENT,PRIJEDLOG ZA PROGLASENJE PATENTA NISTAVIM,L,IP RIGHT REVIEW REQUEST,NEUTRAL,False
3049,HR,PPPP,,TRANSFER OF RIGHTS,PRIJENOS PRAVA,R,PARTY DATA CHANGE,NEUTRAL,False
3050,HR,RESO,-,PETITION FOR RESTITUTION IN INTEGRUM REJECTED/REFUSED,POVRAT U PRIJASNJE STANJE ODBACEN/ODBIJEN,C,APPLICATION REVIVAL,PENDING,False
3051,HR,RESP,+,PETITION FOR RESTITUTIO IN INTEGRUM,ZAHTJEV ZA POVRAT U PRIJASNJE STANJE,C,APPLICATION REVIVAL,ALIVE,False
3052,HR,RESU,+,RESTITUTIO IN INTEGRUM ADOPTED,POVRAT U PRIJASNJE STANJE USVOJEN,C,APPLICATION REVIVAL,ALIVE,False
3053,HR,T1PR,+,EP PATENT VALIDATED IN CROATIA,EP PATENT VALIDIRAN U HRVATSKOJ,W,OTHER,ALIVE,True
3054,HR,T2IS,,CORRECTION OF THE TRANSLATIONS OF THE CLAIMS,ISPRAVAK PRIJEVODA PATENTNIH ZAHTJEVA,P,RE-PUBLICATION OF DOCUMENT AFTER MODIFICATION,PENDING,False
3055,HR,T4IZ,,TRANSLATION OF AN AMENDED EP PATENT AFTER OPPOSITION,IZMIJENJENI EUROPSKI PATENT,P,RE-PUBLICATION OF DOCUMENT AFTER MODIFICATION,PENDING,False
3056,HR,T5IS,,CORRECTION OF THE EP SPECIFICATION IN THE CROATIAN LANGUAGE,ISPRAVAK PRIJEVODA EP PATENTNOG SPISA NA HRVATSKI JEZIK,P,RE-PUBLICATION OF DOCUMENT AFTER MODIFICATION,PENDING,False
3057,HR,T8IS,,CORRECTION OF ERRONEOUS FRONT PAGE,ISPRAVAK PRVE STRANE OBJAVE EUROPSKOG PATENTA,P,RE-PUBLICATION OF DOCUMENT AFTER MODIFICATION,PENDING,False
3058,HR,TUEP,,REQUEST FOR EP VALIDATION RECEIVED,UREDAN ZAHTJEV ZA UPIS (PROSIRENOG) EUROPSKOG PATENTA,W,OTHER,NEUTRAL,False
3059,HR,ULIC,,REGISTRATION OF A LICENCE,UPIS LICENCIJE,S,INFORMATION ON LICENSING AND SIMILAR TRANSACTIONS,NEUTRAL,False
3060,HR,UOVR,,LEVY OF EXECUTION,UPIS OVRHE,S,INFORMATION ON LICENSING AND SIMILAR TRANSACTIONS,NEUTRAL,False
3061,HR,UPPO,-,REESTABLISHMENT OF RIGHTS REJECTED/REFUSED,ZAHTJEV ZA PONOVNU USPOSTAVU PRAVA ODBACEN/ODBIJEN,W,OTHER,UNKNOWN,False
3062,HR,UPPU,+,REESTABLISHMENT OF RIGHTS ADOPTED,ZAHTJEV ZA PONOVNU USPOSTAVU PRAVA USVOJEN,K,IP RIGHT REVIVAL,ALIVE,False
3063,HR,UPPZ,+,REESTABLISHMENT OF RIGHTS REQUESTED,ZAHTJEV ZA PONOVNU USPOSTAVU PRAVA,K,IP RIGHT REVIVAL,ALIVE,False
3064,HR,USP1,,ADMINISTRATIVE DISPUTE,UPRAVNI SPOR,T,ADMINISTRATIVE PROCEDURE ADJUSTMENT,NEUTRAL,False
3065,HR,USP2,,DECISION OF AN ADMINISTRATIVE COURT,ODLUKA UPRAVNOG SUDA,T,ADMINISTRATIVE PROCEDURE ADJUSTMENT,NEUTRAL,False
3066,HR,UZAP,,REGISTRATION OF A RIGHT IN REM,UPIS ZALOGA,S,INFORMATION ON LICENSING AND SIMILAR TRANSACTIONS,NEUTRAL,False
3067,HR,ZALO,+,APPEAL REJECTED/WITHDRAWN /REFUSED,ZALBA ODBACENA/OBUSTAVLJENA/ ODBIJENA,V,APPEAL,UNKNOWN,False
3068,HR,ZALP,-,APPEAL FILED,ZALBA PODNESENA,V,APPEAL,UNKNOWN,False
3069,HR,ZALU,-,APPEAL ADOPTED,ZALBA USVOJENA,V,APPEAL,UNKNOWN,False
3070,HU,AA1S,+,INFORMATION ON APPLICATION FOR A SUPPLEMENTARY PROTECTION CERTIFICATE,"KIEGESZITOE OLTALMI TANUSITVANYTA VONATKOZO KOELEMENYEK, TAJEKOZTATAS KIEGESZITOE OLTALMI TANUSITVANYRA VONATKOZO BEJELENTESEKROEL",G,PROTECTION BEYOND IP RIGHT TERM,PENDING,False
3071,HU,AG4A,+,FILING OF THE TRANSLATION OF THE TEXT OF EUROPEAN PATENTS,EURPAI SZABADALMAK SZOEVEGE FORDITASANAK BENYUJTASA,W,OTHER,UNKNOWN,False
3072,HU,AG4B,+,PUBLICATION OF THE CORRECTED TRANSLATION OF THE TEXT OF EUROPEAN PATENTS,EUROPAI SZABADALMAK SZOEVEGE FORDITAS-KIJAVITASANAK KOEZZETETELE,Q,DOCUMENT PUBLICATION,PENDING,False
3073,HU,AG4F,+,SUBMISSION OF A TRANSLATION OF THE TEXT OF AN AMENDED EUROPEAN PATENT,TAJEKOZTATAS AZ EUROPAI SZABADALMI EGYEZMENY SZERINTI FELSZOLALASI ELJARASBAN MODOSITASSAL FENNTARTOTT EUROPAI SZABADALOM SZOEVEGE FORDITASANAK [...],W,OTHER,UNKNOWN,False
3074,HU,AG4K,+,SUBMISSION OF A TRANSLATION OF THE TEXT OF A LIMITED EUROPEAN PATENT,TAJEKOZTATAS AZ EUROPAI SZABADALMI EGYEZMENY SZERINTI KORLATOZASI ELJARASBAN MODOSITASSAL FENNTARTOTT EUROPAI SZABADALOM SZOEVEGE FORDITASANAK [...],W,OTHER,UNKNOWN,False
3075,HU,AG9A,+,PUBLICATION OF THE TRANSLATION OF THE CLAIMS OF EUROPEAN PATENT APPLICATION,EUROPAI SZABADALMI BEJELENTESEK IGENYPONT FORDITASANAK KOEZZETETELE,Q,DOCUMENT PUBLICATION,PENDING,False
3076,HU,AG9B,+,PUBLICATION OF THE CORRECTED TRANSLATION OF THE CLAIMS OF THE EUROPEAN PATENT APPLICATION,EUROPAI SZABADALMI BEJELENTESEK IGENYPONTJAI FORDITAS-KIJAVISTASANAK KOZZETETELE,P,RE-PUBLICATION OF DOCUMENT AFTER MODIFICATION,PENDING,False
3077,HU,BBF9,,CANCELLATION OF EARLIER PUBLICATION ON APPLICATION,CANCELLATION OF EARLIER PUBLICATION ON APPLICATION,Q,DOCUMENT PUBLICATION,PENDING,False
3078,HU,BEE1,,APPLICATION UNDER SUBSEQUENT EXAMINATION,APPLICATION UNDER SUBSEQUENT EXAMINATION,,,PENDING,False
3079,HU,BF9A,-,CANCELLATION OF OFFICIAL INFORMATION,HATOSAGI TAJEKOZTATAS HATALYTALANITASA,Y,CORRECTION AND DELETION OF EVENT INFORMATION,DEAD,False
3080,HU,BFA1,,ABANDONMENT OR WITHDRAWAL OF APPLICATION,ABANDONMENT OR WITHDRAWAL OF APPLICATION,,,PENDING,False
3081,HU,BFA9,,TEMPORARY PROTECTION CANCELLED DUE TO ABANDONMENT,TEMPORARY PROTECTION CANCELLED DUE TO ABANDONMENT,W,OTHER,NEUTRAL,False
3082,HU,BFC4,,CANCELLATION OF TEMPORARY PROTECTION DUE TO REFUSAL,CANCELLATION OF TEMPORARY PROTECTION DUE TO REFUSAL,W,OTHER,NEUTRAL,False
3083,HU,BFC9,,REFUSAL OF APPLICATION,REFUSAL OF APPLICATION,,,PENDING,False
3084,HU,BFD9,,TEMPORARY PROTECTION CANCELLED DUE TO NON-PAYMENT OF FEE,TEMPORARY PROTECTION CANCELLED DUE TO NON-PAYMENT OF FEE,W,OTHER,NEUTRAL,False
3085,HU,BGB9,,SUCCESSION IN TITLE OF APPLICANT,SUCCESSION IN TITLE OF APPLICANT,R,PARTY DATA CHANGE,NEUTRAL,False
3086,HU,BNF4,,RESTORATION OF LAPSED FINAL PROTECTION,RESTORATION OF LAPSED FINAL PROT.,K,IP RIGHT REVIVAL,NEUTRAL,False
3087,HU,BNF9,,RESTORATION OF LAPSED TEMPORARY PROT.,RESTORATION OF LAPSED TEMPORARY PROT.,,,NEUTRAL,False
3088,HU,BQB4,,LICENCE GRANTED & REGISTERED,LICENCE GRANTED & REGISTERED,,,NEUTRAL,False
3089,HU,BRH9,,WITHDRAWAL OF ANNULMENT DECISION,WITHDRAWAL OF ANNULMENT DECISION,Z,CLASSIFICATION PENDING,NEUTRAL,False
3090,HU,DBF9,,CANCELLATION OF EARLIER PUBLICATION ON APPLICATION,CANCELLATION OF EARLIER PUBLICATION ON APPLICATION,Q,DOCUMENT PUBLICATION,PENDING,False
3091,HU,DFA1,,ABANDONMENT OR WITHDRAWAL OF APPLICATION,ABANDONMENT OR WITHDRAWAL OF APPLICATION,,,PENDING,False
3092,HU,DFA9,,TEMPORARY PROTECTION CANCELLED DUE TO ABANDONMENT,TEMPORARY PROTECTION CANCELLED DUE TO ABANDONMENT,W,OTHER,NEUTRAL,False
3093,HU,DFC4,,CANCELLATION OF TEMPORARY PROTECTION DUE TO REFUSAL,CANCELLATION OF TEMPORARY PROTECTION DUE TO REFUSAL,W,OTHER,NEUTRAL,False
3094,HU,DFC9,,REFUSAL OF APPLICATION,REFUSAL OF APPLICATION,,,PENDING,False
3095,HU,DFD9,,TEMPORARY PROTECTION CANCELLED DUE TO NON-PAYMENT OF FEE,TEMPORARY PROTECTION CANCELLED DUE TO NON-PAYMENT OF FEE,W,OTHER,NEUTRAL,False
3096,HU,DGB9,,SUCCESSION IN TITLE OF APPLICANT,SUCCESSION IN TITLE OF APPLICANT,R,PARTY DATA CHANGE,NEUTRAL,False
3097,HU,DNF4,,RESTORATION OF LAPSED FINAL PROTECTION,RESTORATION OF LAPSED FINAL PROT.,K,IP RIGHT REVIVAL,NEUTRAL,False
3098,HU,DNF9,,RESTORATION OF LAPSED TEMPORARY PROT.,RESTORATION OF LAPSED TEMPORARY PROT.,,,NEUTRAL,False
3099,HU,DQB4,,LICENCE GRANTED & REGISTERED,LICENCE GRANTED & REGISTERED,,,NEUTRAL,False
3100,HU,DRH9,,WITHDRAWAL OF ANNULMENT DECISION,WITHDRAWAL OF ANNULMENT DECISION,Z,CLASSIFICATION PENDING,NEUTRAL,False
3101,HU,FA9A,-,LAPSE OF PROVISIONAL PATENT PROTECTION DUE TO RELINQUISHMENT OR PROTECTION CONSIDERED RELINQUISHED,IDEIGLENES SZABADALMI OLTALOM MEGSZUENESE LEMONDAS VAGY LEMONTDOTTNAK TEKINTES MIATT,W,OTHER,DEAD,False
3102,HU,FC4A,-,LAPSE OF PROVISIONAL APPLICATION DUE TO REFUSAL,IDEIGLENES SZABADALMI OLTALOM MEGSZUENESE ELUTASITAS MIATT,B,APPLICATION DISCONTINUATION,DEAD,False
3103,HU,FC9A,-,PATENT GRANTING PROCEDURES TERMINATED PRIOR TO PUBLICATION,KOZZETETELT MEGELOZOEN MEGSZUNTETETT SZABADALOMENGEDELYEZESI ELJARASOK,B,APPLICATION DISCONTINUATION,DEAD,False
3104,HU,FD9A,-,LAPSE OF PROVISIONAL PROTECTION DUE TO NON-PAYMENT OF FEES,IDEIGLENES SZABADALMI OLTALOM MEGSZUENESE DIJFIZETES HIANYABAN,W,OTHER,DEAD,False
3105,HU,FG4S,+,GRANT OF SUPPLEMENTARY PROTECTION CERTIFICATE,MEGADOTT KIEGESZITOE OLTALMI TANUSITVANYOK,G,PROTECTION BEYOND IP RIGHT TERM,ALIVE,False
3106,HU,FH1C,,APPOINTMENT OF REPRESENTATIVE,KEPVISELETI MEGBIZAS,R,PARTY DATA CHANGE,NEUTRAL,False
3107,HU,FH91,,APPOINTMENT OF A REPRESENTATIVE,KEPVISELET MEGSZUENESE,R,PARTY DATA CHANGE,NEUTRAL,False
3108,HU,FH92,,TERMINATION OF REPRESENTATIVE,KEPVISELET MEGSZUENESE,R,PARTY DATA CHANGE,NEUTRAL,False
3109,HU,GB9A,,SUCCESSION IN TITLE,JOGUTODLAS,R,PARTY DATA CHANGE,NEUTRAL,False
3110,HU,GB9C,,SUCCESSION IN TITLE,JOGUTODLAS,R,PARTY DATA CHANGE,NEUTRAL,False
3111,HU,HA9A,,CHANGE IN INVENTORSHIP,SZERZOESEG VALTOZASA,R,PARTY DATA CHANGE,NEUTRAL,False
3112,HU,HC9A,,"CHANGE OF NAME, ADDRESS","NEV-, ILLETVE CIMVALTOZAS",R,PARTY DATA CHANGE,NEUTRAL,False
3113,HU,HC9C,,"CHANGE OF NAME, ADDRESS","NEV-, ILLETVE CIMVALTOZAS",R,PARTY DATA CHANGE,NEUTRAL,False
3114,HU,HFC9,,REFUSAL OF APPLICATION,REFUSAL OF APPLICATION,,,PENDING,False
3115,HU,HFG4,,"PATENT GRANTED, DATE OF GRANTING","PATENT GRANTED, DATE OF GRANTING",F,IP RIGHT GRANT,NEUTRAL,True
3116,HU,HGB9,,SUCCESSION IN TITLE OF APPLICANT,SUCCESSION IN TITLE OF APPLICANT,,,NEUTRAL,False
3117,HU,HLC4,,LIMITATION OF CLAIMS,LIMITATION OF CLAIMS,,,NEUTRAL,False
3118,HU,HMA4,,CANCELLATION OF FINAL PROT. DUE TO ABANDONMENT,CANCELLATION OF FINAL PROT. DUE TO ABANDONMENT,,,NEUTRAL,False
3119,HU,HMC4,,CANCELLATION OF FINAL PROT. DUE TO ANNULMENT,CANCELLATION OF FINAL PROT. DUE TO ANNULMENT,,,NEUTRAL,False
3120,HU,HMH4,-,CANCELLATION OF FINAL PROT. DUE TO RELINQUISHMENT,CANCELLATION OF FINAL PROT. DUE TO RELINQUISHMENT,H,IP RIGHT CESSATION,DEAD,False
3121,HU,HMK4,,ANNULMENT OF FINAL PROT. DUE TO EXPIRATION OF TERM,ANNULMENT OF FINAL PROT. DUE TO EXPIRATION OF TERM,,,NEUTRAL,False
3122,HU,HMM4,-,CANCELLATION OF FINAL PROT. DUE TO NON-PAYMENT OF FEE,CANCELLATION OF FINAL PROT. DUE TO NON-PAYMENT OF FEE,H,IP RIGHT CESSATION,DEAD,False
3123,HU,HNF4,,RESTORATION OF LAPSED FINAL PROT.,RESTORATION OF LAPSED FINAL PROT.,,,NEUTRAL,False
3124,HU,HNF9,,RESTORATION OF LAPSED TEMPORARY PROT.,RESTORATION OF LAPSED TEMPORARY PROT.,,,NEUTRAL,False
3125,HU,HPC4,,SUCCESSION IN TITLE OF PATENTEE,SUCCESSION IN TITLE OF PATENTEE,R,PARTY DATA CHANGE,NEUTRAL,False
3126,HU,HQB4,,LICENCE GRANTED & REGISTERED,LICENCE GRANTED & REGISTERED,,,NEUTRAL,False
3127,HU,HRH9,,WITHDRAWAL OF ANNULMENT DECISION,WITHDRAWAL OF ANNULMENT DECISION,Z,CLASSIFICATION PENDING,NEUTRAL,False
3128,HU,HTK4,,INVALIDATION OF PUBLICATION ON B DOCUMENTS,INVALIDATION OF PUBLICATION ON B DOCUMENTS,,,PENDING,False
3129,HU,HU90,,PATENT VALID ON 900628,PATENT VALID ON 900628,,,NEUTRAL,False
3130,HU,MC4A,-,REVOCATION OF THE PATENT,ERVENYTELENSEG AZ ALAPSZABADALOM MEGSEMMISITESE,H,IP RIGHT CESSATION,DEAD,False
3131,HU,MF4A,,LIMITATION OF PATENT,SZABADALOM KORLATOZASA,M,IP RIGHT MAINTENANCE,NEUTRAL,False
3132,HU,MH4A,-,LAPSE OF DEFINITIVE PATENT PROTECTION DUE TO RELINQUISHMENT,VEGLEGES SZABADALMI OLTALOM MEGSZUENESE LEMONDAS MIATT,H,IP RIGHT CESSATION,DEAD,False
3133,HU,MM4A,-,LAPSE OF DEFINITIVE PATENT PROTECTION DUE TO NON-PAYMENT OF FEES,VEGLEGES SZABADALMI OLTALOM MEGSZUENESE DIJFIZETES HIANYABAN,H,IP RIGHT CESSATION,DEAD,False
3134,HU,NF4A,+,RESTORATION OF PATENT PROTECTION,SZABADALMI OLTALOM UJRA ERVENYBE HELYEZESE,K,IP RIGHT REVIVAL,ALIVE,False
3135,HU,QB4A,+,EXPLOITATION CONTRACT,HASZNOSITASI SZERZOEDES,S,INFORMATION ON LICENSING AND SIMILAR TRANSACTIONS,UNKNOWN,False
3136,HU,RH9A,+,DECISION ON THE LAPSE OF PATENT PROTECTION WITHDRAWN,SZABADALMI OLTALOM MEGSZUENESET MEGALLAPITO HATAROZAT VISSZAVINASA,K,IP RIGHT REVIVAL,ALIVE,False
3137,HU,TH4A,,ERRATUM,HELYREIGAZITAS,Y,CORRECTION AND DELETION OF EVENT INFORMATION,NEUTRAL,False
3138,HU,TK4A,,CORRECTION OF CHANGE OF DECISION,"HATAROZAT KIJAVITASA, KICSERELESE",Y,CORRECTION AND DELETION OF EVENT INFORMATION,NEUTRAL,False
3139,IE,CA39,,APPLICATION FOR SURRENDER NOW OPEN TO OPPOSITION - SECTION 39,APPLICATION NOW OPEN TO OPPOSITION -SECTION 39,L,IP RIGHT REVIEW REQUEST,PENDING,False
3140,IE,CDHP,,DECISION IN HEARING IN THE PATENTS OFFICE (PATENTS ACT 1964),DECISION IN HEARING IN THE PATENTS OFFICE (PATENTS ACT 1964),Z,CLASSIFICATION PENDING,NEUTRAL,False
3141,IE,CH19,,PROCEEDINGS UNDER SECTION 19 OF THE PATENT ACT 1964 (NOTICE OF WITHDRAWAL OF OPPOSITION),PROCEEDINGS UNDER SECTION 19 OF THE PATENT ACT 1964 (NOTICE OF WITHDRAWAL OF OPPOSITION),,,NEUTRAL,False
3142,IE,CH66,,PROCEEDINGS UNDER SECTION 66 (ACTIONS FOR INFRINGEMENT FOR SHORT TERM PATENTS),PROCEEDINGS UNDER SECTION 66 (ACTIONS FOR INFRINGEMENT FOR SHORT TERM PATENTS),Z,CLASSIFICATION PENDING,NEUTRAL,False
3143,IE,CJ29,,PROCEEDINGS UNDER SECTION 29**APPLICATION NOW OPENED TO OPPOSITION,PROCEEDINGS UNDER SECTION 29**APPLICATION NOW OPENED TO OPPOSITION,,,PENDING,False
3144,IE,CJ37,,PROCEEDINGS UNDER SECTION 37**APPLICATION NOW OPEN TO OPPOSITION,PROCEEDINGS UNDER SECTION 37**APPLICATION NOW OPEN TO OPPOSITION,,,PENDING,False
3145,IE,CORR,,"PROCEEDING UNDER SECTION 110 OF THE PATENTS ACT, 1992: CORRECTION OF ERRORS","PROCEEDING UNDER SECTION 110 OF THE PATENTS ACT, 1992: CORRECTION OF ERRORS",Y,CORRECTION AND DELETION OF EVENT INFORMATION,NEUTRAL,False
3146,IE,DD9A,,APPLICATION FOR AMENDMENT OF PATENT SPECIFICATION NOW OPEN TO OPPOSITION (SECT. 38),APPLICATION FOR AMENDMENT OF PATENT SPECIFICATION NOW OPEN TO OPPOSITION (SECT. 38),L,IP RIGHT REVIEW REQUEST,PENDING,False
3147,IE,DE9A,,"APPLICATION FOR AMENDMENT OF PATENT SPECIFICATION (SECT. 38), PROCEEDINGS BEFORE HIGH COURT","APPLICATION FOR AMENDMENT OF PATENT SPECIFICATION (SECT. 38), PROCEEDINGS BEFORE HIGH COURT",L,IP RIGHT REVIEW REQUEST,PENDING,False
3148,IE,ERR,,ERRATUM,ERRATUM,Y,CORRECTION AND DELETION OF EVENT INFORMATION,NEUTRAL,False
3149,IE,F35A,+,APPLICATION FOR REINSTATEMENT OF PATENT APPLICATION (SECTION 35),APPLICATION FOR REINSTATEMENT OF PATENT APPLICATION (SECTION 35),C,APPLICATION REVIVAL,ALIVE,False
3150,IE,FA9A,,APPLICATION WITHDRAWN SECTION 33(1),APPLICATION WITHDRAWN SECTION 33(1),B,APPLICATION DISCONTINUATION,PENDING,False
3151,IE,FC9A,-,APPLICATION REFUSED SECT. 31(1),APPLICATION REFUSED SECT. 31(1),B,APPLICATION DISCONTINUATION,DEAD,False
3152,IE,FD4D,-,EUROPEAN PATENTS DESIGNATING IRELAND TREATED AS ALWAYS HAVING BEEN VOID,EUROPEAN PATENTS DESIGNATING IRELAND TREATED AS ALWAYS HAVING BEEN VOID,H,IP RIGHT CESSATION,DEAD,False
3153,IE,FD4E,-,SHORT TERM PATENTS DEEMED VOID UNDER SECTION 64,SHORT TERM PATENTS DEEMED VOID UNDER SECTION 64,H,IP RIGHT CESSATION,DEAD,False
3154,IE,FD4H,+,REINSTATEMENT OF EUROP. PATENT DESIGNATING IRELAND PREVIOUSLY ADVERTISED AS VOID - SECTION 119(7),REINSTATEMENT OF EUROP. PATENT DESIGNATING IRELAND PREVIOUSLY ADVERTISED AS VOID - SECTION 119(7),K,IP RIGHT REVIVAL,ALIVE,False
3155,IE,FG4D,+,EUROPEAN PATENTS GRANTED DESIGNATING IRELAND,EUROPEAN PATENTS GRANTED DESIGNATING IRELAND,F,IP RIGHT GRANT,ALIVE,False
3156,IE,FG9R,+,APPLICATION REINSTATED (PUBLISHED AS DEEMED TO HAVE BEEN WITHDRAWN BEFOREHAND UNDER SECTION 23(5)),APPLICATION REINSTATED (PUBLISHED AS DEEMED TO HAVE BEEN WITHDRAWN BEFOREHAND) UNDER SECTION 23(5),,,ALIVE,False
3157,IE,FI9A,,APPLICATION DEEMED TO BE WITHDRAWN SECTION 17(2),APPLICATION DEEMED TO BE WITHDRAWN SECTION 17(2),B,APPLICATION DISCONTINUATION,PENDING,False
3158,IE,FJ9A,,APPLICATION DEEMED TO BE WITHDRAWN SECTION 31(3),APPLICATION DEEMED TO BE WITHDRAWN SECTION 31(3),B,APPLICATION DISCONTINUATION,PENDING,False
3159,IE,FK9A,,APPLICATION DEEMED TO HAVE BEEN WITHDRAWN SECTION 23(9),APPLICATION DEEMED TO HAVE BEEN WITHDRAWN SECTION 23(9),B,APPLICATION DISCONTINUATION,PENDING,False
3160,IE,HH66,,INFRINGEMENT - EVIDENCE SUBMITTED UNDER SECTION 66(3),INFRINGEMENT - EVIDENCE SUBMITTED UNDER SECTION 66(3),W,OTHER,NEUTRAL,False
3161,IE,HK1,,ERRATA: PATENT STILL IN FORCE,ERRATA: PATENT STILL IN FORCE,Y,CORRECTION AND DELETION OF EVENT INFORMATION,NEUTRAL,False
3162,IE,HK2,,ERRATA: PATENT LAPSED,ERRATA: PATENT LAPSED,Y,CORRECTION AND DELETION OF EVENT INFORMATION,NEUTRAL,False
3163,IE,HK4,,ERRATUM,ERRATUM,Y,CORRECTION AND DELETION OF EVENT INFORMATION,NEUTRAL,False
3164,IE,LI68,+,APPLICATION FOR ENTRY IN REGISTER THAT LICENCES OF RIGHT ARE AVAILABLE (SEC. 68 PATENTS ACT),APPLICATION FOR ENTRY IN REGISTER THAT LICENCES OF RIGHT ARE AVAILABLE (SEC. 68 PATENTS ACT),S,INFORMATION ON LICENSING AND SIMILAR TRANSACTIONS,PENDING,False
3165,IE,MA39,-,PATENT SURRENDERED UNDER SECTION 39,PATENT SURRENDERED UNDER SECTION 39,H,IP RIGHT CESSATION,DEAD,False
3166,IE,ME9A,,APPLICATION FOR REVOCATION FILED (SECT. 57),APPLICATION FOR REVOCATION FILED (SECT. 57),L,IP RIGHT REVIEW REQUEST,PENDING,False
3167,IE,MK9A,-,PATENT EXPIRED,PATENT EXPIRED,H,IP RIGHT CESSATION,DEAD,False
3168,IE,MM4A,-,PATENT LAPSED,PATENT LAPSED,H,IP RIGHT CESSATION,DEAD,False
3169,IE,MM9A,-,PATENT LAPSED THROUGH NON-PAYMENT OF RENEWAL FEE,APPLICATION LAPSED THROUGH NON-PAYMENT OF RENEWAL FEE,H,IP RIGHT CESSATION,DEAD,False
3170,IE,ND27,,PROCEEDINGS UNDER SECTION 27 OF THE PATENT ACT 1964 (PETITION TO EXTEND THE TERM OF A PATENT),PROCEEDINGS UNDER SECTION 27 OF THE PATENT ACT 1964 (PETITION TO EXTEND THE TERM OF A PATENT),G,PROTECTION BEYOND IP RIGHT TERM,NEUTRAL,False
3171,IE,NE29,,APPLICATIONS FOR RESTORATION OF LAPSED PATENTS UNDER SECTION 29 OF THE PATENT ACT 1964,APPLICATIONS FOR RESTORATION OF LAPSED PATENTS UNDER SECTION 29 OF THE PATENT ACT 1964,,,PENDING,False
3172,IE,NE4A,,APPLICATION FOR RESTORATION SECT. 37 PATENTS ACT 1992,APPLICATION FOR RESTORATION SECT. 37 PATENTS ACT 1992,K,IP RIGHT REVIVAL,PENDING,False
3173,IE,NF4A,,ORDER MADE FOR RESTORATION SECT. 37 PATENTS ACT 1992,ORDER MADE FOR RESTORATION SECT. 37 PATENTS ACT 1992,K,IP RIGHT REVIVAL,NEUTRAL,False
3174,IE,NJ37,,PROCEEDINGS UNDER SECTION 37**APPLICATION FOR RESTORATION REFUSED,PROCEEDINGS UNDER SECTION 37**APPLICATION FOR RESTORATION REFUSED,,,PENDING,False
3175,IE,NW37,,APPLICATION FOR RESTORATION WITHDRAWN - SECTION 37 OF THE PATENTS ACT 1992,APPLICATION FOR RESTORATION WITHDRAWN - SECTION 37 OF THE PATENTS ACT 1992,K,IP RIGHT REVIVAL,PENDING,False
3176,IE,QD9A,,APPLICATION FOR LICENCE WITHDRAWN (SECT. 70 & 73),APPLICATION FOR LICENCE WITHDRAWN (SECT. 70 & 73),,,PENDING,False
3177,IE,QU9A,,PROCEEDINGS UNDER SECTIONS 42 AND 44 OF THE PATENT ACT 1964 (APPLICATION FOR A LICENCE),PROCEEDINGS UNDER SECTIONS 42 AND 44 OF THE PATENT ACT 1964 (APPLICATION FOR A LICENCE),,,PENDING,False
3178,IE,R35A,,APPLICATION FOR REINSTATEMENT OF A PATENT APPLICATION ACCORDING SECTION 35,APPLICATION FOR REINSTATEMENT OF A PATENT APPLICATION ACCORDING SECTION 35,C,APPLICATION REVIVAL,PENDING,False
3179,IE,RNTA,+,APPLICATION FOR RESTORATION WHERE TRANSLATION OF EP PATENT NOT FILED UNDER SECTION 119(6) (SECT. 30 OF PATENTS (AMENDMENT) ACT 2006 = SECT. 119A),APPLICATION FOR RESTORATION WHERE TRANSLATION OF EP PATENT NOT FILED UNDER SECTION 119(6) (SECT. 30 OF PATENTS (AMENDMENT) ACT 2006 = SECT. 119A),Z,CLASSIFICATION PENDING,ALIVE,False
3180,IE,S35A,+,REINSTATEMENT OF APPLICATION FOR A PATENT (SECTION 35),REINSTATEMENT OF APPLICATION FOR A PATENT (SECTION 35),C,APPLICATION REVIVAL,ALIVE,False
3181,IE,SPCD,,AMENDMENT OF DATE OF FILING (SUPPLEMENTARY PROTECTION CERTIFICATES),AMENDMENT OF DATE OF FILING (SUPPLEMENTARY PROTECTION CERTIFICATES),,,NEUTRAL,False
3182,IE,SPCE,+,REQUEST FOR EXTENSION OF SUPPLEMENTARY PROTECTION CERTIFICATE FILED [PAEDIATRIC EXTENSION],APPLICATION FOR EXTENSION FOR THE DURATION OF A SUPPLEMENTARY PROTECTION CERTIFICATE,G,PROTECTION BEYOND IP RIGHT TERM,NEUTRAL,False
3183,IE,SPCF,,REQUEST FOR GRANT OF SUPPLEMENTARY PROTECTION CERTIFICATE,REQUEST FOR GRANT OF SUPPLEMENTARY PROTECTION CERTIFICATE,G,PROTECTION BEYOND IP RIGHT TERM,NEUTRAL,False
3184,IE,SPCG,+,SUPPLEMENTARY PROTECTION CERTIFICATE GRANTED,SUPPLEMENTARY PROTECTION CERTIFICATE GRANTED,G,PROTECTION BEYOND IP RIGHT TERM,ALIVE,False
3185,IE,SPCI,-,SUPPLEMENTARY PROTECTION CERTIFICATE DECLARED INVALID,SUPPLEMENTARY PROTECTION CERTIFICATE DECLARED INVALID,H,IP RIGHT CESSATION,DEAD,False
3186,IE,SPCL,-,SUPPLEMENTARY PROTECTION CERTIFICATE LAPSED,SUPPLEMENTARY PROTECTION CERTIFICATE LAPSED,H,IP RIGHT CESSATION,DEAD,False
3187,IE,SPCR,-,SUPPLEMENTARY PROTECTION CERTIFICATE REJECTED,SUPPLEMENTARY PROTECTION CERTIFICATE REJECTED,G,PROTECTION BEYOND IP RIGHT TERM,DEAD,False
3188,IE,SPCV,-,OFFER TO SURRENDER OF SUPPLEMENTARY PROTECTION CERTIFICATE OPEN TO OPPOSITION,OFFER TO SURRENDER OF SUPPLEMENTARY PROTECTION CERTIFICATE OPEN TO OPPOSITION,L,IP RIGHT REVIEW REQUEST,DEAD,False
3189,IE,SPCW,-,SUPPLEMENTARY PROTECTION CERTIFICATE WITHDRAWN,SUPPLEMENTARY PROTECTION CERTIFICATE WITHDRAWN,G,PROTECTION BEYOND IP RIGHT TERM,NEUTRAL,False
3190,IE,SPCX,,CORRECTION OF AN ERRATUM IN THE GAZETTE CONCERNING AN SPC,CORRECTION OF AN ERRATUM IN THE GAZETTE CONCERNING AN SPC,Y,CORRECTION AND DELETION OF EVENT INFORMATION,NEUTRAL,False
3191,IE,SPCY,+,EXTENSION OF SUPPLEMENTARY PROTECTION CERTIFICATE GRANTED [PAEDIATRIC EXTENSION],GRANT OF EXTENSION OF DURATION OF A SUPPLEMENTARY PROTECTION CERTIFICATE,G,PROTECTION BEYOND IP RIGHT TERM,ALIVE,False
3192,IE,SPCZ,+,EXTENSION OF SUPPLEMENTARY PROTECTION CERTIFICATE GRANTED [PAEDIATRIC EXTENSION],GRANT OF EXTENSION OF A SUPPLEMENTARY PROTECTION CERTIFICATE,G,PROTECTION BEYOND IP RIGHT TERM,ALIVE,False
3193,IE,TRCL,,TRANSLATION OF CLAIMS OF EUROPEAN PATENT APPLICATIONS DESIGNATING THE STATE - SECTION 120(6),TRANSLATION OF CLAIMS OF EUROPEAN PATENT APPLICATIONS DESIGNATING THE STATE - SECTION 120(6),W,OTHER,PENDING,False
3194,IL,A170,,APPLICATION TO CORRECT AN ENTRY IN THE REGISTER ACCORDING ARTICLE 170,APPLICATION TO CORRECT AN ENTRY IN THE REGISTER ACCORDING ARTICLE 170,Y,CORRECTION AND DELETION OF EVENT INFORMATION,PENDING,False
3195,IL,CB,,OPPOSITION FILED AGAINST GRANT OF PATENT,OPPOSITION FILED AGAINST GRANT OF PATENT,L,IP RIGHT REVIEW REQUEST,NEUTRAL,True
3196,IL,CDA,,"OPEN TO OPPOSITION (SECT. 171 AND 172 0F  PATENTS LAW, 5727-1967 AND REGULATION 149 OF THE PATENT REGULATION)","OPEN TO OPPOSITION (SECT. 171 AND 172 0F  PATENTS LAW, 5727-1967 AND REGULATION 149 OF THE PATENT REGULATION)",E,PRE-GRANT REVIEW REQUEST,PENDING,False
3197,IL,CE,,APPLICATION WITHDRAWN (OPPOS. FILED AGAINST GRANT OF PATENT),APPLICATION WITHDRAWN (OPPOS. FILED AGAINST GRANT OF PATENT),L,IP RIGHT REVIEW REQUEST,PENDING,False
3198,IL,CO,,OPPOSITION CANCELLED (OPPOS. FILED AGAINST GRANT OF PATENT),OPPOSITION CANCELLED (OPPOS. FILED AGAINST GRANT OF PATENT),L,IP RIGHT REVIEW REQUEST,NEUTRAL,True
3199,IL,CT,,PERMISSION HAS BEEN GRANTED TO AMEND TITLE OF INVENTION IN PATENTS REGISTER (PATENT LAW 5727-1967 SECTION 170(B)),PERMISSION HAS BEEN GRANTED TO AMEND TITLE OF INVENTION IN PATENTS REGISTER (PATENT LAW 5727-1967 SECTION 170(B)),Y,CORRECTION AND DELETION OF EVENT INFORMATION,NEUTRAL,False
3200,IL,DC,,PATENT CERTIFICATE GRANTED AFTER AMENDMENT OF SPECIFICATION (OPPOS. FILED AGAINST GRANT OF PATENT),PATENT CERTIFICATE GRANTED AFTER AMENDMENT OF SPECIFICATION (OPPOS. FILED AGAINST GRANT OF PATENT),M,IP RIGHT MAINTENANCE,NEUTRAL,True
3201,IL,DOC,,OPPOSITION CANCELLED (OPPOS. FILED TO APPLICATION FOR AMENDING PATENT SPECIFICATION),OPPOSITION CANCELLED (OPPOS. FILED TO APPLICATION FOR AMENDING PATENT SPECIFICATION),L,IP RIGHT REVIEW REQUEST,PENDING,False
3202,IL,ERR,,CORRIGENDUM,CORRIGENDUM,Y,CORRECTION AND DELETION OF EVENT INFORMATION,NEUTRAL,False
3203,IL,EXP,-,PATENT EXPIRED,PATENT EXPIRED,H,IP RIGHT CESSATION,DEAD,False
3204,IL,EXTC,-,PATENT EXTENSION CANCELLED,PATENT EXTENSION CANCELLED,G,PROTECTION BEYOND IP RIGHT TERM,DEAD,False
3205,IL,EXTE,,PERIOD FOR FILING APPLICATION FOR EXTENSION ORDER HAS BEEN EXTENDED (SECTION 64P.(4)),PERIOD FOR FILING APPLICATION FOR EXTENSION ORDER HAS BEEN EXTENDED (SECTION 64P.(4)),T,ADMINISTRATIVE PROCEDURE ADJUSTMENT,PENDING,False
3206,IL,EXTF,+,APPLICATION FOR PATENT EXTENSION FILED,APPLICATION FOR PATENT EXTENSION FILED,G,PROTECTION BEYOND IP RIGHT TERM,PENDING,False
3207,IL,EXTG,+,EXTENSION OF PATENT TERM GRANTED,PATENT EXTENSION ORDER GRANTED,G,PROTECTION BEYOND IP RIGHT TERM,ALIVE,False
3208,IL,EXTH,+,PATENT EXTENSION ORDER CORRECTED (SECT. 64P(2)),PATENT EXTENSION ORDER CORRECTED (SECT. 64P(2)),G,PROTECTION BEYOND IP RIGHT TERM,NEUTRAL,False
3209,IL,EXTJ,+,INTENTION TO GRANT A PATENT EXTENSION,INTENTION TO GRANT A PATENT EXTENSION ORDER,G,PROTECTION BEYOND IP RIGHT TERM,ALIVE,False
3210,IL,EXTN,+,EXTENSION ORDER RENEWED,EXTENSION ORDER RENEWED,G,PROTECTION BEYOND IP RIGHT TERM,NEUTRAL,False
3211,IL,EXTP,,APPLICATION FOR EXTENSION ORDER IS PENDING,APPLICATION FOR EXTENSION ORDER IS PENDING,G,PROTECTION BEYOND IP RIGHT TERM,PENDING,False
3212,IL,EXTR,-,REJECTION OF APPLICATION FOR PATENT EXTENSION ORDER,REJECTION OF APPLICATION FOR PATENT EXTENSION ORDER,G,PROTECTION BEYOND IP RIGHT TERM,PENDING,False
3213,IL,FF,+,PATENT GRANTED,PATENT GRANTED,F,IP RIGHT GRANT,ALIVE,True
3214,IL,HC,,CHANGE OF NAME OF PROPRIETOR(S),CHANGE OF NAME OF PROPRIETOR(S),R,PARTY DATA CHANGE,NEUTRAL,False
3215,IL,HCA,,CHANGE OF NAME OF PROPRIETOR(S) AFTER AMALGAMATION,CHANGE OF NAME OF PROPRIETOR(S) AFTER AMALGAMATION,R,PARTY DATA CHANGE,NEUTRAL,False
3216,IL,HCE,,CHANGE OF NAME AND ADDRESS OF PROPRIETOR(S),CHANGE OF NAME AND ADDRESS OF PROPRIETOR(S),R,PARTY DATA CHANGE,NEUTRAL,False
3217,IL,HE,,CHANGE OF ADDRESS OF PROPRIETOR(S),CHANGE OF ADDRESS OF PROPRIETOR(S),R,PARTY DATA CHANGE,NEUTRAL,False
3218,IL,HK,,CORRIGENDUM,CORRIGENDUM,Y,CORRECTION AND DELETION OF EVENT INFORMATION,NEUTRAL,False
3219,IL,HP,,CHANGE IN PROPRIETORSHIP,CHANGE IN PROPRIETORSHIP,R,PARTY DATA CHANGE,NEUTRAL,False
3220,IL,HQ,,CHANGE OF AGENT(S),CHANGE OF AGENT(S),R,PARTY DATA CHANGE,NEUTRAL,False
3221,IL,HS,,CHANGE OF ADDRESS FOR SERVICE,CHANGE OF ADDRESS FOR SERVICE,R,PARTY DATA CHANGE,NEUTRAL,False
3222,IL,KB,+,PATENT RENEWED,PATENT RENEWED,U,PAYMENT,UNKNOWN,False
3223,IL,KB20,+,PATENT RENEWED FOR 20 YEARS,PATENT RENEWED FOR 20 YEARS,U,PAYMENT,UNKNOWN,False
3224,IL,ME,,APPLICATION FOR PATENT REVOCATION FILED,APPLICATION FOR PATENT REVOCATION FILED,L,IP RIGHT REVIEW REQUEST,PENDING,False
3225,IL,MEA,,APPLICATION CANCELLED  (APPLIC. FOR PATENT REVOCATION FILED),APPLICATION CANCELLED  (APPLIC. FOR PATENT REVOCATION FILED),L,IP RIGHT REVIEW REQUEST,PENDING,False
3226,IL,MF,-,PATENT REVOKED,PATENT REVOKED,H,IP RIGHT CESSATION,DEAD,False
3227,IL,MFD,-,PATENT CANCELLED BY DECISION OF COMMISSIONER,PATENT CANCELLED BY DECISION OF COMMISSIONER,H,IP RIGHT CESSATION,DEAD,False
3228,IL,MISC,,MISCELLANEOUS,MISCELLANEOUS,Z,CLASSIFICATION PENDING,NEUTRAL,False
3229,IL,MM9K,-,PATENT NOT IN FORCE DUE TO NON-PAYMENT OF RENEWAL FEES,PATENT NOT IN FORCE DUE TO NON-PAYMENT OF RENEWAL FEES,H,IP RIGHT CESSATION,DEAD,False
3230,IL,NE,,"APPLICATION FOR RESTORATION - PATENT LAPSED THROUGH NON-PAYMENT OF RENEWAL FEES (SECTION 60, PATENTS LAW, 5727-1967)","APPLICATION FOR RESTORATION - PATENT LAPSED THROUGH NON-PAYMENT OF RENEWAL FEES (SECTION 60, PATENTS LAW, 5727-1967)",K,IP RIGHT REVIVAL,PENDING,False
3231,IL,NEC,,APPEAL FILED AGAINST RESTORATION OF A PATENT,OPPOSITION FILED AGAINST RESTORATION OF A PATENT,V,APPEAL,NEUTRAL,False
3232,IL,NF,+,PATENT RESTORED,PATENT RESTORED,K,IP RIGHT REVIVAL,ALIVE,False
3233,IL,NG,,"PERMISSION GRANTED (IN OPPOSITION PROCEEDINGS)  -  SECT. 29 AND 66 , PATENTS LAW, 5727-1967","PERMISSION GRANTED (IN OPPOSITION PROCEEDINGS)  -  SECT. 29 AND 66 , PATENTS LAW, 5727-1967",L,IP RIGHT REVIEW REQUEST,NEUTRAL,False
3234,IL,NOTI,,NOTICE IN THE OFFICIAL GAZETTE,NOTICE IN THE OFFICIAL GAZETTE,W,OTHER,NEUTRAL,False
3235,IL,NP,,"PERMISSION FOR AMENDING THE PATENT SPECIFICATION GRANTED (SECTION 66, PATENTS LAW 1967)","PERMISSION GRANTED (SECTION 66, PATENTS LAW, 5727-1967)",P,RE-PUBLICATION OF DOCUMENT AFTER MODIFICATION,PENDING,False
3236,IL,PEL,+,INTENTION OF COMMISSIONER TO EXTEND PERIOD OF PROTECTION,INTENTION OF COMMISSIONER TO EXTEND PERIOD OF PROTECTION,G,PROTECTION BEYOND IP RIGHT TERM,NEUTRAL,False
3237,IL,QB,,LICENCE GRANTED,LICENCE GRANTED,S,INFORMATION ON LICENSING AND SIMILAR TRANSACTIONS,NEUTRAL,False
3238,IL,RH,-,PATENT VOID,PATENT VOID,H,IP RIGHT CESSATION,DEAD,False
3239,IL,RH1,-,PATENT NOT IN FORCE,PATENT NOT IN FORCE,H,IP RIGHT CESSATION,DEAD,False
3240,IL,TBA,,ADDITION OF INVENTOR'S NAME(S),ADDITION OF INVENTOR'S NAME(S),R,PARTY DATA CHANGE,NEUTRAL,False
3241,IT,0001,,GRANTED,BREVETTATA,F,IP RIGHT GRANT,NEUTRAL,False
3242,IT,0002,,REJECTED,RESPINTA,B,APPLICATION DISCONTINUATION,PENDING,False
3243,IT,0003,-,WITHDRAWN,RITIRATA,H,IP RIGHT CESSATION,DEAD,False
3244,IT,0004,,CONVERTED TO UTILITY MODEL,TRASFORMATA,F,IP RIGHT GRANT,NEUTRAL,False
3245,IT,FIT,,SUPPLEMENTARY PROTECTION CERTIFICATE FOR HERBICIDAL PRODUCTS: NO ACTION TAKEN,SUPPLEMENTARY PROTECTION CERTIFICATE FOR HERBICIDAL PRODUCTS: NO ACTION TAKEN,G,PROTECTION BEYOND IP RIGHT TERM,NEUTRAL,False
3246,IT,FITD,+,SUPPLEMENTARY PROTECTION CERTIFICATE FOR HERBICIDAL PRODUCTS: GRANTED,SUPPLEMENTARY PROTECTION CERTIFICATE FOR HERBICIDAL PRODUCTS: GRANTED,G,PROTECTION BEYOND IP RIGHT TERM,ALIVE,False
3247,IT,FITE,,SUPPLEMENTARY PROTECTION CERTIFICATE FOR HERBICIDAL PRODUCTS: INTERLOCUTARY REFUSAL,SUPPLEMENTARY PROTECTION CERTIFICATE FOR HERBICIDAL PRODUCTS: INTERLOCUTARY REFUSAL,G,PROTECTION BEYOND IP RIGHT TERM,NEUTRAL,False
3248,IT,FITG,-,SUPPLEMENTARY PROTECTION CERTIFICATE FOR HERBICIDAL PRODUCTS: DEFINITIVE REFUSAL,SUPPLEMENTARY PROTECTION CERTIFICATE FOR HERBICIDAL PRODUCTS: DEFINITIVE REFUSAL,G,PROTECTION BEYOND IP RIGHT TERM,NEUTRAL,False
3249,IT,ITCP,,COMPLEMENTARY PROTECTION CERTIFICATE,CERTIFICATO COMPLEMENTARE DI PROTEZIONE,,,NEUTRAL,False
3250,IT,MED,,SUPPLEMENTARY PROTECTION CERTIFICATE FOR PHARMACEUTICAL PRODUCTS: NO ACTION TAKEN,SUPPLEMENTARY PROTECTION CERTIFICATE FOR PHARMACEUTICAL PRODUCTS: NO ACTION TAKEN,G,PROTECTION BEYOND IP RIGHT TERM,NEUTRAL,False
3251,IT,MEDA,,SUPPLEMENTARY PROTECTION CERTIFICATE FOR PHARMACEUTICAL PRODUCTS: EXAMINED,SUPPLEMENTARY PROTECTION CERTIFICATE FOR PHARMACEUTICAL PRODUCTS: EXAMINED,,,NEUTRAL,False
3252,IT,MEDB,-,SUPPLEMENTARY PROTECTION CERTIFICATE FOR PHARMACEUTICAL PRODUCTS: SUSPENDED,SUPPLEMENTARY PROTECTION CERTIFICATE FOR PHARMACEUTICAL PRODUCTS: SUSPENDED,G,PROTECTION BEYOND IP RIGHT TERM,NEUTRAL,False
3253,IT,MEDD,+,SUPPLEMENTARY PROTECTION CERTIFICATE FOR PHARMACEUTICAL PRODUCTS: GRANTED,SUPPLEMENTARY PROTECTION CERTIFICATE FOR PHARMACEUTICAL PRODUCTS: GRANTED,G,PROTECTION BEYOND IP RIGHT TERM,ALIVE,False
3254,IT,MEDF,,SUPPLEMENTARY PROTECTION CERTIFICATE FOR PHARMACEUTICAL PRODUCTS: OFFICE REFUSAL,SUPPLEMENTARY PROTECTION CERTIFICATE FOR PHARMACEUTICAL PRODUCTS: OFFICE REFUSAL,,,NEUTRAL,False
3255,IT,MEDG,-,SUPPLEMENTARY PROTECTION CERTIFICATE FOR PHARMACEUTICAL PRODUCTS: DEFINITIVE REFUSAL,SUPPLEMENTARY PROTECTION CERTIFICATE FOR PHARMACEUTICAL PRODUCTS: DEFINITIVE REFUSAL,,,UNKNOWN,False
3256,IT,MEDI,,SUPPLEMENTARY PROTECTION CERTIFICATE FOR PHARMACEUTICAL PRODUCTS: COURT OF CASSATION,SUPPLEMENTARY PROTECTION CERTIFICATE FOR PHARMACEUTICAL PRODUCTS: COURT OF CASSATION,,,NEUTRAL,False
3257,IT,MEDM,-,SUPPLEMENTARY PROTECTION CERTIFICATE FOR PHARMACEUTICAL PRODUCTS: WITHDRAWAL OF SPC APPLICATION,SUPPLEMENTARY PROTECTION CERTIFICATE FOR PHARMACEUTICAL PRODUCTS: WITHDRAWAL OF SPC APPLICATION,G,PROTECTION BEYOND IP RIGHT TERM,DEAD,False
3258,IT,MEDP,-,SUPPLEMENTARY PROTECTION CERTIFICATE FOR PHARMACEUTICAL PRODUCTS: RENUNCIATION OF SPC,SUPPLEMENTARY PROTECTION CERTIFICATE FOR PHARMACEUTICAL PRODUCTS: RENUNCIATION OF SPC,,,DEAD,False
3259,IT,SPCF,+,SUPPLEMENTARY PROTECTION CERTIFICATE (SPC) FILED,[NO DESCRIPTION IN ORIGINAL LANGUAGE],G,PROTECTION BEYOND IP RIGHT TERM,NEUTRAL,False
3260,IT,SPCG,+,SUPPLEMENTARY PROTECTION CERTIFICATE (SPC) GRANTED,[NO DESCRIPTION IN ORIGINAL LANGUAGE],G,PROTECTION BEYOND IP RIGHT TERM,ALIVE,False
3261,IT,TA,,"FEE PAYMENT DATE (SITUATION AS OF EVENT DATE), DATA COLLECTED SINCE 19931001",DATA DEL PAGAMENTO (SITUAZIONE DI DATA PRS) COLLECTIONE DA 19931003,U,PAYMENT,NEUTRAL,False
3262,JP,A01,+,WRITTEN DECISION TO GRANT A PATENT OR TO GRANT A REGISTRATION (UTILITY MODEL),WRITTEN DECISION TO GRANT A PATENT OR TO GRANT A REGISTRATION (UTILITY MODEL),D,SEARCH AND EXAMINATION,ALIVE,True
3263,JP,A02,-,DECISION OF REFUSAL,DECISION OF REFUSAL,D,SEARCH AND EXAMINATION,PENDING,False
3264,JP,A045,-,WRITTEN MEASURE OF DISMISSAL OF APPLICATION [LAPSED DUE TO LACK OF PAYMENT],WRITTEN MEASURE OF DISMISSAL OF APPLICATION (REGISTRATION),B,APPLICATION DISCONTINUATION,DEAD,False
3265,JP,A072,-,DISMISSAL OF PROCEDURE [NO REPLY TO INVITATION TO CORRECT REQUEST FOR EXAMINATION],DISMISSAL OF PROCEDURE,D,SEARCH AND EXAMINATION,PENDING,False
3266,JP,A131,-,NOTIFICATION OF REASONS FOR REFUSAL,NOTIFICATION OF REASONS FOR REFUSAL,D,SEARCH AND EXAMINATION,PENDING,False
3267,JP,A256,-,WRITTEN NOTIFICATION OF CO-PENDING APPLICATION FILED ON THE SAME DATE BY DIFFERENT APPLICANTS,WRITTEN NOTIFICATION OF CO-PENDING APPLICATION FILED ON THE SAME DATE BY DIFFERENT APPLICANTS,W,OTHER,PENDING,False
3268,JP,A25B,,REQUEST FOR EXAMINATION REFUSED [DUE TO THE ABSENCE OF EXAMINATION REQUEST FOR ANOTHER APPLICATION DEEMED TO BE IDENTICAL],WRITTEN NOTIFICATION OF IMPOSSIBILITY TO EXAMINE BECAUSE OF NO REQUEST FOR PRECEDENT APPLICATION,D,SEARCH AND EXAMINATION,PENDING,False
3269,JP,A300,-,APPLICATION DEEMED TO BE WITHDRAWN BECAUSE NO REQUEST FOR EXAMINATION WAS VALIDLY FILED,WITHDRAWAL OF APPLICATION BECAUSE OF NO REQUEST FOR EXAMINATION,B,APPLICATION DISCONTINUATION,DEAD,False
3270,JP,A312,,SUSPENSION OF RETURNING,SUSPENSION OF RETURNING,D,SEARCH AND EXAMINATION,PENDING,False
3271,JP,A313,-,FINAL DECISION OF REJECTION WITHOUT A DISSENTING RESPONSE FROM THE APPLICANT,FINAL DECISION OF REJECTION WITHOUT A DISSENTING RESPONSE FROM THE APPLICANT,B,APPLICATION DISCONTINUATION,DEAD,False
3272,JP,A521,,REQUEST FOR WRITTEN AMENDMENT FILED,WRITTEN AMENDMENT,P,RE-PUBLICATION OF DOCUMENT AFTER MODIFICATION,PENDING,False
3273,JP,A524,,WRITTEN SUBMISSION OF COPY OF AMENDMENT UNDER ARTICLE 19 PCT,WRITTEN SUBMISSION OF COPY OF AMENDMENT UNDER SECTION 19 (PCT),P,RE-PUBLICATION OF DOCUMENT AFTER MODIFICATION,PENDING,False
3274,JP,A529,,WRITTEN SUBMISSION OF COPY OF AMENDMENT UNDER ARTICLE 34 PCT,WRITTEN SUBMISSION OF COPY OF AMENDMENT UNDER SECTION 34 (PCT),P,RE-PUBLICATION OF DOCUMENT AFTER MODIFICATION,PENDING,False
3275,JP,A59,,WRITTEN PLEA,WRITTEN PLEA,D,SEARCH AND EXAMINATION,PENDING,False
3276,JP,A601,,WRITTEN REQUEST FOR EXTENSION OF TIME,WRITTEN REQUEST FOR EXTENSION OF TIME,T,ADMINISTRATIVE PROCEDURE ADJUSTMENT,NEUTRAL,False
3277,JP,A602,,WRITTEN PERMISSION OF EXTENSION OF TIME,WRITTEN PERMISSION OF EXTENSION OF TIME,T,ADMINISTRATIVE PROCEDURE ADJUSTMENT,NEUTRAL,False
3278,JP,A603,,LATE REQUEST FOR EXTENSION OF TIME LIMIT DURING EXAMINATION,LATE REQUEST FOR EXTENSION OF TIME LIMIT DURING EXAMINATION,T,ADMINISTRATIVE PROCEDURE ADJUSTMENT,PENDING,False
3279,JP,A61,+,FIRST PAYMENT OF ANNUAL FEES (DURING GRANT PROCEDURE),FIRST PAYMENT OF ANNUAL FEES (DURING GRANT PROCEDURE),U,PAYMENT,ALIVE,False
3280,JP,A621,+,WRITTEN REQUEST FOR APPLICATION EXAMINATION,WRITTEN REQUEST FOR APPLICATION EXAMINATION,D,SEARCH AND EXAMINATION,PENDING,False
3281,JP,A623,,REGISTRABILITY REPORT,REGISTRABILITY REPORT,L,IP RIGHT REVIEW REQUEST,NEUTRAL,False
3282,JP,A624,,REGISTRABILITY REPORT (OTHER PERSON),REGISTRABILITY REPORT (OTHER PERSON),L,IP RIGHT REVIEW REQUEST,NEUTRAL,False
3283,JP,A625,,WRITTEN REQUEST FOR APPLICATION EXAMINATION (BY OTHER PERSON),WRITTEN REQUEST FOR APPLICATION EXAMINATION (BY OTHER PERSON),D,SEARCH AND EXAMINATION,PENDING,False
3284,JP,A711,,NOTIFICATION OF CHANGE IN APPLICANT,NOTIFICATION OF CHANGE IN APPLICANT,R,PARTY DATA CHANGE,NEUTRAL,False
3285,JP,A72,,NOTIFICATION OF CHANGE IN NAME OF APPLICANT,NOTIFICATION OF CHANGE IN NAME OF APPLICANT,R,PARTY DATA CHANGE,NEUTRAL,False
3286,JP,A761,-,WRITTEN WITHDRAWAL OF APPLICATION,WRITTEN WITHDRAWAL OF APPLICATION,B,APPLICATION DISCONTINUATION,DEAD,False
3287,JP,A762,-,WRITTEN ABANDONMENT OF APPLICATION,WRITTEN ABANDONMENT OF APPLICATION,B,APPLICATION DISCONTINUATION,DEAD,False
3288,JP,A764,,WRITTEN WITHDRAWAL OF PRIORITY CLAIM,WRITTEN WITHDRAWAL OF PRIORITY CLAIM,W,OTHER,NEUTRAL,False
3289,JP,A765,,WRITTEN ABANDONMENT OF PRIORITY CLAIM BASED ON THE PARIS CONVENTION FOR THE PROTECTION OF INDUSTRIAL PROPERTY,WRITTEN ABANDONMENT OF PRIORITY CLAIM BASED ON THE PARIS CONVENTION FOR THE PROTECTION OF INDUSTRIAL PROPERTY,W,OTHER,NEUTRAL,False
3290,JP,A80,,WRITTEN REQUEST TO APPLY EXCEPTIONS TO LACK OF NOVELTY OF INVENTION,WRITTEN REQUEST TO APPLY EXCEPTIONS TO LACK OF NOVELTY OF INVENTION,D,SEARCH AND EXAMINATION,PENDING,False
3291,JP,A87,,EXPLANATION OF CIRCUMSTANCES CONCERNING PREFERENTIAL EXAMINATION,EXPLANATION OF CIRCUMSTANCES CONCERNING PREFERENTIAL EXAMINATION,D,SEARCH AND EXAMINATION,PENDING,False
3292,JP,A871,,EXPLANATION OF CIRCUMSTANCES CONCERNING ACCELERATED EXAMINATION,EXPLANATION OF CIRCUMSTANCES CONCERNING ACCELERATED EXAMINATION,D,SEARCH AND EXAMINATION,PENDING,False
3293,JP,A911,,TRANSFER TO EXAMINER FOR RE-EXAMINATION BEFORE APPEAL (ZENCHI),TRANSFER OF RECONSIDERATION BY EXAMINER BEFORE APPEAL (ZENCHI),E,PRE-GRANT REVIEW REQUEST,PENDING,False
3294,JP,A912,-,RE-EXAMINATION (ZENCHI) COMPLETED AND CASE TRANSFERRED TO APPEAL BOARD,REMOVAL OF RECONSIDERATION BY EXAMINER BEFORE APPEAL (ZENCHI),E,PRE-GRANT REVIEW REQUEST,PENDING,False
3295,JP,A917,,REASON FOR REINSTATEMENT OF RIGHT TO FILE EXAMINATION REQUEST,REASON FOR REINSTATEMENT OF RIGHT TO FILE EXAMINATION REQUEST,D,SEARCH AND EXAMINATION,PENDING,False
3296,JP,A921,,ADMINISTRATIVE APPEAL,ADMINISTRATIVE APPEAL,V,APPEAL,NEUTRAL,False
3297,JP,A922,,WITHDRAWAL OF ADMINISTRATIVE APPEAL,WITHDRAWAL OF ADMINISTRATIVE APPEAL,V,APPEAL,NEUTRAL,False
3298,JP,A931,,DECISION (DECLINING) ON ADMINISTRATIVE APPEAL,DECISION (DECLINING) ON ADMINISTRATIVE APPEAL,V,APPEAL,NEUTRAL,False
3299,JP,A932,,DECISION (DISMISSAL) ON ADMINISTRATIVE APPEAL,DECISION (DISMISSAL) ON ADMINISTRATIVE APPEAL,V,APPEAL,NEUTRAL,False
3300,JP,A933,,DECISION (APPROVAL) ON ADMINISTRATIVE APPEAL,DECISION (APPROVAL) ON ADMINISTRATIVE APPEAL,,,NEUTRAL,False
3301,JP,A954,,DISMISSAL OF ADMINISTRATIVE APPEAL (2ND INSTANCE),DISMISSAL OF ADMINISTRATIVE APPEAL (2ND INSTANCE),V,APPEAL,NEUTRAL,False
3302,JP,A975,,REPORT ON ACCELERATED EXAMINATION,REPORT ON ACCELERATED EXAMINATION,D,SEARCH AND EXAMINATION,PENDING,False
3303,JP,A977,,REPORT ON RETRIEVAL,REPORT ON RETRIEVAL,D,SEARCH AND EXAMINATION,PENDING,False
3304,JP,AA00,,NOTIFICATION OF APPOINTMENT OF PATENT ADMINISTRATOR,NOTIFICATION OF APPOINTMENT OF PATENT ADMINISTRATOR,W,OTHER,NEUTRAL,False
3305,JP,AA23,+,NOTIFICATION OF UTILITY MODEL REGISTRABILITY,NOTIFICATION OF UTILITY MODEL REGISTRABILITY,,,UNKNOWN,False
3306,JP,AA31,,NOTIFICATION THAT NO TRANSLATION WAS SUBMITTED,NOTIFICATION THAT NO TRANSLATION WAS SUBMITTED,W,OTHER,NEUTRAL,False
3307,JP,AA64,,NOTIFICATION OF INVALIDATION OF CLAIM OF INTERNAL PRIORITY (WITH TERM),NOTIFICATION OF INVALIDATION OF CLAIM OF INTERNAL PRIORITY (WITH TERM),W,OTHER,NEUTRAL,False
3308,JP,AA79,,NON-DELIVERY OF PRIORITY DOCUMENT,NON-DELIVERY OF PRIORITY DOCUMENT,W,OTHER,NEUTRAL,False
3309,JP,AA91,-,NOTIFICATION THAT INVITATION TO AMEND DOCUMENT WAS CANCELLED,NOTIFICATION OF REVOCATION BY EX OFFICIO,P,RE-PUBLICATION OF DOCUMENT AFTER MODIFICATION,DEAD,False
3310,JP,AA92,-,NOTIFICATION THAT DECISION TO REFUSE APPLICATION WAS CANCELLED,NOTIFICATION OF INVALIDATION,D,SEARCH AND EXAMINATION,DEAD,False
3311,JP,ABAN,-,CANCELLATION DUE TO ABANDONMENT,CANCELLATION OF ABANDONMENT,H,IP RIGHT CESSATION,DEAD,False
3312,JP,AX71,,INTERRUPTION,INTERRUPTION,T,ADMINISTRATIVE PROCEDURE ADJUSTMENT,NEUTRAL,False
3313,JP,AX72,,REMOVAL OF INTERRUPTION,REMOVAL OF INTERRUPTION,T,ADMINISTRATIVE PROCEDURE ADJUSTMENT,NEUTRAL,False
3314,JP,C03,,TRIAL/APPEAL DECISION TAKEN,TRIAL/APPEAL DECISION,Z,CLASSIFICATION PENDING,NEUTRAL,False
3315,JP,C032,,NOTICE PRIOR TO DISMISSAL,NOTICE PRIOR TO DISMISSAL,Z,CLASSIFICATION PENDING,NEUTRAL,False
3316,JP,C04,,NOTICE OF CONCLUDING OF PROCEEDINGS,NOTICE OF CONCLUDING OF PROCEEDINGS,Z,CLASSIFICATION PENDING,NEUTRAL,False
3317,JP,C092,,TERMINATION OF RECONSIDERATION BY EXAMINERS BEFORE APPEAL PROCEEDINGS,TERMINATION OF RECONSIDERATION BY EXAMINERS BEFORE APPEAL PROCEEDINGS,Z,CLASSIFICATION PENDING,NEUTRAL,False
3318,JP,C10,,NOTICE OF REASONS FOR REVOCATION,NOTICE OF REASONS FOR REVOCATION,Z,CLASSIFICATION PENDING,NEUTRAL,False
3319,JP,C11,,WRITTEN INVITATION BY THE COMMISSIONER TO FILE AMENDMENTS,WRITTEN INVITATION OF AMENDMENT (REQUEST) (COMMISSIONER),Z,CLASSIFICATION PENDING,NEUTRAL,False
3320,JP,C116,,WRITTEN INVITATION BY THE CHIEF ADMINISTRATIVE JUDGE TO FILE AMENDMENTS,WRITTEN INVITATION OF AMENDMENT (REQUEST) (CHIEF ADMINISTRATIVE JUDGE),Z,CLASSIFICATION PENDING,NEUTRAL,False
3321,JP,C12,,WRITTEN INVITATION BY THE COMMISSIONER TO FILE INTERMEDIATE AMENDMENTS,WRITTEN INVITATION OF AMENDMENT (INTERMEDIATE) (COMMISSIONER),Z,CLASSIFICATION PENDING,NEUTRAL,False
3322,JP,C126,,WRITTEN INVITATION BY THE CHIEF ADMINISTRATIVE JUDGE TO FILE INTERMEDIATE AMENDMENTS,WRITTEN INVITATION OF AMENDMENT (INTERMEDIATE) (CHIEF ADMINISTRATIVE JUDGE),Z,CLASSIFICATION PENDING,NEUTRAL,False
3323,JP,C13,,NOTICE OF REASONS FOR REFUSAL,NOTICE OF REASONS FOR REFUSAL,Z,CLASSIFICATION PENDING,NEUTRAL,False
3324,JP,C131,,NOTICE OF REASONS FOR REJECTING A REQUEST FOR CORRECTION,NOTICE OF REASONS FOR REJECTING A REQUEST FOR CORRECTION,Z,CLASSIFICATION PENDING,NEUTRAL,False
3325,JP,C141,,INQUIRY BY THE ADMINISTRATIVE JUDGE,INQUIRY (ADMINISTRATIVE JUDGE),Z,CLASSIFICATION PENDING,NEUTRAL,False
3326,JP,C16,,DECISION ON OPPOSITION TAKEN,DECISION ON OPPOSITION,Z,CLASSIFICATION PENDING,NEUTRAL,False
3327,JP,C17,,DUPLICATES OF REQUEST FOR TRIAL SENT TO PATENT OWNER WITH INVITATION TO REPLY,NOTICE OF SERVICE OF DUPLICATES OF A WRITTEN REQUEST (INVITATION TO REPLY),Z,CLASSIFICATION PENDING,NEUTRAL,False
3328,JP,C171,,NOTICE THAT DUPLICATES OF A WRITTEN REPLY WERE DISPATCHED WITH INVITATION TO REFUTATION,NOTICE OF DISPATCH OF DUPLICATES OF A WRITTEN REPLY (INVITATION TO REFUTATION),Z,CLASSIFICATION PENDING,NEUTRAL,False
3329,JP,C173,,NOTICE THAT DUPLICATES OF A WRITTEN REQUEST FOR CORRECTION WERE DISPATCHED WITH INVITATION TO REFUTATION,NOTICE OF DISPATCH OF DUPLICATES OF A WRITTEN REQUEST FOR CORRECTION (INVITATION TO REFUTATION),Z,CLASSIFICATION PENDING,NEUTRAL,False
3330,JP,C18,,NOTICE THAT DUPLICATES OF A WRITTEN OPPOSITION WERE DISPATCHED TO PATENT OWNER,NOTICE OF DISPATCH OF DUPLICATES OF A WRITTEN OPPOSITION,Z,CLASSIFICATION PENDING,NEUTRAL,False
3331,JP,C18A,,NOTICE THAT DUPLICATES OF A WRITTEN REPLY OF PATENT OWNER TO OPPOSITION REQUEST WERE DISPATCHED TO OPPONENT,NOTICE OF DISPATCH OF DUPLICATES OF A WRITTEN REPLY,Z,CLASSIFICATION PENDING,NEUTRAL,False
3332,JP,C18B,,NOTICE THAT DUPLICATES OF A WRITTEN STATEMENT OF RIGHT HOLDER WERE DISPATCHED TO OPPONENT,NOTICE OF DISPATCH OF DUPLICATES OF A WRITTEN STATEMENT,Z,CLASSIFICATION PENDING,NEUTRAL,False
3333,JP,C18C,,NOTICE THAT DUPLICATES OF ORAL PROCEEDINGS STATEMENT BRIEF WERE DISPATCHED,NOTICE OF DISPATCH OF DUPLICATES OF ORAL PROCEEDINGS STATEMENT BRIEF,Z,CLASSIFICATION PENDING,NEUTRAL,False
3334,JP,C18D,,NOTICE THAT DUPLICATES OF A WRITTEN REFUTATION WERE DISPATCHED,NOTICE OF DISPATCH OF DUPLICATES OF A WRITTEN REFUTATION,Z,CLASSIFICATION PENDING,NEUTRAL,False
3335,JP,C18E,,NOTICE THAT DUPLICATES OF A WRITTEN REQUEST FOR CORRECTION WERE DISPATCHED,NOTICE OF DISPATCH OF DUPLICATES OF A WRITTEN REQUEST FOR CORRECTION,Z,CLASSIFICATION PENDING,NEUTRAL,False
3336,JP,C18F,,NOTICE THAT DUPLICATES OF A WRITTEN REFUTATION WERE DISPATCHED,NOTICE OF DISPATCH OF DUPLICATES OF A WRITTEN REFUTATION,Z,CLASSIFICATION PENDING,NEUTRAL,False
3337,JP,C19,,DECISION TAKEN TO DISMISS AMENDMENT,DECISION OF DISMISSAL OF AMENDMENT,Z,CLASSIFICATION PENDING,NEUTRAL,False
3338,JP,C21,,NOTICE OF TRANSFER OF A CASE FOR RECONSIDERATION BY EXAMINERS BEFORE APPEAL PROCEEDINGS,NOTICE OF TRANSFER OF A CASE FOR RECONSIDERATION BY EXAMINERS BEFORE APPEAL PROCEEDINGS,Z,CLASSIFICATION PENDING,NEUTRAL,False
3339,JP,C211,,NOTICE OF TERMINATION OF RECONSIDERATION BY EXAMINERS BEFORE APPEAL PROCEEDINGS,NOTICE OF TERMINATION OF RECONSIDERATION BY EXAMINERS BEFORE APPEAL PROCEEDINGS,Z,CLASSIFICATION PENDING,NEUTRAL,False
3340,JP,C22,,NOTICE OF DESIGNATION (CHANGE) OF ADMINISTRATIVE JUDGE,NOTICE OF DESIGNATION (CHANGE) OF ADMINISTRATIVE JUDGE,Z,CLASSIFICATION PENDING,NEUTRAL,False
3341,JP,C23,,NOTICE OF TERMINATION OF PROCEEDINGS,NOTICE OF CONCLUDING OF PROCEEDINGS,Z,CLASSIFICATION PENDING,NEUTRAL,False
3342,JP,C232,,NOTICE OF DOCUMENTARY PROCEEDINGS,NOTICE OF DOCUMENTARY PROCEEDINGS,Z,CLASSIFICATION PENDING,NEUTRAL,False
3343,JP,C234,,NOTICE OF SUSPENSION,NOTICE OF SUSPENSION,Z,CLASSIFICATION PENDING,NEUTRAL,False
3344,JP,C236,,NOTICE OF CONSOLIDATION OF PROCEEDINGS,NOTICE OF CONSOLIDATION OF PROCEEDINGS,Z,CLASSIFICATION PENDING,NEUTRAL,False
3345,JP,C237,,NOTICE OF CONSOLIDATION/SEPARATION OF PROCEEDINGS,NOTICE OF CONSOLIDATION/SEPARATION OF PROCEEDINGS,Z,CLASSIFICATION PENDING,NEUTRAL,False
3346,JP,C23A,,NOTICE REFERRING TO THE PROCEEDINGS,NOTICE OF PROCEEDINGS MATTERS,Z,CLASSIFICATION PENDING,NEUTRAL,False
3347,JP,C272,,NOTICE OF EX OFFICIO CORRECTION,NOTICE OF EX OFFICIO CORRECTION,Z,CLASSIFICATION PENDING,NEUTRAL,False
3348,JP,C27A,,DECISION TO DISMISS,DECISION TO DISMISS,Z,CLASSIFICATION PENDING,NEUTRAL,False
3349,JP,C27B,,"NOTICE OF SUBMISSION OF PUBLICATIONS, ETC. [THIRD PARTY OBSERVATIONS]","NOTICE OF SUBMISSION OF PUBLICATIONS, ETC.",Z,CLASSIFICATION PENDING,PENDING,False
3350,JP,C27C,,WRITTEN ANSWER OF APPLICANT AFTER AN ORAL PROCEEDING,WRITTEN ANSWER TO ASKING,Z,CLASSIFICATION PENDING,NEUTRAL,False
3351,JP,C281,,NOTICE OF SPECIAL SERVICE (OTHERS),NOTICE OF SPECIAL SERVICE (OTHERS),Z,CLASSIFICATION PENDING,NEUTRAL,False
3352,JP,C28A,,NON-PATENT DOCUMENT CITED,CITED NON-PATENT DOCUMENT,Z,CLASSIFICATION PENDING,NEUTRAL,False
3353,JP,C28B,,NOTICE WITH TIME LIMIT (OTHERS),NOTICE WITH TIME LIMIT (OTHERS),Z,CLASSIFICATION PENDING,NEUTRAL,False
3354,JP,C30,,PROTOCOL OF AN ORAL HEARING,RECORD OF INTERVIEW,Z,CLASSIFICATION PENDING,NEUTRAL,False
3355,JP,C302,,RECORD OF COMMUNICATION,RECORD OF COMMUNICATION,Z,CLASSIFICATION PENDING,NEUTRAL,False
3356,JP,C305,,REPORT ON ACCELERATED APPEAL EXAMINATION,REPORT ON ACCELERATED APPEAL EXAMINATION,Z,CLASSIFICATION PENDING,PENDING,False
3357,JP,C30A,,NOTIFICATION SENT,REPORT OF SERVICE BY MAIL,Z,CLASSIFICATION PENDING,NEUTRAL,False
3358,JP,C54,,WRITTEN RESPONSE TO INQUIRY,WRITTEN RESPONSE TO INQUIRY,Z,CLASSIFICATION PENDING,NEUTRAL,False
3359,JP,C60,,"TRIAL REQUEST (CONTAINING OTHER CLAIM DOCUMENTS, OPPOSITION DOCUMENTS)","TRIAL REQUEST (CONTAINS OTHER CLAIM DOCUMENTS, OPPOSITION DOCUMENTS)",Z,CLASSIFICATION PENDING,NEUTRAL,False
3360,JP,C609,,WRITTEN WITHDRAWAL OF REQUEST FOR TRIAL/APPEAL,WRITTEN WITHDRAWAL OF REQUEST FOR TRIAL/APPEAL,Z,CLASSIFICATION PENDING,NEUTRAL,False
3361,JP,C65A,,ORAL PROCEEDINGS STATEMENT BRIEF,ORAL PROCEEDINGS STATEMENT BRIEF,Z,CLASSIFICATION PENDING,NEUTRAL,False
3362,JP,C876,,EXPLANATION WHY REQUEST FOR ACCELERATED APPEAL EXAMINATION IS JUSTIFIED,WRITTEN DESCRIPTION OF CIRCUMSTANCES REGARDING ACCELERATED APPEAL EXAMINATION,Z,CLASSIFICATION PENDING,PENDING,False
3363,JP,CANC,-,CANCELLATION OF A RIGHT AFTER REGISTRATION,CANCELLATION OF A RIGHT AFTER REGISTRATION,H,IP RIGHT CESSATION,DEAD,False
3364,JP,EXPY,-,CANCELLATION BECAUSE OF COMPLETION OF TERM,CANCELLATION BECAUSE OF COMPLETION OF TERM,H,IP RIGHT CESSATION,DEAD,False
3365,JP,FPAY,+,RENEWAL FEE PAYMENT (EVENT DATE IS RENEWAL DATE OF DATABASE),RENEWAL FEE PAYMENT (EVENT DATE IS RENEWAL DATE OF DATABASE),U,PAYMENT,ALIVE,False
3366,JP,LAPF,-,CANCELLATION BECAUSE OF NO PAYMENT OF DEFERRING PATENT OR REGISTRATION FEES,CANCELLATION BECAUSE OF NO PAYMENT OF DEFERRING PATENT OR REGISTRATION FEES,H,IP RIGHT CESSATION,DEAD,False
3367,JP,LAPS,-,CANCELLATION BECAUSE OF NO PAYMENT OF ANNUAL FEES,CANCELLATION BECAUSE OF NO PAYMENT OF ANNUAL FEES,H,IP RIGHT CESSATION,DEAD,False
3368,JP,R150,+,CERTIFICATE OF PATENT OR REGISTRATION OF UTILITY MODEL,CERTIFICATE OF PATENT OR REGISTRATION OF UTILITY MODEL,F,IP RIGHT GRANT,ALIVE,False
3369,JP,R151,+,WRITTEN NOTIFICATION OF PATENT OR UTILITY MODEL REGISTRATION,WRITTEN NOTIFICATION OF PATENT OR UTILITY MODEL REGISTRATION,F,IP RIGHT GRANT,ALIVE,False
3370,JP,R153,+,GRANT OF PATENT TERM EXTENSION,WRITTEN NOTIFICATION OF REGISTRATION FOR EXTENSION OF PATENT TERM,G,PROTECTION BEYOND IP RIGHT TERM,ALIVE,True
3371,JP,R154,+,CERTIFICATE OF PATENT OR UTILITY MODEL (REISSUE),CERTIFICATE OF PATENT OR UTILTIY MODEL (REISSUE),F,IP RIGHT GRANT,ALIVE,False
3372,JP,R155,-,NOTIFICATION BEFORE DISPOSITION OF DECLINING OF APPLICATION,NOTIFICATION BEFORE DISPOSITION OF DECLINING OF APPLICATION,T,ADMINISTRATIVE PROCEDURE ADJUSTMENT,PENDING,False
3373,JP,R157,,CERTIFICATE OF PATENT OR UTILITY MODEL (CORRECTION),CERTIFICATE OF PATENT OR UTILITY MODEL (CORRECTION),Y,CORRECTION AND DELETION OF EVENT INFORMATION,NEUTRAL,False
3374,JP,R230,-,WRITTEN CORRECTION (DELETION OF CLAIMS),WRITTEN CORRECTION (DELETION OF CLAIMS),P,RE-PUBLICATION OF DOCUMENT AFTER MODIFICATION,PENDING,False
3375,JP,R231,,"WRITTEN CORRECTION (DESCRIPTIONS, ETC.)","WRITTEN CORRECTION (DESCRIPTIONS, ETC.)",P,RE-PUBLICATION OF DOCUMENT AFTER MODIFICATION,PENDING,False
3376,JP,R250,+,RECEIPT OF ANNUAL FEES,RECEIPT OF ANNUAL FEES (INSTALLMENT PAYMENT),U,PAYMENT,UNKNOWN,False
3377,JP,R255,,NOTIFICATION THAT REQUEST FOR AUTOMATED PAYMENT WAS REJECTED,NOTIFICATION OF EXCLUSION FROM APPLICATION,U,PAYMENT,NEUTRAL,False
3378,JP,R350,,WRITTEN NOTIFICATION OF REGISTRATION OF TRANSFER,WRITTEN NOTIFICATION OF REGISTRATION OF TRANSFER,R,PARTY DATA CHANGE,NEUTRAL,False
3379,JP,R360,,WRITTEN NOTIFICATION FOR DECLINING OF TRANSFER OF RIGHTS,WRITTEN NOTIFICATION FOR DECLINING OF TRANSFER OF RIGHTS,R,PARTY DATA CHANGE,NEUTRAL,False
3380,JP,R370,,WRITTEN MEASURE OF DECLINING OF TRANSFER PROCEDURE,WRITTEN MEASURE OF DECLINING OF TRANSFER PROCEDURE,R,PARTY DATA CHANGE,NEUTRAL,False
3381,JP,R371,,TRANSFER WITHDRAWN,TRANSFER WITHDRAWN,R,PARTY DATA CHANGE,NEUTRAL,False
3382,JP,R92,-,NOTIFICATION OF INVALIDATION,NOTIFICATION OF INVALIDATION,H,IP RIGHT CESSATION,DEAD,False
3383,JP,R94,,NOTICE OF RETURN (TRANSFER),NOTICE OF RETURN (TRANSFER),Z,CLASSIFICATION PENDING,NEUTRAL,False
3384,JP,RD01,,NOTIFICATION OF CHANGE OF ATTORNEY,NOTIFICATION OF CHANGE OF ATTORNEY,R,PARTY DATA CHANGE,NEUTRAL,False
3385,JP,RD02,,NOTIFICATION OF ACCEPTANCE OF POWER OF ATTORNEY,NOTIFICATION OF ACCEPTANCE OF POWER OF ATTORNEY,R,PARTY DATA CHANGE,NEUTRAL,False
3386,JP,RD03,,NOTIFICATION OF APPOINTMENT OF POWER OF ATTORNEY,NOTIFICATION OF APPOINTMENT OF POWER OF ATTORNEY,R,PARTY DATA CHANGE,NEUTRAL,False
3387,JP,RD04,,NOTIFICATION OF RESIGNATION OF POWER OF ATTORNEY,NOTIFICATION OF RESIGNATION OF POWER OF ATTORNEY,R,PARTY DATA CHANGE,NEUTRAL,False
3388,JP,RD05,,NOTIFICATION OF REVOCATION OF POWER OF ATTORNEY,NOTIFICATION OF REVOCATION OF POWER OF ATTORNEY,R,PARTY DATA CHANGE,NEUTRAL,False
3389,JP,RD07,,NOTIFICATION OF EXTINGUISHMENT OF POWER OF ATTORNEY,NOTIFICATION OF EXTINGUISHMENT OF POWER OF ATTORNEY,R,PARTY DATA CHANGE,NEUTRAL,False
3390,JP,RD12,,NOTIFICATION OF ACCEPTANCE OF POWER OF SUB ATTORNEY,NOTIFICATION OF ACCEPTANCE OF POWER OF SUB ATTORNEY,R,PARTY DATA CHANGE,NEUTRAL,False
3391,JP,RD13,,NOTIFICATION OF APPOINTMENT OF POWER OF SUB ATTORNEY,NOTIFICATION OF APPOINTMENT OF POWER OF SUB ATTORNEY,R,PARTY DATA CHANGE,NEUTRAL,False
3392,JP,RD14,,NOTIFICATION OF RESIGNATION OF POWER OF SUB ATTORNEY,NOTIFICATION OF RESIGNATION OF POWER OF SUB ATTORNEY,R,PARTY DATA CHANGE,NEUTRAL,False
3393,JP,RD15,,NOTIFICATION OF REVOCATION OF POWER OF SUB ATTORNEY,NOTIFICATION OF REVOCATION OF POWER OF SUB ATTORNEY,R,PARTY DATA CHANGE,NEUTRAL,False
3394,JP,RD16,,NOTIFICATION OF CHANGE OF POWER OF SUB ATTORNEY,NOTIFICATION OF CHANGE OF POWER OF SUB ATTORNEY,R,PARTY DATA CHANGE,NEUTRAL,False
3395,JP,RD17,,NOTIFICATION OF EXTINGUISHMENT OF POWER OF SUB ATTORNEY,NOTIFICATION OF EXTINGUISHMENT OF POWER OF SUB ATTORNEY,R,PARTY DATA CHANGE,NEUTRAL,False
3396,JP,RD99,+,WRITTEN REQUEST FOR REGISTRATION OF RESTORE,WRITTEN REQUEST FOR REGISTRATION OF RESTORE,R,PARTY DATA CHANGE,UNKNOWN,False
3397,JP,RG99,,WRITTEN REQUEST FOR PROVISIONAL REGISTRATION,WRITTEN REQUEST FOR PROVISIONAL REGISTRATION,R,PARTY DATA CHANGE,NEUTRAL,False
3398,JP,RI99,,WRITTEN NOTIFICATION (MORTGAGE OF FACTORY),WRITTEN NOTIFICATION (MORTGAGE OF FACTORY),S,INFORMATION ON LICENSING AND SIMILAR TRANSACTIONS,NEUTRAL,False
3399,JP,RVAP,-,CANCELLATION OF A RIGHT AFTER REGISTRATION BECAUSE OF MISSING APPLICATION OR INVALIDATION OF APPLICATION,CANCELLATION OF A RIGHT AFTER REGISTRATION BECAUSE OF MISSING APPLICATION OR INVALIDATION OF APPLICATION,,,DEAD,False
3400,JP,RVOP,-,CANCELLATION BY POST-GRANT OPPOSITION,CANCELLATION BY POST-GRANT OPPOSITION,H,IP RIGHT CESSATION,DEAD,False
3401,JP,RVTR,-,CANCELLATION DUE TO DETERMINATION OF TRIAL FOR INVALIDATION,CANCELLATION OF DETERMINATION OF TRIAL FOR INVALIDATION,H,IP RIGHT CESSATION,DEAD,False
3402,JP,S111,,REQUEST FOR CHANGE OF OWNERSHIP OR PART OF OWNERSHIP,REQUEST FOR CHANGE OF OWNERSHIP OR PART OF OWNERSHIP,R,PARTY DATA CHANGE,NEUTRAL,False
3403,JP,S131,,REQUEST FOR TRUST REGISTRATION OF TRANSFER OF RIGHT,REQUEST FOR TRUST REGISTRATION OF TRANSFER OF RIGHT,R,PARTY DATA CHANGE,NEUTRAL,False
3404,JP,S199,,WRITTEN REQUEST FOR REGISTRATION OF TRANSFER OF RIGHT,WRITTEN REQUEST FOR REGISTRATION OF TRANSFER OF RIGHT,R,PARTY DATA CHANGE,NEUTRAL,False
3405,JP,S201,,REQUEST FOR REGISTRATION OF EXCLUSIVE LICENCE,REQUEST FOR REGISTRATION OF EXCLUSIVE LICENCE,S,INFORMATION ON LICENSING AND SIMILAR TRANSACTIONS,NEUTRAL,False
3406,JP,S202,,REQUEST FOR REGISTRATION OF NON-EXCLUSIVE LICENCE,REQUEST FOR REGISTRATION OF NON-EXCLUSIVE LICENCE,S,INFORMATION ON LICENSING AND SIMILAR TRANSACTIONS,NEUTRAL,False
3407,JP,S211,,WRITTEN REQUEST FOR REGISTRATION OF TRANSFER OF EXCLUSIVE LICENCE,WRITTEN REQUEST FOR REGISTRATION OF TRANSFER OF EXCLUSIVE LICENCE,S,INFORMATION ON LICENSING AND SIMILAR TRANSACTIONS,NEUTRAL,False
3408,JP,S212,,WRITTEN REQUEST FOR REGISTRATION OF TRANSFER OF NON-EXCLUSIVE LICENCE,WRITTEN REQUEST FOR REGISTRATION OF TRANSFER OF NON-EXCLUSIVE LICENCE,S,INFORMATION ON LICENSING AND SIMILAR TRANSACTIONS,NEUTRAL,False
3409,JP,S221,,WRITTEN REQUEST FOR REGISTRATION OF CHANGE OF EXCLUSIVE LICENCE,WRITTEN REQUEST FOR REGISTRATION OF CHANGE OF EXCLUSIVE LICENCE,S,INFORMATION ON LICENSING AND SIMILAR TRANSACTIONS,NEUTRAL,False
3410,JP,S222,,WRITTEN REQUEST FOR REGISTRATION OF CHANGE OF NON-EXCLUSIVE LICENCE,WRITTEN REQUEST FOR REGISTRATION OF CHANGE OF NON-EXCLUSIVE LICENCE,S,INFORMATION ON LICENSING AND SIMILAR TRANSACTIONS,NEUTRAL,False
3411,JP,S231,,"WRITTEN CORRECTION (DESCRIPTIONS, ETC.)","WRITTEN CORRECTION (DESCRIPTIONS, ETC.)",,,NEUTRAL,False
3412,JP,S303,,WRITTEN REQUEST FOR REGISTRATION OF PLEDGE OR CHANGE OF PLEDGE,WRITTEN REQUEST FOR REGISTRATION OF PLEDGE,S,INFORMATION ON LICENSING AND SIMILAR TRANSACTIONS,NEUTRAL,False
3413,JP,S321,,WRITTEN REQUEST FOR REGISTRATION OF CHANGE IN PLEDGE AGREEMENT,WRITTEN REQUEST FOR REGISTRATION OF CHANGE IN PLEDGE AGREEMENT,S,INFORMATION ON LICENSING AND SIMILAR TRANSACTIONS,NEUTRAL,False
3414,JP,S343,,WRITTEN REQUEST FOR REGISTRATION OF ROOT PLEDGE OR CHANGE OF ROOT PLEDGE,WRITTEN REQUEST FOR REGISTRATION OF ROOT PLEDGE OR CHANGE OF ROOT PLEDGE,S,INFORMATION ON LICENSING AND SIMILAR TRANSACTIONS,NEUTRAL,False
3415,JP,S350,,WRITTEN NOTIFICATION OF REGISTRATION OF TRANSFER,WRITTEN NOTIFICATION OF REGISTRATION OF TRANSFER,,,NEUTRAL,False
3416,JP,S531,,WRITTEN REQUEST FOR REGISTRATION OF CHANGE OF DOMICILE,WRITTEN REQUEST FOR REGISTRATION OF CHANGE OF DOMICILE,R,PARTY DATA CHANGE,NEUTRAL,False
3417,JP,S533,,WRITTEN REQUEST FOR REGISTRATION OF CHANGE OF NAME,WRITTEN REQUEST FOR REGISTRATION OF CHANGE OF NAME,R,PARTY DATA CHANGE,NEUTRAL,False
3418,JP,S534,,WRITTEN REQUEST FOR REGISTRATION OF CHANGE OF NATIONALITY,WRITTEN REQUEST FOR REGISTRATION OF CHANGE OF NATIONALITY,R,PARTY DATA CHANGE,NEUTRAL,False
3419,JP,S631,,WRITTEN REQUEST FOR REGISTRATION OF RECLAMATION OF DOMICILE,WRITTEN REQUEST FOR REGISTRATION OF RECLAMATION OF DOMICILE,R,PARTY DATA CHANGE,NEUTRAL,False
3420,JP,S633,,WRITTEN REQUEST FOR REGISTRATION OF RECLAMATION OF NAME,WRITTEN REQUEST FOR REGISTRATION OF RECLAMATION OF NAME,R,PARTY DATA CHANGE,NEUTRAL,False
3421,JP,S634,,WRITTEN REQUEST FOR REGISTRATION OF RECLAMATION OF NATIONALITY,WRITTEN REQUEST FOR REGISTRATION OF RECLAMATION OF NATIONALITY,R,PARTY DATA CHANGE,NEUTRAL,False
3422,JP,S801,-,WRITTEN REQUEST FOR REGISTRATION OF ABANDONMENT OF RIGHT,WRITTEN REQUEST FOR REGISTRATION OF ABANDONMENT OF RIGHT,L,IP RIGHT REVIEW REQUEST,UNKNOWN,False
3423,JP,S802,-,WRITTEN REQUEST FOR REGISTRATION OF PARTIAL ABANDONMENT OF RIGHT,WRITTEN REQUEST FOR REGISTRATION OF PARTIAL ABANDONMENT OF RIGHT,L,IP RIGHT REVIEW REQUEST,UNKNOWN,False
3424,JP,S803,-,WRITTEN REQUEST FOR REGISTRATION OF CANCELLATION OF PROVISIONAL REGISTRATION,WRITTEN REQUEST FOR REGISTRATION OF CANCELLATION OF PROVISIONAL REGISTRATION,R,PARTY DATA CHANGE,DEAD,False
3425,JP,S804,,WRITTEN REQUEST FOR REGISTRATION OF CANCELLATION OF EXCLUSIVE LICENCE,WRITTEN REQUEST FOR REGISTRATION OF CANCELLATION OF EXCLUSIVE LICENCE,S,INFORMATION ON LICENSING AND SIMILAR TRANSACTIONS,NEUTRAL,False
3426,JP,S805,,WRITTEN REQUEST FOR REGISTRATION OF CANCELLATION OF NON-EXCLUSIVE LICENCE,WRITTEN REQUEST FOR REGISTRATION OF CANCELLATION OF NON-EXCLUSIVE LICENCE,S,INFORMATION ON LICENSING AND SIMILAR TRANSACTIONS,NEUTRAL,False
3427,JP,S843,,WRITTEN REQUEST FOR TRUST REGISTRATION OF CANCELLATION OF ROOT PLEDGE,WRITTEN REQUEST FOR TRUST REGISTRATION OF CANCELLATION OF ROOT PLEDGE (CANCELLATION OF AGREEMENT),S,INFORMATION ON LICENSING AND SIMILAR TRANSACTIONS,NEUTRAL,False
3428,JP,SG99,+,WRITTEN REQUEST FOR REGISTRATION OF RESTORE,WRITTEN REQUEST FOR REGISTRATION OF RESTORE,S,INFORMATION ON LICENSING AND SIMILAR TRANSACTIONS,UNKNOWN,False
3429,JP,SZ02,,WRITTEN REQUEST FOR TRUST REGISTRATION,WRITTEN REQUEST FOR TRUST REGISTRATION,R,PARTY DATA CHANGE,NEUTRAL,False
3430,JP,SZ03,,WRITTEN REQUEST FOR CANCELLATION OF TRUST REGISTRATION,WRITTEN REQUEST FOR CANCELLATION OF TRUST REGISTRATION,R,PARTY DATA CHANGE,NEUTRAL,False
3431,JP,T131,,PATENT TERM EXTENSION: NOTIFICATION OF REASONS FOR REFUSAL,[NO DESCRIPTION IN ORIGINAL LANGUAGE],G,PROTECTION BEYOND IP RIGHT TERM,NEUTRAL,False
3432,JP,T27A,,PATENT TERM EXTENSION: DECISION TO DISMISS,[NO ORIGINAL LANGUAGE PROVIDED],Z,CLASSIFICATION PENDING,NEUTRAL,False
3433,JP,T313,,PATENT TERM EXTENSION: FINAL DECISION OF REJECTION WITHOUT A DISSENTING RESPONSE FROM THE APPLICANT,[NO DESCRIPTION IN ORIGINAL LANGUAGE],G,PROTECTION BEYOND IP RIGHT TERM,NEUTRAL,False
3434,JP,T521,,PATENT TERM EXTENSION: WRITTEN AMENDMENT,[NO DESCRIPTION IN ORIGINAL LANGUAGE],G,PROTECTION BEYOND IP RIGHT TERM,NEUTRAL,False
3435,JP,T601,,PATENT TERM EXTENSION: WRITTEN REQUEST FOR EXTENSION OF TIME,[NO DESCRIPTION IN ORIGINAL LANGUAGE],G,PROTECTION BEYOND IP RIGHT TERM,NEUTRAL,False
3436,JP,T602,,PATENT TERM EXTENSION: WRITTEN PERMISSION OF EXTENSION OF TIME,[NO DESCRIPTION IN ORIGINAL LANGUAGE],G,PROTECTION BEYOND IP RIGHT TERM,NEUTRAL,False
3437,JP,T761,,PATENT TERM EXTENSION: WRITTEN WITHDRAWAL OF APPLICATION,[NO DESCRIPTION IN ORIGINAL LANGUAGE],G,PROTECTION BEYOND IP RIGHT TERM,PENDING,False
3438,JP,TA01,,PATENT TERM EXTENSION: WRITTEN DECISION TO GRANT,[NO DESCRIPTION IN ORIGINAL LANGUAGE],G,PROTECTION BEYOND IP RIGHT TERM,NEUTRAL,True
3439,JP,TA02,,PATENT TERM EXTENSION: DECISION OF REFUSAL,[NO DESCRIPTION IN ORIGINAL LANGUAGE],G,PROTECTION BEYOND IP RIGHT TERM,NEUTRAL,False
3440,JP,TA72,,PATENT TERM EXTENSION: NOTIFICATION OF CHANGE IN NAME OF APPLICANT,[NO DESCRIPTION IN ORIGINAL LANGUAGE],G,PROTECTION BEYOND IP RIGHT TERM,NEUTRAL,False
3441,JP,TA92,-,PATENT TERM EXTENSION: NOTIFICATION THAT DECISION TO REFUSE APPLICATION WAS CANCELLED,[NO ORIGINAL LANGUAGE PROVIDED],D,SEARCH AND EXAMINATION,DEAD,False
3442,JP,TC03,,PATENT TERM EXTENSION: Trial/Appeal decision taken,[NO DESCRIPTION IN ORIGINAL LANGUAGE],W,OTHER,NEUTRAL,False
3443,JP,TC13,,PATENT TERM EXTENSION: Notice of Reasons for Refusal,[NO DESCRIPTION IN ORIGINAL LANGUAGE],W,OTHER,NEUTRAL,False
3444,JP,TC16,,PATENT TERM EXTENSION: WRITTEN INVITATION BY THE CHIEF ADMINISTRATIVE JUDGE TO FILE AMENDMENTS,[NO ORIGINAL LANGUAGE PROVIDED],Z,CLASSIFICATION PENDING,NEUTRAL,False
3445,JP,TC22,,PATENT TERM EXTENSION: Notice of Designation (Change) of Administrative Judge,[NO DESCRIPTION IN ORIGINAL LANGUAGE],W,OTHER,NEUTRAL,False
3446,JP,TC23,,PATENT TERM EXTENSION: Notice of termination of proceedings,[NO DESCRIPTION IN ORIGINAL LANGUAGE],W,OTHER,NEUTRAL,False
3447,JP,TC30,,PATENT TERM EXTENSION: Protocol of an oral hearing,[NO DESCRIPTION IN ORIGINAL LANGUAGE],W,OTHER,NEUTRAL,False
3448,JP,TC32,,PATENT TERM EXTENSION: NOTICE PRIOR TO DISMISSAL,[NO ORIGINAL DESCRIPTION PROVIDED],R,PARTY DATA CHANGE,NEUTRAL,False
3449,JP,TC3A,,NOTIFICATION SENT,REPORT OF SERVICE BY MAIL,,,NEUTRAL,False
3450,JP,TC60,,"PATENT TERM EXTENSION: TRIAL REQUEST (CONTAINING OTHER CLAIM DOCUMENTS, OPPOSITION DOCUMENTS)",[NO ORIGINAL LANGUAGE PROVIDED],Z,CLASSIFICATION PENDING,NEUTRAL,False
3451,JP,TC72,,PATENT TERM EXTENSION: NOTICE OF EX OFFICIO CORRECTION,[NO DESCRIPTION IN ORIGINAL LANGUAGE],Z,CLASSIFICATION PENDING,NEUTRAL,False
3452,JP,TD02,,PATENT TERM EXTENSION: NOTIFICATION OF ACCEPTANCE OF POWER OF ATTORNEY,[NO DESCRIPTION IN ORIGINAL LANGUAGE],W,OTHER,NEUTRAL,False
3453,JP,TD03,,PATENT TERM EXTENSION: NOTIFICATION OF APPOINTMENT OF POWER OF ATTORNEY,[NO DESCRIPTION IN ORIGINAL LANGUAGE],R,PARTY DATA CHANGE,NEUTRAL,False
3454,JP,TD04,,PATENT TERM EXTENSION: NOTIFICATION OF RESIGNATION OF POWER OF ATTORNEY,[NO DESCRIPTION IN ORIGINAL LANGUAGE],W,OTHER,NEUTRAL,False
3455,JP,TD07,,PATENT TERM EXTENSION: NOTIFICATION OF EXTINGUISHMENT OF POWER OF ATTORNEY,[NO DESCRIPTION IN ORIGINAL LANGUAGE],R,PARTY DATA CHANGE,NEUTRAL,False
3456,JP,TRDD,+,DECISION OF GRANT OR REJECTION WRITTEN,DECISION OF GRANT OR REJECTION WRITTEN,Z,CLASSIFICATION PENDING,ALIVE,False
3457,KR,A101,,APPLICATION TO EXTEND TERM OF PATENT RIGHT BY PERMIT,APPLICATION TO EXTEND TERM OF PATENT RIGHT BY PERMIT,G,PROTECTION BEYOND IP RIGHT TERM,PENDING,False
3458,KR,A102,+,APPLICATION TO REGISTER EXTENSION OF TERM OF PATENT RIGHT FOLLOWING DELAYED REGISTRATION,APPLICATION TO REGISTER EXTENSION OF TERM OF PATENT RIGHT FOLLOWING DELAYED REGISTRATION [PATENT TERM ADJUSTMENT],G,PROTECTION BEYOND IP RIGHT TERM,PENDING,False
3459,KR,A107,,DIVISIONAL APPLICATION OF PATENT,DIVISIONAL APPLICATION OF PATENT,A,APPLICATION FILING,PENDING,False
3460,KR,A108,,DUAL APPLICATION OF PATENT,DUAL APPLICATION OF PATENT,A,APPLICATION FILING,PENDING,False
3461,KR,A110,,PATENT APPLICATION OF LAWFUL RIGHT HOLDER,PATENT APPLICATION OF LAWFUL RIGHT HOLDER,A,APPLICATION FILING,PENDING,False
3462,KR,A111,+,DIVISIONAL APPLICATION FILED AFTER APPEAL PHASE [SPLIT APPLICATION],DIVISIONAL APPLICATION FILED AFTER APPEAL PHASE [SPLIT APPLICATION],A,APPLICATION FILING,PENDING,False
3463,KR,A12,+,NATIONAL OR REGIONAL APPLICATION FILED,[NO DESCRIPTION IN ORIGINAL LANGUAGE],A,APPLICATION FILING,PENDING,False
3464,KR,A16,+,"DIVISIONAL, CONTINUATION OR CONTINUATION IN PART APPLICATION FILED",[NO DESCRIPTION IN ORIGINAL LANGUAGE],A,APPLICATION FILING,PENDING,False
3465,KR,A17,-,"DIVISIONAL, CONTINUATION OR CONTINUATION IN PART APPLICATION REJECTED",[NO DESCRIPTION IN ORIGINAL LANGUAGE],A,APPLICATION FILING,PENDING,False
3466,KR,A18,+,APPLICATION DIVIDED OR CONTINUATION OR CONTINUATION IN PART ACCEPTED,[NO DESCRIPTION IN ORIGINAL LANGUAGE],A,APPLICATION FILING,PENDING,False
3467,KR,A19,,CONVERSION APPLICATION FILED,[NO DESCRIPTION IN ORIGINAL LANGUAGE],A,APPLICATION FILING,PENDING,False
3468,KR,A20,,CONVERSION APPLICATION REJECTED,[NO DESCRIPTION IN ORIGINAL LANGUAGE],A,APPLICATION FILING,PENDING,False
3469,KR,A201,,REQUEST FOR EXAMINATION,REQUEST FOR EXAMINATION,D,SEARCH AND EXAMINATION,PENDING,False
3470,KR,A21,,APPLICATION CONVERTED FROM ANOTHER TYPE OF IP RIGHT,[NO DESCRIPTION IN ORIGINAL LANGUAGE],A,APPLICATION FILING,PENDING,False
3471,KR,A302,,REQUEST FOR ACCELERATED EXAMINATION,REQUEST FOR ACCELERATED EXAMINATION,D,SEARCH AND EXAMINATION,PENDING,False
3472,KR,AMDR,,REQUEST FOR AMENDMENT,REQUEST FOR AMENDMENT,D,SEARCH AND EXAMINATION,PENDING,False
3473,KR,AMND,,AMENDMENT,AMENDMENT,D,SEARCH AND EXAMINATION,PENDING,False
3474,KR,B11,-,APPLICATION WITHDRAWN,[NO DESCRIPTION IN ORIGINAL LANGUAGE],B,APPLICATION DISCONTINUATION,DEAD,False
3475,KR,B12,-,"APPLICATION DEEMED TO BE WITHDRAWN, ABANDONED OR LAPSED",[NO DESCRIPTION IN ORIGINAL LANGUAGE],B,APPLICATION DISCONTINUATION,DEAD,False
3476,KR,B15,-,APPLICATION REFUSED FOLLOWING EXAMINATION,[NO DESCRIPTION IN ORIGINAL LANGUAGE],B,APPLICATION DISCONTINUATION,DEAD,False
3477,KR,B17,-,APPLICATION DISCONTINUED FOLLOWING PRE-GRANT REVIEW,[NO DESCRIPTION IN ORIGINAL LANGUAGE],B,APPLICATION DISCONTINUATION,DEAD,False
3478,KR,B601,,MAINTENANCE OF ORIGINAL DECISION AFTER RE-EXAMINATION BEFORE A TRIAL,MAINTENANCE OF ORIGINAL DECISION AFTER RE-EXAMINATION BEFORE A TRIAL,V,APPEAL,PENDING,False
3479,KR,B701,+,DECISION TO GRANT,DECISION TO GRANT,F,IP RIGHT GRANT,ALIVE,True
3480,KR,B901,,EXAMINATION BY RE-EXAMINATION BEFORE A TRIAL,EXAMINATION BY RE-EXAMINATION BEFORE A TRIAL,V,APPEAL,PENDING,False
3481,KR,B90T,,TRANSFER OF TRIAL FILE FOR RE-EXAMINATION,TRANSFER OF TRIAL FILE FOR RE-EXAMINATION,V,APPEAL,PENDING,False
3482,KR,C11,+,APPLICATION REVIVAL REQUESTED,[NO DESCRIPTION IN ORIGINAL LANGUAGE],C,APPLICATION REVIVAL,ALIVE,False
3483,KR,C12,-,REQUEST FOR APPLICATION REVIVAL REJECTED,[NO DESCRIPTION IN ORIGINAL LANGUAGE],C,APPLICATION REVIVAL,PENDING,False
3484,KR,C193,-,REQUEST FOR WITHDRAWAL (ABANDONMENT),REQUEST FOR WITHDRAWAL (ABANDONMENT),B,APPLICATION DISCONTINUATION,DEAD,False
3485,KR,D11,,SUBSTANTIVE EXAMINATION REQUESTED,[NO DESCRIPTION IN ORIGINAL LANGUAGE],D,SEARCH AND EXAMINATION,PENDING,False
3486,KR,D12,,REQUEST FOR SUBSTANTIVE EXAMINATION REJECTED,[NO DESCRIPTION IN ORIGINAL LANGUAGE],D,SEARCH AND EXAMINATION,PENDING,False
3487,KR,D13,,SEARCH REQUESTED,[NO DESCRIPTION IN ORIGINAL LANGUAGE],D,SEARCH AND EXAMINATION,PENDING,False
3488,KR,D14,,SEARCH REPORT COMPLETED,[NO DESCRIPTION IN ORIGINAL LANGUAGE],D,SEARCH AND EXAMINATION,PENDING,False
3489,KR,D15,,EXAMINATION REPORT COMPLETED,[NO DESCRIPTION IN ORIGINAL LANGUAGE],D,SEARCH AND EXAMINATION,PENDING,False
3490,KR,D16,,FAST TRACK EXAMINATION REQUESTED,[NO DESCRIPTION IN ORIGINAL LANGUAGE],D,SEARCH AND EXAMINATION,PENDING,False
3491,KR,D17,,FAST TRACK EXAMINATION ACCEPTED,[NO DESCRIPTION IN ORIGINAL LANGUAGE],D,SEARCH AND EXAMINATION,PENDING,False
3492,KR,D18,,DEFERRED EXAMINATION REQUESTED,[NO DESCRIPTION IN ORIGINAL LANGUAGE],D,SEARCH AND EXAMINATION,PENDING,False
3493,KR,D19,,DEFERRED EXAMINATION ACCEPTED,[NO DESCRIPTION IN ORIGINAL LANGUAGE],D,SEARCH AND EXAMINATION,PENDING,False
3494,KR,D20,,DEFERRED EXAMINATION RESUMED,[NO DESCRIPTION IN ORIGINAL LANGUAGE],D,SEARCH AND EXAMINATION,PENDING,False
3495,KR,D21,,REJECTION OF APPLICATION INTENDED,[NO DESCRIPTION IN ORIGINAL LANGUAGE],D,SEARCH AND EXAMINATION,PENDING,False
3496,KR,D22,+,GRANT OF IP RIGHT INTENDED,[NO DESCRIPTION IN ORIGINAL LANGUAGE],D,SEARCH AND EXAMINATION,ALIVE,False
3497,KR,E11,,PRE-GRANT OPPOSITION FILED,[NO DESCRIPTION IN ORIGINAL LANGUAGE],E,PRE-GRANT REVIEW REQUEST,PENDING,False
3498,KR,E12,,PRE-GRANT RE-EXAMINATION REQUESTED,[NO DESCRIPTION IN ORIGINAL LANGUAGE],E,PRE-GRANT REVIEW REQUEST,PENDING,False
3499,KR,E13,,PRE-GRANT LIMITATION REQUESTED,[NO DESCRIPTION IN ORIGINAL LANGUAGE],E,PRE-GRANT REVIEW REQUEST,PENDING,False
3500,KR,E14,,PRE-GRANT THIRD PARTY OBSERVATION FILED,[NO DESCRIPTION IN ORIGINAL LANGUAGE],E,PRE-GRANT REVIEW REQUEST,PENDING,False
3501,KR,E15,,REQUEST FOR PRE-GRANT REVIEW REJECTED,[NO DESCRIPTION IN ORIGINAL LANGUAGE],E,PRE-GRANT REVIEW REQUEST,PENDING,False
3502,KR,E601,-,DECISION TO REFUSE APPLICATION,DECISION TO REFUSE APPLICATION,B,APPLICATION DISCONTINUATION,DEAD,False
3503,KR,E701,+,DECISION TO GRANT OR REGISTRATION OF PATENT RIGHT,DECISION TO GRANT OR REGISTRATION OF PATENT RIGHT,F,IP RIGHT GRANT,ALIVE,True
3504,KR,E702,,"DECISION TO REGISTER EXTENSION OF PATENT RIGHT BY PERMIT, ETC.","DECISION TO REGISTER EXTENSION OF PATENT RIGHT BY PERMIT, ETC.",Z,CLASSIFICATION PENDING,NEUTRAL,False
3505,KR,E801,,DECISION ON DISMISSAL OF AMENDMENT,DECISION ON DISMISSAL OF AMENDMENT,W,OTHER,NEUTRAL,False
3506,KR,E902,-,NOTIFICATION OF REASON FOR REFUSAL,NOTIFICATION OF REASON FOR REFUSAL,B,APPLICATION DISCONTINUATION,DEAD,False
3507,KR,E90F,-,NOTIFICATION OF REASON FOR FINAL REFUSAL,NOTIFICATION OF REASON FOR FINAL REFUSAL,B,APPLICATION DISCONTINUATION,DEAD,False
3508,KR,EXPY,-,EXPIRATION OF TERM,EXPIRATION OF TERM,H,IP RIGHT CESSATION,DEAD,False
3509,KR,EXTG,-,IP RIGHT INVALIDATED,EXTINGUISHMENT,H,IP RIGHT CESSATION,DEAD,False
3510,KR,F11,+,IP RIGHT GRANTED FOLLOWING SUBSTANTIVE EXAMINATION,[NO DESCRIPTION IN ORIGINAL LANGUAGE],F,IP RIGHT GRANT,ALIVE,False
3511,KR,F13,+,IP RIGHT GRANTED IN FULL FOLLOWING PRE-GRANT REVIEW,[NO DESCRIPTION IN ORIGINAL LANGUAGE],F,IP RIGHT GRANT,ALIVE,False
3512,KR,FPAY,,ANNUAL FEE PAYMENT,ANNUAL FEE PAYMENT,U,PAYMENT,NEUTRAL,False
3513,KR,G15,,PTA REQUESTED,[NO DESCRIPTION IN ORIGINAL LANGUAGE],G,PROTECTION BEYOND IP RIGHT TERM,NEUTRAL,False
3514,KR,G15R,,REQUEST FOR EARLY PUBLICATION,REQUEST FOR EARLY OPENING,Q,DOCUMENT PUBLICATION,PENDING,False
3515,KR,G16,,PTA NOT GRANTED,[NO DESCRIPTION IN ORIGINAL LANGUAGE],G,PROTECTION BEYOND IP RIGHT TERM,NEUTRAL,False
3516,KR,G160,,DECISION TO PUBLISH PATENT APPLICATION,DECISION TO PUBLISH PATENT APPLICATION,Q,DOCUMENT PUBLICATION,PENDING,False
3517,KR,G161,+,PUBLICATION OF REGISTRATION [UTILITY MODEL]: DECISION ON PUBLICATION OF APPLICATION,PUBLICATION OF REGISTRATION [UTILITY MODEL]: DECISION ON PUBLICATION OF APPLICATION,Q,DOCUMENT PUBLICATION,PENDING,False
3518,KR,G162,+,PUBLICATION OF REGISTRATION [PATENT]: DECISION ON PUBLICATION OF APPLICATION,PUBLICATION OF REGISTRATION [PATENT]: DECISION ON PUBLICATION OF APPLICATION,Q,DOCUMENT PUBLICATION,PENDING,False
3519,KR,G17,,PTA GRANTED,[NO DESCRIPTION IN ORIGINAL LANGUAGE],G,PROTECTION BEYOND IP RIGHT TERM,NEUTRAL,False
3520,KR,G170,,RE-PUBLICATION AFTER MODIFICATION OF SCOPE OF PROTECTION [PATENT],PUBLICATION OF CORRECTION,Q,DOCUMENT PUBLICATION,PENDING,False
3521,KR,G171,,PUBLICATION OF MODIFIED DOCUMENT AFTER POST-GRANT OPPOSITION [PATENT],PUBLICATION OF CORRECTION BY OPPOSITION,Q,DOCUMENT PUBLICATION,PENDING,False
3522,KR,G18,,PTE REQUESTED,[NO DESCRIPTION IN ORIGINAL LANGUAGE],G,PROTECTION BEYOND IP RIGHT TERM,NEUTRAL,False
3523,KR,G19,,PTE NOT GRANTED,[NO DESCRIPTION IN ORIGINAL LANGUAGE],G,PROTECTION BEYOND IP RIGHT TERM,NEUTRAL,False
3524,KR,G20,,PTE GRANTED,[NO DESCRIPTION IN ORIGINAL LANGUAGE],G,PROTECTION BEYOND IP RIGHT TERM,NEUTRAL,False
3525,KR,G701,,RE-PUBLICATION AFTER MODIFICATION OF SCOPE OF PROTECTION [UTILITY MODEL],PUBLICATION OF CORRECTION,Q,DOCUMENT PUBLICATION,PENDING,False
3526,KR,GRNO,+,DECISION TO GRANT (AFTER OPPOSITION),DECISION TO GRANT (AFTER OPPOSITION),F,IP RIGHT GRANT,ALIVE,True
3527,KR,GRNT,+,WRITTEN DECISION TO GRANT,WRITTEN DECISION TO GRANT,F,IP RIGHT GRANT,ALIVE,True
3528,KR,H12,,IP RIGHT CEASED FOLLOWING AN IP RIGHT REVIEW,[NO DESCRIPTION IN ORIGINAL LANGUAGE],H,IP RIGHT CESSATION,NEUTRAL,False
3529,KR,H13,-,IP RIGHT LAPSED,[NO DESCRIPTION IN ORIGINAL LANGUAGE],H,IP RIGHT CESSATION,DEAD,False
3530,KR,H14,-,IP RIGHT EXPIRED,[NO DESCRIPTION IN ORIGINAL LANGUAGE],H,IP RIGHT CESSATION,DEAD,False
3531,KR,H15,-,IP RIGHT SURRENDERED,[NO DESCRIPTION IN ORIGINAL LANGUAGE],H,IP RIGHT CESSATION,DEAD,False
3532,KR,J021,+,TRIAL FOR OBJECTION TO REVOCATION DECISION [PATENT]: REQUEST FOR TRIAL,TRIAL FOR OBJECTION TO REVOCATION DECISION [PATENT]: REQUEST FOR TRIAL,V,APPEAL,UNKNOWN,False
3533,KR,J120,,WITHDRAWAL OF TRIAL,WITHDRAWAL OF TRIAL,Z,CLASSIFICATION PENDING,NEUTRAL,False
3534,KR,J121,,WRITTEN WITHDRAWAL OF REQUEST FOR TRIAL,WRITTEN WITHDRAWAL OF REQUEST FOR TRIAL,W,OTHER,NEUTRAL,False
3535,KR,J122,,WRITTEN WITHDRAWAL OF ACTION (PATENT COURT),WRITTEN WITHDRAWAL OF ACTION (PATENT COURT),V,APPEAL,NEUTRAL,False
3536,KR,J123,,WRITTEN WITHDRAWAL OF ACTION (SUPREME COURT),WRITTEN WITHDRAWAL OF ACTION (SUPREME COURT),V,APPEAL,NEUTRAL,False
3537,KR,J201,,REQUEST FOR TRIAL AGAINST REFUSAL DECISION,REQUEST FOR TRIAL AGAINST REFUSAL DECISION,V,APPEAL,NEUTRAL,False
3538,KR,J202,,REQUEST FOR TRIAL FOR CORRECTION [LIMITATION],REQUEST FOR TRIAL (FOR CORRECTION),L,IP RIGHT REVIEW REQUEST,NEUTRAL,False
3539,KR,J203,,REQUEST FOR TRIAL FOR INVALIDATION OF CORRECTION [INVALIDATION OF LIMITATION],REQUEST FOR TRIAL (FOR INVALIDATION OF CORRECTION),L,IP RIGHT REVIEW REQUEST,NEUTRAL,False
3540,KR,J204,,REQUEST FOR INVALIDATION TRIAL [PATENT],REQUEST FOR INVALIDATION TRIAL [PATENT],L,IP RIGHT REVIEW REQUEST,NEUTRAL,False
3541,KR,J205,,INVALIDATION TRIAL FOR REGISTRATION OF EXTENSION OF TERM OF PATENT RIGHT,INVALIDATION TRIAL FOR REGISTRATION OF EXTENSION OF TERM OF PATENT RIGHT,L,IP RIGHT REVIEW REQUEST,NEUTRAL,False
3542,KR,J206,,REQUEST FOR TRIAL TO CONFIRM THE SCOPE OF A PATENT RIGHT,REQUEST FOR TRIAL TO CONFIRM THE SCOPE OF A PATENT RIGHT,W,OTHER,NEUTRAL,False
3543,KR,J207,,REQUEST FOR TRIAL TO GRANT NON-EXCLUSIVE LICENCE,REQUEST FOR TRIAL TO GRANT NON-EXCLUSIVE LICENCE,W,OTHER,NEUTRAL,False
3544,KR,J208,,TRIAL FOR REVOCATION OF UTILITY MODEL REGISTRATION,TRIAL FOR REVOCATION OF UTILITY MODEL REGISTRATION,V,APPEAL,NEUTRAL,False
3545,KR,J210,,REQUEST FOR TRIAL FOR OBJECTION TO REVOCATION DECISION,REQUEST FOR TRIAL FOR OBJECTION TO REVOCATION DECISION,V,APPEAL,NEUTRAL,False
3546,KR,J221,,REMAND (INTELLECTUAL PROPERTY TRIBUNAL),REMAND (INTELLECTUAL PROPERTY TRIBUNAL),Z,CLASSIFICATION PENDING,NEUTRAL,False
3547,KR,J222,,REMAND (PATENT COURT),REMAND (PATENT COURT),W,OTHER,NEUTRAL,False
3548,KR,J223,,REMAND (PATENT COURT) [PATENT]: NOTIFICATION OF INSTITUTION OF LAWSUIT,REMAND (PATENT COURT) [PATENT]: NOTIFICATION OF INSTITUTION OF LAWSUIT,W,OTHER,NEUTRAL,False
3549,KR,J22O,,ACCEPTANCE OF DOCUMENT FROM OTHER THAN KIPO (REMAND - INTELLECT PROPERTY TRIBUNAL),ACCEPTANCE OF DOCUMENT FROM OTHER THAN KIPO (REMAND - INTELLECT PROPERTY TRIBUNAL),Z,CLASSIFICATION PENDING,NEUTRAL,False
3550,KR,J251,,REGISTRATION OF EXTENSION OF TERM OF PATENT RIGHT,REGISTRATION OF EXTENSION OF TERM OF PATENT RIGHT,Z,CLASSIFICATION PENDING,NEUTRAL,False
3551,KR,J252,,REQUEST FOR TRIAL,REQUEST FOR TRIAL,Z,CLASSIFICATION PENDING,NEUTRAL,False
3552,KR,J253,,RETRIAL (INTELLECTUAL PROPERTY TRIAL AND APPEAL BOARD) [PATENT],RETRIAL (INTELLECTUAL PROPERTY TRIAL AND APPEAL BOARD),V,APPEAL,NEUTRAL,False
3553,KR,J254,,RETRIAL (PATENT COURT) [PATENT],RETRIAL (PATENT COURT),V,APPEAL,NEUTRAL,False
3554,KR,J255,,RETRIAL (SUPREME COURT OF KOREA) [PATENT],RETRIAL (SUPREME COURT OF KOREA),V,APPEAL,NEUTRAL,False
3555,KR,J256,,RETRIAL (INTELLECTUAL PROPERTY TRIAL AND APPEAL BOARD) [UTILITY MODEL],RETRIAL (INTELLECTUAL PROPERTY TRIAL AND APPEAL BOARD),V,APPEAL,NEUTRAL,False
3556,KR,J257,,RETRIAL (PATENT COURT) [UTILITY MODEL],RETRIAL (PATENT COURT),V,APPEAL,NEUTRAL,False
3557,KR,J258,,RETRIAL (SUPREME COURT OF KOREA) [UTILITY MODEL],RETRIAL (SUPREME COURT OF KOREA),V,APPEAL,NEUTRAL,False
3558,KR,J2X1,,APPEAL (BEFORE THE PATENT COURT),APPEAL (BEFORE THE PATENT COURT),V,APPEAL,NEUTRAL,False
3559,KR,J2X2,,APPEAL (BEFORE THE SUPREME COURT),APPEAL (BEFORE THE SUPREME COURT),V,APPEAL,NEUTRAL,False
3560,KR,J2X3,,APPEAL BEFORE THE SUPREME COURT: APPEAL FILED [UTILITY MODEL],APPEAL BEFORE THE SUPREME COURT: PETITION OF APPEAL BEFORE THE SUPREME COURT,V,APPEAL,NEUTRAL,False
3561,KR,J2XC,,APPEAL (BEFORE THE SUPREME COURT) - COPY OF COMPLAINT,APPEAL (BEFORE THE SUPREME COURT) - COPY OF COMPLAINT,V,APPEAL,NEUTRAL,False
3562,KR,J301,,TRIAL DECISION,TRIAL DECISION,W,OTHER,NEUTRAL,False
3563,KR,J302,,WRITTEN JUDGEMENT (PATENT COURT),WRITTEN JUDGEMENT (PATENT COURT),V,APPEAL,NEUTRAL,False
3564,KR,J303,,WRITTEN JUDGEMENT (SUPREME COURT),WRITTEN JUDGEMENT (SUPREME COURT),V,APPEAL,NEUTRAL,False
3565,KR,J30C,,CONSOLIDATED TRIAL DECISION,CONSOLIDATED TRIAL DECISION,W,OTHER,NEUTRAL,False
3566,KR,J501,,DISPOSITION OF INVALIDATION OF TRIAL,DISPOSITION OF INVALIDATION OF TRIAL,V,APPEAL,NEUTRAL,False
3567,KR,J801,,DISMISSAL OF TRIAL,DISMISSAL OF TRIAL,W,OTHER,NEUTRAL,False
3568,KR,K11,+,IP RIGHT REVIVAL REQUESTED,[NO DESCRIPTION IN ORIGINAL LANGUAGE],K,IP RIGHT REVIVAL,ALIVE,False
3569,KR,K12,-,REQUEST FOR IP RIGHT REVIVAL REJECTED,[NO DESCRIPTION IN ORIGINAL LANGUAGE],K,IP RIGHT REVIVAL,UNKNOWN,False
3570,KR,K13,+,IP RIGHT REVIVED IN FULL,[NO DESCRIPTION IN ORIGINAL LANGUAGE],K,IP RIGHT REVIVAL,ALIVE,False
3571,KR,L11,,POST-GRANT OPPOSITION FILED,[NO DESCRIPTION IN ORIGINAL LANGUAGE],L,IP RIGHT REVIEW REQUEST,NEUTRAL,False
3572,KR,L13,,LIMITATION OR REISSUE OF IP RIGHT REQUESTED,[NO DESCRIPTION IN ORIGINAL LANGUAGE],L,IP RIGHT REVIEW REQUEST,NEUTRAL,False
3573,KR,L14,,SURRENDER OF IP RIGHT REQUESTED,[NO DESCRIPTION IN ORIGINAL LANGUAGE],L,IP RIGHT REVIEW REQUEST,NEUTRAL,False
3574,KR,L15,,INVALIDATION REQUESTED,[NO DESCRIPTION IN ORIGINAL LANGUAGE],L,IP RIGHT REVIEW REQUEST,NEUTRAL,False
3575,KR,L16,,POST-GRANT THIRD PARTY OBSERVATION FILED,[NO DESCRIPTION IN ORIGINAL LANGUAGE],L,IP RIGHT REVIEW REQUEST,NEUTRAL,False
3576,KR,L18,,REQUEST FOR IP RIGHT REVIEW REJECTED,[NO DESCRIPTION IN ORIGINAL LANGUAGE],L,IP RIGHT REVIEW REQUEST,NEUTRAL,False
3577,KR,LAPS,-,LAPSE DUE TO UNPAID ANNUAL FEE,LAPSE DUE TO UNPAID ANNUAL FEE,H,IP RIGHT CESSATION,DEAD,False
3578,KR,M11,,IP RIGHT MAINTAINED IN FULL FOLLOWING AN IP RIGHT REVIEW OR AN APPEAL,[NO DESCRIPTION IN ORIGINAL LANGUAGE],M,IP RIGHT MAINTENANCE,NEUTRAL,False
3579,KR,N231,,NOTIFICATION OF CHANGE OF APPLICANT,NOTIFICATION OF CHANGE OF APPLICANT,R,PARTY DATA CHANGE,NEUTRAL,False
3580,KR,N232,,CHANGE OF APPLICANT [UTILITY MODEL]: NOTIFICATION OF CHANGE OF APPLICANT AND REGISTRATION OF FULL TRANSFER OF RIGHT,CHANGE OF APPLICANT [UTILITY MODEL]: NOTIFICATION OF CHANGE OF APPLICANT AND REGISTRATION OF FULL TRANSFER OF RIGHT,R,PARTY DATA CHANGE,NEUTRAL,False
3581,KR,N233,,CHANGE OF APPLICANT [UTILITY MODEL]: NOTIFICATION OF CHANGE OF APPLICANT AND REGISTRATION OF PARTIAL TRANSFER OF RIGHT,CHANGE OF APPLICANT [UTILITY MODEL]: NOTIFICATION OF CHANGE OF APPLICANT AND REGISTRATION OF PARTIAL TRANSFER OF RIGHT,R,PARTY DATA CHANGE,NEUTRAL,False
3582,KR,N234,,CHANGE OF APPLICANT [PATENT]: NOTIFICATION OF CHANGE OF APPLICANT AND REGISTRATION OF FULL TRANSFER OF RIGHT,CHANGE OF APPLICANT [PATENT]: NOTIFICATION OF CHANGE OF APPLICANT AND REGISTRATION OF FULL TRANSFER OF RIGHT,R,PARTY DATA CHANGE,NEUTRAL,False
3583,KR,N235,,CHANGE OF APPLICANT [PATENT]: NOTIFICATION OF CHANGE OF APPLICANT AND REGISTRATION OF FULL TRANSFER OF SHARE OF RIGHT,CHANGE OF APPLICANT [PATENT]: NOTIFICATION OF CHANGE OF APPLICANT AND REGISTRATION OF FULL TRANSFER OF SHARE OF RIGHT,R,PARTY DATA CHANGE,NEUTRAL,False
3584,KR,N236,,CHANGE OF APPLICANT [PATENT]: NOTIFICATION OF CHANGE OF APPLICANT AND REGISTRATION OF PARTIAL TRANSFER OF RIGHT,CHANGE OF APPLICANT [PATENT]: NOTIFICATION OF CHANGE OF APPLICANT AND REGISTRATION OF PARTIAL TRANSFER OF RIGHT,R,PARTY DATA CHANGE,NEUTRAL,False
3585,KR,N237,,CHANGE OF APPLICANT [PATENT]: NOTIFICATION OF CHANGE OF APPLICANT AND REGISTRATION OF PARTIAL TRANSFER OF SHARE OF RIGHT,CHANGE OF APPLICANT [PATENT]: NOTIFICATION OF CHANGE OF APPLICANT AND REGISTRATION OF PARTIAL TRANSFER OF SHARE OF RIGHT,R,PARTY DATA CHANGE,NEUTRAL,False
3586,KR,NORF,-,UNPAID INITIAL REGISTRATION FEE,UNPAID INITIAL REGISTRATION FEE,U,PAYMENT,UNKNOWN,False
3587,KR,O031,-,OPPOSITION [UTILITY MODEL],OPPOSITION [UTILITY MODEL],E,PRE-GRANT REVIEW REQUEST,PENDING,False
3588,KR,O032,-,OPPOSITION [UTILITY MODEL]: REQUEST FOR OPPOSITION,OPPOSITION [UTILITY MODEL]: REQUEST FOR OPPOSITION,E,PRE-GRANT REVIEW REQUEST,PENDING,False
3589,KR,O033,-,OPPOSITION [UTILITY MODEL]: REQUEST FOR OPPOSITION OF LAWFUL RIGHT HOLDER,OPPOSITION [UTILITY MODEL]: REQUEST FOR OPPOSITION OF LAWFUL RIGHT HOLDER,E,PRE-GRANT REVIEW REQUEST,PENDING,False
3590,KR,O034,-,OPPOSITION [PATENT],OPPOSITION [PATENT],E,PRE-GRANT REVIEW REQUEST,PENDING,False
3591,KR,O035,-,OPPOSITION [PATENT]: REQUEST FOR OPPOSITION,OPPOSITION [PATENT]: REQUEST FOR OPPOSITION,E,PRE-GRANT REVIEW REQUEST,PENDING,False
3592,KR,O036,-,OPPOSITION [PATENT]: REQUEST FOR OPPOSITION OF LAWFUL RIGHT HOLDER,OPPOSITION [PATENT]: REQUEST FOR OPPOSITION OF LAWFUL RIGHT HOLDER,E,PRE-GRANT REVIEW REQUEST,PENDING,False
3593,KR,O061,-,DECISION ON REFUSAL AFTER OPPOSITION [UTILITY MODEL]: DECISION TO REFUSE APPLICATION,DECISION ON REFUSAL AFTER OPPOSITION [UTILITY MODEL]: DECISION TO REFUSE APPLICATION,B,APPLICATION DISCONTINUATION,DEAD,False
3594,KR,O062,-,REVOCATION OF REGISTRATION BY OPPOSITION: FINAL REGISTRATION OF OPPOSITION  [UTILITY MODEL],REVOCATION OF REGISTRATION BY OPPOSITION [UTILITY MODEL]: FINAL REGISTRATION OF OPPOSITION,L,IP RIGHT REVIEW REQUEST,DEAD,False
3595,KR,O063,-,DECISION ON REFUSAL AFTER OPPOSITION [PATENT]: DECISION TO REFUSE APPLICATION,DECISION ON REFUSAL AFTER OPPOSITION [PATENT]: DECISION TO REFUSE APPLICATION,B,APPLICATION DISCONTINUATION,DEAD,False
3596,KR,O064,-,REVOCATION OF REGISTRATION BY OPPOSITION: FINAL REGISTRATION OF OPPOSITION [PATENT],REVOCATION OF REGISTRATION BY OPPOSITION [PATENT]: FINAL REGISTRATION OF OPPOSITION,L,IP RIGHT REVIEW REQUEST,DEAD,False
3597,KR,O071,+,DECISION TO GRANT REGISTRATION AFTER OPPOSITION [UTILITY MODEL]: DECISION TO GRANT REGISTRATION,DECISION TO GRANT REGISTRATION AFTER OPPOSITION [UTILITY MODEL]: DECISION TO GRANT REGISTRATION,F,IP RIGHT GRANT,ALIVE,True
3598,KR,O072,+,MAINTENANCE OF REGISTRATION AFTER OPPOSITION [UTILITY MODEL]: FINAL REGISTRATION OF OPPOSITION,MAINTENANCE OF REGISTRATION AFTER OPPOSITION [UTILITY MODEL]: FINAL REGISTRATION OF OPPOSITION,E,PRE-GRANT REVIEW REQUEST,ALIVE,False
3599,KR,O073,+,DECISION TO GRANT REGISTRATION AFTER OPPOSITION [PATENT]: DECISION TO GRANT REGISTRATION,DECISION TO GRANT REGISTRATION AFTER OPPOSITION [PATENT]: DECISION TO GRANT REGISTRATION,F,IP RIGHT GRANT,ALIVE,True
3600,KR,O074,+,MAINTENANCE OF REGISTRATION AFTER OPPOSITION [PATENT]: FINAL REGISTRATION OF OPPOSITION,MAINTENANCE OF REGISTRATION AFTER OPPOSITION [PATENT]: FINAL REGISTRATION OF OPPOSITION,L,IP RIGHT REVIEW REQUEST,ALIVE,False
3601,KR,O121,+,WITHDRAWAL OF OPPOSITION [UTILITY MODEL],WITHDRAWAL OF OPPOSITION [UTILITY MODEL],E,PRE-GRANT REVIEW REQUEST,ALIVE,False
3602,KR,O122,+,WITHDRAWAL OF OPPOSITION [PATENT],WITHDRAWAL OF OPPOSITION [PATENT],E,PRE-GRANT REVIEW REQUEST,ALIVE,False
3603,KR,O131,,DECISION ON OPPOSITION [UTILITY MODEL],DECISION ON OPPOSITION [UTILITY MODEL],E,PRE-GRANT REVIEW REQUEST,PENDING,False
3604,KR,O132,,DECISION ON OPPOSITION [PATENT],DECISION ON OPPOSITION [PATENT],E,PRE-GRANT REVIEW REQUEST,PENDING,False
3605,KR,O133,+,DECISION ON OPPOSITION [PATENT]: NOTIFICATION OF INVALIDATION OF OPPOSITION,DECISION ON OPPOSITION [PATENT]: NOTIFICATION OF INVALIDATION OF OPPOSITION,L,IP RIGHT REVIEW REQUEST,ALIVE,False
3606,KR,O134,+,DECISION ON OPPOSITION [UTILITY MODEL]: NOTIFICATION OF INVALIDATION OF OPPOSITION,DECISION ON OPPOSITION [UTILITY MODEL]: NOTIFICATION OF INVALIDATION OF OPPOSITION,L,IP RIGHT REVIEW REQUEST,ALIVE,False
3607,KR,O135,+,DECISION ON OPPOSITION [PATENT]: WITHDRAWAL OF OPPOSITION,DECISION ON OPPOSITION [PATENT]: WITHDRAWAL OF OPPOSITION,L,IP RIGHT REVIEW REQUEST,UNKNOWN,False
3608,KR,P11,,AMENDMENT OF APPLICATION REQUESTED,[NO DESCRIPTION IN ORIGINAL LANGUAGE],P,RE-PUBLICATION OF DOCUMENT AFTER MODIFICATION,PENDING,False
3609,KR,P12,,REQUEST FOR AMENDMENT OF APPLICATION REJECTED,[NO DESCRIPTION IN ORIGINAL LANGUAGE],P,RE-PUBLICATION OF DOCUMENT AFTER MODIFICATION,PENDING,False
3610,KR,P13,,APPLICATION AMENDED,[NO DESCRIPTION IN ORIGINAL LANGUAGE],P,RE-PUBLICATION OF DOCUMENT AFTER MODIFICATION,PENDING,False
3611,KR,P14,,AMENDMENT OF IP RIGHT DOCUMENT REQUESTED,[NO DESCRIPTION IN ORIGINAL LANGUAGE],P,RE-PUBLICATION OF DOCUMENT AFTER MODIFICATION,PENDING,False
3612,KR,P15,,REQUEST FOR AMENDMENT OF IP RIGHT DOCUMENT REJECTED,[NO DESCRIPTION IN ORIGINAL LANGUAGE],P,RE-PUBLICATION OF DOCUMENT AFTER MODIFICATION,PENDING,False
3613,KR,P16,,IP RIGHT DOCUMENT AMENDED,[NO DESCRIPTION IN ORIGINAL LANGUAGE],P,RE-PUBLICATION OF DOCUMENT AFTER MODIFICATION,PENDING,False
3614,KR,P18,,PRIORITY CLAIM ADDED OR AMENDED,[NO DESCRIPTION IN ORIGINAL LANGUAGE],P,RE-PUBLICATION OF DOCUMENT AFTER MODIFICATION,PENDING,False
3615,KR,P19,,ERRORS IN DOCUMENTS CONTAINING IPO’S DECISIONS CORRECTED,[NO DESCRIPTION IN ORIGINAL LANGUAGE],P,RE-PUBLICATION OF DOCUMENT AFTER MODIFICATION,PENDING,False
3616,KR,P20,,ERRORS IN DOCUMENTS FILED BY THE APPLICANT OR IP RIGHT OWNER CORRECTED,[NO DESCRIPTION IN ORIGINAL LANGUAGE],P,RE-PUBLICATION OF DOCUMENT AFTER MODIFICATION,PENDING,False
3617,KR,PCTG,+,GRANT OF A PCT APPLICATION IN KOREA,GRANT OF A PCT APPLICATION IN KOREA,,,ALIVE,False
3618,KR,PCTR,-,REVOCATION OF A PCT APPLICATION IN KOREA,REVOCATION OF A PCT APPLICATION IN KOREA,,,DEAD,False
3619,KR,PCTW,-,WITHDRAWAL OF A PCT APPLICATION IN KOREA,WITHDRAWAL OF A PCT APPLICATION IN KOREA,,,DEAD,False
3620,KR,PCTX,-,EXPIRY OF A PCT APPLICATION IN KOREA,EXPIRY OF A PCT APPLICATION IN KOREA,,,DEAD,False
3621,KR,Q12,,APPLICATION PUBLISHED,[NO DESCRIPTION IN ORIGINAL LANGUAGE],Q,DOCUMENT PUBLICATION,PENDING,False
3622,KR,Q13,,IP RIGHT DOCUMENT PUBLISHED,[NO DESCRIPTION IN ORIGINAL LANGUAGE],Q,DOCUMENT PUBLICATION,PENDING,False
3623,KR,Q14,,SECRET APPLICATION OR IP RIGHT DECLASSIFIED AND PUBLISHED,[NO DESCRIPTION IN ORIGINAL LANGUAGE],Q,DOCUMENT PUBLICATION,PENDING,False
3624,KR,Q15,,EARLIER PUBLICATION CANCELLED,[NO DESCRIPTION IN ORIGINAL LANGUAGE],Q,DOCUMENT PUBLICATION,PENDING,False
3625,KR,Q16,,A COPY OF IP RIGHT CERTIFICATE ISSUED,[NO DESCRIPTION IN ORIGINAL LANGUAGE],Q,DOCUMENT PUBLICATION,PENDING,False
3626,KR,R11,,CHANGE TO THE NAME OF APPLICANT OR OWNER OR TRANSFER OF OWNERSHIP REQUESTED,[NO DESCRIPTION IN ORIGINAL LANGUAGE],R,PARTY DATA CHANGE,NEUTRAL,False
3627,KR,R13,,CHANGE TO THE NAME OF APPLICANT OR OWNER RECORDED,[NO DESCRIPTION IN ORIGINAL LANGUAGE],R,PARTY DATA CHANGE,NEUTRAL,False
3628,KR,R14,,TRANSFER OF OWNERSHIP RECORDED,[NO DESCRIPTION IN ORIGINAL LANGUAGE],R,PARTY DATA CHANGE,NEUTRAL,False
3629,KR,R15,,CHANGE TO INVENTOR REQUESTED,[NO DESCRIPTION IN ORIGINAL LANGUAGE],R,PARTY DATA CHANGE,NEUTRAL,False
3630,KR,R16,,CHANGE TO INVENTOR RECORDED,[NO DESCRIPTION IN ORIGINAL LANGUAGE],R,PARTY DATA CHANGE,NEUTRAL,False
3631,KR,R17,,CHANGE TO REPRESENTATIVE RECORDED,[NO DESCRIPTION IN ORIGINAL LANGUAGE],R,PARTY DATA CHANGE,NEUTRAL,False
3632,KR,R18,,CHANGES TO PARTY CONTACT INFORMATION RECORDED,[NO DESCRIPTION IN ORIGINAL LANGUAGE],R,PARTY DATA CHANGE,NEUTRAL,False
3633,KR,R19,,REQUEST FOR PARTY DATA CHANGE REJECTED,[NO DESCRIPTION IN ORIGINAL LANGUAGE],R,PARTY DATA CHANGE,NEUTRAL,False
3634,KR,R401,+,REGISTRATION OF RESTORATION,REGISTRATION OF RESTORATION,K,IP RIGHT REVIVAL,ALIVE,False
3635,KR,REEX,,RE-EXAMINATION,RE-EXAMINATION,E,PRE-GRANT REVIEW REQUEST,PENDING,False
3636,KR,REGI,+,REGISTRATION OF ESTABLISHMENT,REGISTRATION OF ESTABLISHMENT,F,IP RIGHT GRANT,ALIVE,False
3637,KR,S14,,EXCLUSIVE VOLUNTARY LICENSE RECORDED,[NO DESCRIPTION IN ORIGINAL LANGUAGE],S,INFORMATION ON LICENSING AND SIMILAR TRANSACTIONS,NEUTRAL,False
3638,KR,S15,,RECORDATION OF EXCLUSIVE VOLUNTARY LICENSE AMENDED,[NO DESCRIPTION IN ORIGINAL LANGUAGE],S,INFORMATION ON LICENSING AND SIMILAR TRANSACTIONS,NEUTRAL,False
3639,KR,S16,,RECORDATION OF EXCLUSIVE VOLUNTARY LICENSE CANCELLED,[NO DESCRIPTION IN ORIGINAL LANGUAGE],S,INFORMATION ON LICENSING AND SIMILAR TRANSACTIONS,NEUTRAL,False
3640,KR,S17,,NON-EXCLUSIVE VOLUNTARY LICENSE RECORDED,[NO DESCRIPTION IN ORIGINAL LANGUAGE],S,INFORMATION ON LICENSING AND SIMILAR TRANSACTIONS,NEUTRAL,False
3641,KR,S18,,RECORDATION OF NON-EXCLUSIVE VOLUNTARY LICENSE AMENDED,[NO DESCRIPTION IN ORIGINAL LANGUAGE],S,INFORMATION ON LICENSING AND SIMILAR TRANSACTIONS,NEUTRAL,False
3642,KR,S19,,RECORDATION OF NON-EXCLUSIVE VOLUNTARY LICENSE CANCELLED,[NO DESCRIPTION IN ORIGINAL LANGUAGE],S,INFORMATION ON LICENSING AND SIMILAR TRANSACTIONS,NEUTRAL,False
3643,KR,S20,,SECURITY INTEREST RECORDED,[NO DESCRIPTION IN ORIGINAL LANGUAGE],S,INFORMATION ON LICENSING AND SIMILAR TRANSACTIONS,NEUTRAL,False
3644,KR,S21,,RECORDATION OF SECURITY INTEREST AMENDED,[NO DESCRIPTION IN ORIGINAL LANGUAGE],S,INFORMATION ON LICENSING AND SIMILAR TRANSACTIONS,NEUTRAL,False
3645,KR,S22,,RECORDATION OF SECURITY INTEREST CANCELLED,[NO DESCRIPTION IN ORIGINAL LANGUAGE],S,INFORMATION ON LICENSING AND SIMILAR TRANSACTIONS,NEUTRAL,False
3646,KR,S601,-,DECISION TO REJECT AGAIN AFTER REMAND OF REVOCATION,DECISION TO REJECT AGAIN AFTER REMAND OF REVOCATION,B,APPLICATION DISCONTINUATION,DEAD,False
3647,KR,S602,-,DECISION TO REJECT AGAIN AFTER REMAND OF REVOCATION [UTILITY MODEL]: FINAL NOTICE OF REASON FOR REFUSAL,DECISION TO REJECT AGAIN AFTER REMAND OF REVOCATION [UTILITY MODEL]: FINAL NOTICE OF REASON FOR REFUSAL,D,SEARCH AND EXAMINATION,DEAD,False
3648,KR,S901,,EXAMINATION BY REMAND OF REVOCATION,EXAMINATION BY REMAND OF REVOCATION,D,SEARCH AND EXAMINATION,PENDING,False
3649,KR,SPCR,-,DECISION TO REFUSE OF EXTENSION REGISTRATION,DECISION TO REFUSE OF EXTENSION REGISTRATION,Z,CLASSIFICATION PENDING,UNKNOWN,False
3650,KR,SUBM,-,SURRENDER OF LAID-OPEN APPLICATION REQUESTED,SUBMISSION OF DOCUMENT OF ABANDONMENT BEFORE OR AFTER DECISION OF REGISTRATION,B,APPLICATION DISCONTINUATION,DEAD,False
3651,KR,T11,,ADMINISTRATIVE TIME LIMIT EXTENSION REQUESTED,[NO DESCRIPTION IN ORIGINAL LANGUAGE],T,ADMINISTRATIVE PROCEDURE ADJUSTMENT,NEUTRAL,False
3652,KR,T12,,ADMINISTRATIVE TIME LIMIT EXTENSION NOT GRANTED,[NO DESCRIPTION IN ORIGINAL LANGUAGE],T,ADMINISTRATIVE PROCEDURE ADJUSTMENT,NEUTRAL,False
3653,KR,T13,,ADMINISTRATIVE TIME LIMIT EXTENSION GRANTED,[NO DESCRIPTION IN ORIGINAL LANGUAGE],T,ADMINISTRATIVE PROCEDURE ADJUSTMENT,NEUTRAL,False
3654,KR,T14,,ADMINISTRATIVE PROCEDURE SUSPENDED OR STAYED,[NO DESCRIPTION IN ORIGINAL LANGUAGE],T,ADMINISTRATIVE PROCEDURE ADJUSTMENT,NEUTRAL,False
3655,KR,T15,,ADMINISTRATIVE PROCEDURE INTERRUPTED,[NO DESCRIPTION IN ORIGINAL LANGUAGE],T,ADMINISTRATIVE PROCEDURE ADJUSTMENT,NEUTRAL,False
3656,KR,T16,,ADMINISTRATIVE PROCEDURE RESUMED,[NO DESCRIPTION IN ORIGINAL LANGUAGE],T,ADMINISTRATIVE PROCEDURE ADJUSTMENT,NEUTRAL,False
3657,KR,T201,,REQUEST FOR TECHNOLOGY EVALUATION OF UTILITY MODEL,REQUEST FOR TECHNOLOGY EVALUATION OF UTILITY MODEL,L,IP RIGHT REVIEW REQUEST,NEUTRAL,False
3658,KR,T601,-,DECISION TO INVALIDATE UTILITY MODEL AFTER TECHNICAL EVALUATION,DECISION ON REVOCATION OF UTILITY MODEL REGISTRATION,H,IP RIGHT CESSATION,DEAD,False
3659,KR,T701,+,WRITTEN DECISION TO GRANT ON TECHNOLOGY EVALUATION,WRITTEN DECISION TO GRANT ON TECHNOLOGY EVALUATION,F,IP RIGHT GRANT,ALIVE,True
3660,KR,U051,-,NOTICE FOR DISPOSITION OF INVALIDATION,NOTICE FOR DISPOSITION OF INVALIDATION,Z,CLASSIFICATION PENDING,DEAD,False
3661,KR,U106,,DIVISIONAL APPLICATION OF UTILITY MODEL,DIVISIONAL APPLICATION OF UTILITY MODEL,A,APPLICATION FILING,PENDING,False
3662,KR,U107,,DUAL APPLICATION OF UTILITY MODEL,DUAL APPLICATION OF UTILITY MODEL,A,APPLICATION FILING,PENDING,False
3663,KR,U109,,APPLICATION FOR UTILITY MODEL OF LAWFUL RIGHT HOLDER,APPLICATION FOR UTILITY MODEL OF LAWFUL RIGHT HOLDER,A,APPLICATION FILING,PENDING,False
3664,KR,U11,+,FULL RENEWAL OR MAINTENANCE FEE PAID,[NO DESCRIPTION IN ORIGINAL LANGUAGE],U,PAYMENT,ALIVE,False
3665,KR,U12,+,DESIGNATION FEE PAID,[NO DESCRIPTION IN ORIGINAL LANGUAGE],U,PAYMENT,UNKNOWN,False
3666,KR,U122,-,WITHDRAWAL OF UTILITY MODEL APPLICATION REQUESTED AFTER DECISION TO REGISTER,REQUEST OF WITHDRAWAL AFTER DECISION OF REGISTRATION BY THE APPLICANT,B,APPLICATION DISCONTINUATION,DEAD,False
3667,KR,U123,-,WITHDRAWAL OF UTILITY MODEL APPLICATION REQUESTED BEFORE DECISION TO REGISTER,SUBMISSION OF DOCUMENT OF WITHDRAWAL AFTER DECISION OF REGISTRATION,B,APPLICATION DISCONTINUATION,DEAD,False
3668,KR,U125,-,WITHDRAWAL OF APPLICATION BY CONVERTED APPLICATION,WITHDRAWAL OF APPLICATION BY CONVERTED APPLICATION,B,APPLICATION DISCONTINUATION,DEAD,False
3669,KR,U13,-,RENEWAL OR MAINTENANCE FEE NOT PAID,[NO DESCRIPTION IN ORIGINAL LANGUAGE],U,PAYMENT,UNKNOWN,False
3670,KR,U14,-,DESIGNATION FEE NOT PAID,[NO DESCRIPTION IN ORIGINAL LANGUAGE],U,PAYMENT,UNKNOWN,False
3671,KR,U15,,PARTIAL RENEWAL OR MAINTENANCE FEE PAID MODIFYING THE IP RIGHT SCOPE,[NO DESCRIPTION IN ORIGINAL LANGUAGE],U,PAYMENT,NEUTRAL,False
3672,KR,V11,,ADMINISTRATIVE APPEAL REQUESTED,[NO DESCRIPTION IN ORIGINAL LANGUAGE],V,APPEAL,NEUTRAL,False
3673,KR,V12,,COURT APPEAL REQUESTED,[NO DESCRIPTION IN ORIGINAL LANGUAGE],V,APPEAL,NEUTRAL,False
3674,KR,V13,,"APPEAL INADMISSIBLE, REJECTED OR WITHDRAWN",[NO DESCRIPTION IN ORIGINAL LANGUAGE],V,APPEAL,NEUTRAL,False
3675,KR,V14,,DECISION REMANDED,[NO DESCRIPTION IN ORIGINAL LANGUAGE],V,APPEAL,NEUTRAL,False
3676,KR,V15,,DECISION SUBSTITUTED,[NO DESCRIPTION IN ORIGINAL LANGUAGE],V,APPEAL,NEUTRAL,False
3677,KR,W00,,OTHER LEGAL EVENT,[NO DESCRIPTION IN ORIGINAL LANGUAGE],W,OTHER,NEUTRAL,False
3678,KR,WICV,-,WITHDRAWAL OF APPLICATION FORMING A BASIS OF A CONVERTED APPLICATION,WITHDRAWAL OF APPLICATION FORMING A BASIS OF A CONVERTED APPLICATION,B,APPLICATION DISCONTINUATION,DEAD,False
3679,KR,WITB,-,WRITTEN WITHDRAWAL OF APPLICATION,WRITTEN WITHDRAWAL OF APPLICATION,B,APPLICATION DISCONTINUATION,DEAD,False
3680,KR,WITN,-,"APPLICATION DEEMED WITHDRAWN, E.G. BECAUSE NO REQUEST FOR EXAMINATION WAS FILED OR NO EXAMINATION FEE WAS PAID",WITHDRAWAL DUE TO NO REQUEST FOR EXAMINATION,B,APPLICATION DISCONTINUATION,DEAD,False
3681,KR,WITR,-,WITHDRAWAL OF PATENT APPLICATION AFTER DECISION TO GRANT,REQUEST FOR WITHDRAWAL (ABANDONMENT) AFTER DECISION OF REGISTRATION,B,APPLICATION DISCONTINUATION,DEAD,False
3682,KR,X091,-,APPLICATION REFUSED [PATENT],DECISION TO REFUSE APPLICATION,B,APPLICATION DISCONTINUATION,DEAD,False
3683,KR,X601,-,DECISION OF REJECTION AFTER RE-EXAMINATION,DECISION OF REJECTION AFTER RE-EXAMINATION,B,APPLICATION DISCONTINUATION,DEAD,False
3684,KR,X701,+,DECISION TO GRANT (AFTER RE-EXAMINATION),DECISION TO GRANT (AFTER RE-EXAMINATION),F,IP RIGHT GRANT,ALIVE,True
3685,KR,X70R,-,DECISION TO REFUSE APPLICATION,DECISION OF REJECTION AFTER RE-EXAMINATION,B,APPLICATION DISCONTINUATION,DEAD,False
3686,KR,X901,,RE-EXAMINATION,RE-EXAMINATION,E,PRE-GRANT REVIEW REQUEST,PENDING,False
3687,KR,Z031,-,REQUEST FOR PATENT CANCELLATION [NEW POST GRANT OPPOSITION SYSTEM INTRODUCED ON 1 MARCH 2017],REQUEST FOR PATENT CANCELLATION,L,IP RIGHT REVIEW REQUEST,DEAD,False
3688,KR,Z032,-,REQUEST FOR UTILITY MODEL CANCELLATION [NEW POST GRANT OPPOSITION SYSTEM INTRODUCED ON 1 MARCH 2017],REQUEST FOR UTILITY MODEL CANCELLATION,L,IP RIGHT REVIEW REQUEST,DEAD,False
3689,KR,Z071,+,MAINTENANCE OF PATENT AFTER CANCELLATION PROCEEDINGS [NEW POST GRANT OPPOSITION SYSTEM AS OF 20170301],MAINTENANCE OF REGISTRATION AFTER REQUEST FOR PATENT REVOCATION,M,IP RIGHT MAINTENANCE,ALIVE,False
3690,KR,Z072,,MAINTENANCE OF PATENT AFTER CANCELLATION PROCEEDINGS: CERTIFIED COPY OF DECISION TRANSMITTED [NEW POST GRANT OPPOSITION SYSTEM AS OF 20170301],MAINTENANCE OF REGISTRATION AFTER REQUEST FOR PATENT REVOCATION: WRITTEN TRANSMITTAL OF CERTIFIED COPY OF DECISION,L,IP RIGHT REVIEW REQUEST,NEUTRAL,False
3691,KR,Z073,,MAINTENANCE OF UTILITY MODEL AFTER CANCELLATION PROCEEDINGS: CERTIFIED COPY OF DECISION TRANSMITTED [NEW POST GRANT OPPOSITION SYSTEM AS OF 20170301],MAINTENANCE OF REGISTRATION AFTER REQUEST FOR UTILITY MODEL REVOCATION: WRITTEN TRANSMITTAL OF CERTIFIED COPY OF DECISION,L,IP RIGHT REVIEW REQUEST,NEUTRAL,False
3692,KR,Z074,+,MAINTENANCE OF UTILITY MODEL AFTER CANCELLATION PROCEEDINGS [NEW POST GRANT OPPOSITION SYSTEM AS OF 20170301],MAINTENANCE OF REGISTRATION AFTER REQUEST FOR UTILITY MODEL REVOCATION,M,IP RIGHT MAINTENANCE,ALIVE,False
3693,KR,Z121,+,WITHDRAWAL OF REQUEST FOR PATENT CANCELLATION [NEW POST GRANT OPPOSITION SYSTEM INTRODUCED ON 1 MARCH 2017],WITHDRAWAL OF REQUEST FOR PATENT CANCELLATION,L,IP RIGHT REVIEW REQUEST,ALIVE,False
3694,KR,Z131,,DECISION TAKEN ON REQUEST FOR PATENT CANCELLATION [NEW POST GRANT OPPOSITION SYSTEM AS OF 20170301],DECISION ON REQUEST FOR PATENT REVOCATION: DECISION ON REVOCATION (DECISION ON REQUEST FOR REVOCATION),L,IP RIGHT REVIEW REQUEST,NEUTRAL,False
3695,KR,Z132,,DECISION TAKEN ON REQUEST FOR UTILITY MODEL CANCELLATION [NEW POST GRANT OPPOSITION SYSTEM AS OF 20170301],DECISION ON REQUEST FOR UTILITY MODEL REVOCATION: DECISION ON REVOCATION (DECISION ON REQUEST FOR REVOCATION),L,IP RIGHT REVIEW REQUEST,NEUTRAL,False
3696,LT,BB1A,+,PATENT APPLICATION PUBLISHED,PASKELBTOS PARAISKOS,Q,DOCUMENT PUBLICATION,PENDING,False
3697,LT,FD9A,-,WITHDRAWN APPLICATIONS,ATSAUKTOS PARAISKOS,B,APPLICATION DISCONTINUATION,DEAD,False
3698,LT,FG9A,+,PATENT GRANTED,ISDUOTI PATENTAI,F,IP RIGHT GRANT,ALIVE,True
3699,LT,HK9A,,RECTIFICATIONS: PATENT APPLICATIONS,ATITAISYMAI: PATENTINES PARAISKOS,,,PENDING,False
3700,LT,LA9A,,SEIZURE OF NATIONAL PATENT RIGHT,TEISES I NACIONALINIO PATENTO PARAISKA AR PATENTA IKEITIMAS AR ARESTAS,S,INFORMATION ON LICENSING AND SIMILAR TRANSACTIONS,NEUTRAL,False
3701,LT,LA9D,,SEIZURE OF EUROPEAN PATENT RIGHT,TEISES I EUROPOS PATENTO PARAISKA AR PATENTA IKEITIMAS AR ARESTAS,S,INFORMATION ON LICENSING AND SIMILAR TRANSACTIONS,NEUTRAL,False
3702,LT,MA9A,-,PATENT REVOKED,PATENTAI PANAIKINTI,,,DEAD,False
3703,LT,MA9D,-,EUROPEAN PATENT SURRENDERED,ATSISAKYTI EUROPOS PATENTAI,H,IP RIGHT CESSATION,DEAD,False
3704,LT,MG4D,-,INVALIDATED EUROPEAN PATENT,"EUROPOS PATENTAI, LAIKOMI AB INITIO NEGALIOJANCIAIS",H,IP RIGHT CESSATION,DEAD,True
3705,LT,MG9A,-,PATENT INVALIDATED,PATENTAI PRIPAZINTI NEGALIOJANCIAIS,H,IP RIGHT CESSATION,DEAD,False
3706,LT,MG9D,-,INVALIDATION OF EXTENSION OF EUROPEAN PATENTS,"EUROPOS PATENTAI, LAIKOMI NEGALIOJANCIAIS",H,IP RIGHT CESSATION,DEAD,False
3707,LT,MK9A,-,EXPIRY OF A PATENT,PATENTO PANAIKINIMO,H,IP RIGHT CESSATION,DEAD,False
3708,LT,MM4D,-,LAPSE EUROPEAN PATENT,EUROPOS PATENTU GALIOJIMO LIETUVOS RESPUBLIKOJE PANAIKINIMAS,H,IP RIGHT CESSATION,DEAD,False
3709,LT,MM9A,-,LAPSED PATENTS,PANAIKINTI PATENTAI,H,IP RIGHT CESSATION,DEAD,False
3710,LT,MM9D,-,EP PATENT NO LONGER VALID IN THE REPUBLIC OF LITHUANIA,EUROPOS PATENTU ISPLETIMO LIETUVOS RESPUBLICOJE PANAIKINIMAS,H,IP RIGHT CESSATION,DEAD,False
3711,LT,ND9D,+,FILING A SUPPLEMENTARY PROTECTION CERTIFICATE,PARAISKOS PAPILDOMOS APSAUGOS LIUDIJIMUI,G,PROTECTION BEYOND IP RIGHT TERM,NEUTRAL,False
3712,LT,NF9A,+,NATIONAL PATENT RESTORED,TEISIU I NACIONALINI PATENTA ATKÜRIMAS,K,IP RIGHT REVIVAL,ALIVE,False
3713,LT,NF9D,+,EUROPEAN PATENT RESTORED,TEISIU I EUROPOS PATENTA ATKÜRIMAS,K,IP RIGHT REVIVAL,ALIVE,False
3714,LT,PC9A,,TRANSFER OF PATENTS,PATENTO PERLEIDIMAS,R,PARTY DATA CHANGE,NEUTRAL,False
3715,LT,PD9A,,CHANGE OF PATENT OWNER,SAVININKO PAKEITIMAS,R,PARTY DATA CHANGE,NEUTRAL,False
3716,LT,QA9A,,LICENCE OF RIGHT PUBLISHED,VIESOSIOS LICENCIJOS PASKELBIMAS,S,INFORMATION ON LICENSING AND SIMILAR TRANSACTIONS,NEUTRAL,False
3717,LT,QA9D,,LICENCE OF RIGHT PUBLISHED [EUROPEAN PATENT],VIESOSIOS LICENCIJOS PASKELBIMAS,S,INFORMATION ON LICENSING AND SIMILAR TRANSACTIONS,NEUTRAL,False
3718,LT,QB9A,,LICENSE FOR NATIONAL PATENT GRANTED,NACIONALINIO PATENTO LICENCIJOS SUTEIKIMAS,S,INFORMATION ON LICENSING AND SIMILAR TRANSACTIONS,NEUTRAL,True
3719,LT,QB9D,,LICENCE FOR EUROPEAN PATENT GRANTED,EUROPOS PATENTO LICENCIJOS SUTEIKIMAS,S,INFORMATION ON LICENSING AND SIMILAR TRANSACTIONS,NEUTRAL,True
3720,LT,QC9A,,REMOVAL OF LICENSING CONTRACT,VIESOSIOS LICENCIJOS ATSAUKIMO,S,INFORMATION ON LICENSING AND SIMILAR TRANSACTIONS,NEUTRAL,False
3721,LT,RL9D,+,PUBLICATION OF AMENDED CLAIMS OF EUROPEAN PATENT ACCORDING ART. 54 PATENT LAW,EUROPOS PATENTAI PASKELBTI PAGAL LIETUVOS RESPUBLIKOS PATENTU ISTATMY 54 STRAIPSNI TEISMO SPRENDIMU,Q,DOCUMENT PUBLICATION,PENDING,False
3722,LT,SPCA,,ASSIGNMENT OF SPC,PAPILDOMOS APSAUGOS LIUDIJIMO PERLEIDIMAS,R,PARTY DATA CHANGE,NEUTRAL,False
3723,LT,SPCD,,CHANGE OF EXTENSION DATE OF AN SPC,CHANGE OF EXTENSION DATE OF AN SPC,G,PROTECTION BEYOND IP RIGHT TERM,NEUTRAL,False
3724,LT,SPCE,+,FILING AN EXTENSION OF AN SPC (FOR PAEDIATRIC MEDICAMENTS),FILING AN EXTENSION OF AN SPC (FOR PAEDIATRIC MEDICAMENTS),G,PROTECTION BEYOND IP RIGHT TERM,NEUTRAL,False
3725,LT,SPCF,,FILING AN SPC,PARAISKOS PAPILDOMOS APSAUGOS LIUDIJIMUI,G,PROTECTION BEYOND IP RIGHT TERM,NEUTRAL,False
3726,LT,SPCG,+,GRANT OF AN SPC,GRANT OF AN SPC,G,PROTECTION BEYOND IP RIGHT TERM,ALIVE,False
3727,LT,SPCL,-,LAPSE OF AN SPC,[NO DESCRIPTION IN ORIGINAL LANGUAGE],H,IP RIGHT CESSATION,DEAD,False
3728,LT,SPCM,,CHANGE OF REPRESENTATIVE OF AN SPC,CHANGE OF REPRESENTATIVE OF AN SPC,R,PARTY DATA CHANGE,NEUTRAL,False
3729,LT,SPCR,-,REJECTION OF AN SPC,REJECTION OF AN SPC,G,PROTECTION BEYOND IP RIGHT TERM,NEUTRAL,False
3730,LT,SPCT,,CHANGE OF OWNERSHIP OF AN SPC,CHANGE OF OWNERSHIP OF AN SPC,R,PARTY DATA CHANGE,NEUTRAL,False
3731,LT,SPCW,-,WITHDRAWAL OF AN SPC,WITHDRAWAL OF AN SPC,G,PROTECTION BEYOND IP RIGHT TERM,DEAD,False
3732,LT,SPCX,-,EXPIRY OF AN SPC,EXPIRY OF AN SPC,H,IP RIGHT CESSATION,DEAD,False
3733,LT,SPCY,-,FILING OF AN EXTENSION FOR AN SPC REJECTED,[NO DESCRIPTION IN ORIGINAL LANGUAGE],G,PROTECTION BEYOND IP RIGHT TERM,NEUTRAL,False
3734,LT,SPCZ,+,GRANT OF EXTENSION OF AN SPC  (FOR PAEDIATRIC MEDICAMENTS),GRANT OF EXTENSION OF AN SPC  (FOR PAEDIATRIC MEDICAMENTS),G,PROTECTION BEYOND IP RIGHT TERM,ALIVE,False
3735,LT,TA9A,,CHANGE OF PATENT INVENTOR,ISRADEJO PAKEITIMAS,R,PARTY DATA CHANGE,NEUTRAL,False
3736,LT,TC9A,,CHANGE OF REPRESENTATIVE,ATSTOVO PATIKETINIO PAKEITIMAS,R,PARTY DATA CHANGE,NEUTRAL,False
3737,LT,TH9A,,CHANGES IN PATENT TITLE/CLAIMS,ISRADIMO PAVADINIMO/APIBREZTIES PAKEITIMAS,Z,CLASSIFICATION PENDING,NEUTRAL,False
3738,LT,TK9A,,RECTIFICATIONS: PATENTS,ATITAISYMAI: PATENTAI,Y,CORRECTION AND DELETION OF EVENT INFORMATION,NEUTRAL,False
3739,LT,TK9D,,RECTIFICATIONS: EUROPEAN PATENTS,ATITAISYMAI,Y,CORRECTION AND DELETION OF EVENT INFORMATION,NEUTRAL,False
3740,LU,CCP,+,SUPPLEMENTARY PROTECTION CERTIFICATE,CERTIFICAT COMPLEMENTAIRE DE PROTECTION,G,PROTECTION BEYOND IP RIGHT TERM,NEUTRAL,False
3741,LU,CCPY,+,SUPPLEMENTARY PROTECTION CERTIFICATE FOR PLANT PROTECTION,CERTIFICAT COMPLEMENTAIRE DE PROTECTION POUR PRODUIT PHYTOPHARMACEUTIQUE,G,PROTECTION BEYOND IP RIGHT TERM,NEUTRAL,False
3742,LU,CNA,,CHANGE OF HOLDER'S NAME OR ADDRESS,CHANGEMENT DE NOM ET/OU D'ADRESSE,,,NEUTRAL,False
3743,LU,DT,,APPLICATION DATE,DATE DE DEPOT,,,PENDING,False
3744,LU,DV,,DIVERS,DIVERS,,,NEUTRAL,False
3745,LU,FG,+,PATENT GRANTED,[NO DESCRIPTION IN ORIGINAL LANGUAGE],F,IP RIGHT GRANT,ALIVE,True
3746,LU,HC,,CHANGE/CORRECTION OF NAME AND/OR ADDRESS OF THE OWNERS,[NO DESCRIPTION IN ORIGINAL LANGUAGE],R,PARTY DATA CHANGE,NEUTRAL,False
3747,LU,HK,-,PATENT GRANTING CANCELLED,[NO DESCRIPTION IN ORIGINAL LANGUAGE],F,IP RIGHT GRANT,DEAD,False
3748,LU,MA,-,PATENT TOTALLY RENOUNCED (LAPSED DUE TO RESIGNATION BY THE PROPRIETOR),[NO DESCRIPTION IN ORIGINAL LANGUAGE],H,IP RIGHT CESSATION,DEAD,False
3749,LU,NAN,-,MORTGAGE,NANTISSEMENT,,,UNKNOWN,False
3750,LU,NE,+,RESTORATION REQUESTED,[NO DESCRIPTION IN ORIGINAL LANGUAGE],K,IP RIGHT REVIVAL,ALIVE,False
3751,LU,NF,+,PATENT RESTORED AFTER LAPSE,[NO DESCRIPTION IN ORIGINAL LANGUAGE],K,IP RIGHT REVIVAL,ALIVE,False
3752,LU,PD,,CHANGE OF OWNERSHIP,[NO DESCRIPTION IN ORIGINAL LANGUAGE],R,PARTY DATA CHANGE,NEUTRAL,False
3753,LU,QB,,LICENCE REGISTERED,[NO DESCRIPTION IN ORIGINAL LANGUAGE],S,INFORMATION ON LICENSING AND SIMILAR TRANSACTIONS,NEUTRAL,False
3754,LU,RC,,PLEDGE ESTABLISHED (PAWNING),[NO DESCRIPTION IN ORIGINAL LANGUAGE],S,INFORMATION ON LICENSING AND SIMILAR TRANSACTIONS,NEUTRAL,False
3755,LU,RE,+,REESTABLISHMENT,RESTAURATION,,,ALIVE,False
3756,LU,RECT,,CORRECTION,RECTIFICATION,,,NEUTRAL,False
3757,LU,RF,,SEIZURE TERMINATED,[NO DESCRIPTION IN ORIGINAL LANGUAGE],S,INFORMATION ON LICENSING AND SIMILAR TRANSACTIONS,NEUTRAL,False
3758,LU,SPCC,,REGISTERED LICENCE OF A SUPPLEMENTARY PROTECTION CERTIFICATE,[NO DESCRIPTION IN ORIGINAL LANGUAGE],S,INFORMATION ON LICENSING AND SIMILAR TRANSACTIONS,NEUTRAL,False
3759,LU,SPCE,+,FILING FOR A PAEDIATRIC EXTENSION OF A SUPPLEMENTARY PROTECTION CERTIFICATE,[NO DESCRIPTION IN ORIGINAL LANGUAGE],G,PROTECTION BEYOND IP RIGHT TERM,NEUTRAL,False
3760,LU,SPCF,+,SUPPLEMENTARY PROTECTION CERTIFICATE (SPC) FILED,[NO DESCRIPTION IN ORIGINAL LANGUAGE],G,PROTECTION BEYOND IP RIGHT TERM,NEUTRAL,False
3761,LU,SPCG,+,SUPPLEMENTARY PROTECTION CERTIFICATE (SPC) GRANTED,[NO DESCRIPTION IN ORIGINAL LANGUAGE],G,PROTECTION BEYOND IP RIGHT TERM,ALIVE,False
3762,LU,SPCI,+,REINSTATEMENT OF RIGHTS,[NO DESCRIPTION IN ORIGINAL LANGUAGE],K,IP RIGHT REVIVAL,ALIVE,False
3763,LU,SPCT,,SUPPLEMENTARY PROTECTION CERTIFICATE (SPC): CHANGE OF OWNERSHIP,[NO DESCRIPTION IN ORIGINAL LANGUAGE],R,PARTY DATA CHANGE,NEUTRAL,False
3764,LU,SPCW,-,SUPPLEMENTARY PROTECTION CERTIFICATE RENOUNCED,[NO DESCRIPTION IN ORIGINAL LANGUAGE],H,IP RIGHT CESSATION,DEAD,False
3765,LU,SPCY,-,PAEDIATRIC EXTENSION OF SUPPLEMENTARY PROTECTION CERTIFICATE REJECTED,[NO DESCRIPTION IN ORIGINAL LANGUAGE],G,PROTECTION BEYOND IP RIGHT TERM,DEAD,False
3766,LU,SPCZ,+,GRANT OF PAEDIATRIC EXTENSION OF A SUPPLEMENTARY PROTECTION CERTIFICATE,[NO DESCRIPTION IN ORIGINAL LANGUAGE],G,PROTECTION BEYOND IP RIGHT TERM,ALIVE,False
3767,LU,TA,+,ANNUAL FEE,TAXE D'ANNUITE,,,UNKNOWN,False
3768,LU,TE,,CHANGE OF ADDRESS (OWNER),[NO DESCRIPTION IN ORIGINAL LANGUAGE],R,PARTY DATA CHANGE,NEUTRAL,False
3769,LU,TP,,TRANSFER OF RIGHTS,TRANSFERT DE PROPRIETE,,,NEUTRAL,False
3770,MA,VAGR,+,VALIDATION OF EP PATENT IN VALIDATION STATE [INFORMATION PROVIDED BY NATIONAL OFFICE],[NO DESCRIPTION IN ORIGINAL LANGUAGE],W,OTHER,ALIVE,False
3771,MC,BN,,ABANDONED,ABANDON,,,NEUTRAL,False
3772,MC,NN,,ANNULMENT,ANNULE,,,NEUTRAL,False
3773,MC,PED,,NOT YET GRANTED,PAS ENCORE DELIVRE,,,NEUTRAL,False
3774,MC,YP,,ANNUAL FEE PAID,TAXE D'ANNUITE PAYEE,,,NEUTRAL,False
3775,MD,1K4A,+,PAYMENT OF ANNUAL FEES,PLATA TAXEI ANUALE PENTRU MENTINEREA IN VIGOARE,U,PAYMENT,UNKNOWN,False
3776,MD,1M4A,-,EXPIRATION OF TERMS,EXPIRAREA TERMENULUI,H,IP RIGHT CESSATION,DEAD,False
3777,MD,AE9A,+,RESTORATION OF LAPSED OF FORFEITED APPLICATION (PATENT FOR INVENTION),RESTABILIREA DREPTURILOR REFERITOR LA CEREREA DE BREVET,C,APPLICATION REVIVAL,ALIVE,False
3778,MD,CD4A,-,APPLICATION REFUSED FOLLOWING OPPOSITION,APPLICATION REFUSED FOLLOWING OPPOSITION,,,PENDING,False
3779,MD,CHPR,,CHANGE OF PROPRIETORSHIP,MODIFICAREA TITULARULUI,R,PARTY DATA CHANGE,NEUTRAL,False
3780,MD,FA1A,-,WITHDRAWN APPLICATION,CERERE RETRASA,B,APPLICATION DISCONTINUATION,DEAD,False
3781,MD,FA2A,-,WITHDRAWN APPLICATION,CERERE RETRASA,B,APPLICATION DISCONTINUATION,DEAD,False
3782,MD,FA9A,-,ABANDONMENT OR WITHDRAWAL OF APPLICATION (PATENT FOR INVENTION),CERERE ABANDONATA SAU RETRASA (BREVET),B,APPLICATION DISCONTINUATION,DEAD,False
3783,MD,FA9K,-,ABANDONMENT OR WITHDRAWAL OF APPLICATION (UTILITY MODEL),CERERE ABANDONATA SAU RETRASA (MODEL DE UTILITATE),B,APPLICATION DISCONTINUATION,DEAD,False
3784,MD,FA9Y,-,ABANDONMENT OR WITHDRAWAL OF APPLICATION (SHORT TERM PATENT),CERERE DE BREVET DE INVENTIE DE SCURTA DURATA ABANDONATA SAU RETRASA,B,APPLICATION DISCONTINUATION,DEAD,False
3785,MD,FC2A,-,REJECTED APPLICATION,CERERE RESPINSA,B,APPLICATION DISCONTINUATION,DEAD,False
3786,MD,FC9A,-,REFUSAL OF APPLICATION (PATENT FOR INVENTION),CERERE RESPINSA (BREVET),B,APPLICATION DISCONTINUATION,DEAD,False
3787,MD,FC9K,-,REFUSAL OF APPLICATION (UTILITY MODEL),CERERE RESPINSA (MODEL DE UTILITATE),B,APPLICATION DISCONTINUATION,DEAD,False
3788,MD,FC9Y,-,REFUSAL OF APPLICATION (SHORT TERM PATENT),CERERE RESPINSA (BREVET DE INVENTIE DE SCURTA DURATA),,,PENDING,False
3789,MD,FD3A,-,PATENT OR SHORT TERM PATENT EXPIRED,BREVET SAU BREVET DE INVENTIE DE SCURTA DURATA EXPIRAT,H,IP RIGHT CESSATION,DEAD,False
3790,MD,FD4A,-,PATENT EXPIRED,BREVET EXPIRAT,H,IP RIGHT CESSATION,DEAD,False
3791,MD,FG3A,+,GRANTED PATENT FOR INVENTION,BREVET ACORDAT,F,IP RIGHT GRANT,ALIVE,True
3792,MD,FG4A,+,PATENT FOR INVENTION ISSUED,BREVET ELIBERAT,F,IP RIGHT GRANT,ALIVE,False
3793,MD,FG4K,+,CERTIFICATE ISSUED (UTILITY MODEL),CERTIFICAT ELIBERAT,F,IP RIGHT GRANT,ALIVE,False
3794,MD,FG9Y,+,SHORT TERM PATENT ISSUED,BREVET DE INVENTIE DE SCURTA DURATA ELIBERAT,F,IP RIGHT GRANT,ALIVE,True
3795,MD,GB9A,,CHANGE OF APPLICANT (PATENT FOR INVENTION),SCHIMBARE DE SOLICITANT,R,PARTY DATA CHANGE,NEUTRAL,False
3796,MD,HA9A,,CHANGE OF INVENTORSHIP IN APPLICATION (PATENT FOR INVENTION),MODIFICAREA COLECTIVULUI DE INVENTATORI IN CEREREA DE BREVET,R,PARTY DATA CHANGE,PENDING,False
3797,MD,HB9A,,NAME OR ADDRESS OF APPLICANT CORRECTED (PATENT FOR INVENTION),CORECTAREA NUMELUI/DENUMIRII SOLICITANTULUI (BREVET),R,PARTY DATA CHANGE,NEUTRAL,False
3798,MD,HC9A,,NAME OF APPLICANT CHANGED (PATENT FOR INVENTION),MODIFICARCA NUMELUI/DENUMIRII SOLICITANTULUI,R,PARTY DATA CHANGE,NEUTRAL,False
3799,MD,HK9A,,ERRATUM IN OFFICIAL GAZETTE WITH REGARD TO APPLICATION (PATENT FOR INVENTION),ERATE IN BOPI REFERITOR LA CEREREA DE BREVET,Y,CORRECTION AND DELETION OF EVENT INFORMATION,PENDING,False
3800,MD,IF99,+,VALID PATENT ON 19990615,BREVET VALABIL LA 19990615,W,OTHER,UNKNOWN,True
3801,MD,KA4A,-,PATENT FOR INVENTION LAPSED DUE TO NON-PAYMENT OF FEES (WITH RIGHT OF RESTORATION),BREVET DECAZUT DIN DREPTURI PRIN NEPLATA TEXELOR (CU DREPTUL DE RESTABILIRE),H,IP RIGHT CESSATION,DEAD,False
3802,MD,KA4K,-,CERTIFICATE OF REGISTRATION OF UTILITY MODEL LAPSED DUE TO NON-PAYMENT OF FEES (WITH RIGHT OF RESTORATION),CERTIFICAT DE INREGISTRARE A MODELELUI DE UTILITATE DECAZUT DIN DREPTURI PRIN NEPLATA TAXELOR (CU DREPTUL DE RESTABILIRE),H,IP RIGHT CESSATION,DEAD,False
3803,MD,KA4Y,-,SHORT-TERM PATENT LAPSED DUE TO NON-PAYMENT OF FEES (WITH RIGHT OF RESTORATION),DECADERI DIN DREPTURILE CE DECURG DIN BREVET DE INVENTIE DE SCURTA DURATA (CU DREPTUL DE RESTABILIRE),H,IP RIGHT CESSATION,DEAD,False
3804,MD,LD4A,,PATENT LIMITED,LIMITAREA BREVETULUI,L,IP RIGHT REVIEW REQUEST,NEUTRAL,False
3805,MD,MB4A,-,PATENT FOR INVENTION SURRENDERED,RENUNTARE LA BREVET,H,IP RIGHT CESSATION,DEAD,False
3806,MD,MC4A,-,PATENT FOR INVENTION REVOKED,BREVET ANULAT,H,IP RIGHT CESSATION,DEAD,False
3807,MD,MK4A,-,PATENT FOR INVENTION EXPIRED,EXPIRAREA TERMENULUI DE VALABILITATE,H,IP RIGHT CESSATION,DEAD,False
3808,MD,MK4K,-,CERTIFICATE OF REGISTRATION EXPIRED (UTILITY MODEL),EXPIRAREA TERMENULUI DE VALABILITATE (MODEL DE UTILITATE),H,IP RIGHT CESSATION,DEAD,False
3809,MD,MK4Y,-,SHORT TERM PATENT EXPIRED,EXPIRAREA TERMENULUI DE VALABILITATE (BREVET DE INVENTIE DE SCURTA DURATA),H,IP RIGHT CESSATION,DEAD,False
3810,MD,MM3A,-,PATENT FOR INVENTION DEFINITELY LAPSED,PATENT DEFINITELY LAPSED,H,IP RIGHT CESSATION,DEAD,False
3811,MD,MM4A,-,PATENT FOR INVENTION DEFINITELY LAPSED DUE TO NON-PAYMENT OF FEES,BREVET DECAZUT DIN DREPTURI PRIN NEPLATA TEXELOR,H,IP RIGHT CESSATION,DEAD,False
3812,MD,MM4K,-,CERTIFICATE OF REGISTRATION OF UTILITY MODEL DEFINITIVELY LAPSED DUE TO NON-PAYMENT OF FEES,CERTIFICAT DE INREGISTRARE A MODELELUI DE UTILITATE DECAZUT DEFINITIV DIN DREPTURI PRIN NEPLATA TAXELOR,H,IP RIGHT CESSATION,DEAD,False
3813,MD,MM4Y,-,SHORT-TERM PATENT DEFINITELY LAPSED DUE TO NON-PAYMENT OF FEES,BREVET DE INVENTIE DE SCURTA DURATA DECAZUT DIN DREPTURI PRIN NEPLATA TEXELOR,H,IP RIGHT CESSATION,DEAD,False
3814,MD,ND4K,+,EXTENSION OF THE VALIDITY TERM [UTILITY MODEL],PRELUNGIREA TERMENULUI DE VALABILITATE,G,PROTECTION BEYOND IP RIGHT TERM,NEUTRAL,False
3815,MD,ND4Y,+,VALIDITY OF SHORT TERM PATENT EXTENDED [FROM 6 TO 10 YEARS],BREVET DE INVENTIE DE SCURTA DURATA AL CARUI TERMEN DE VALABILITATE A FOST PRELUNGIT,G,PROTECTION BEYOND IP RIGHT TERM,NEUTRAL,False
3816,MD,NF4A,+,RESTORATION OF LAPSED PATENT FOR INVENTION,RESTABILIREA DREPTURILOR REFERITOR LA BREVET,K,IP RIGHT REVIVAL,ALIVE,False
3817,MD,NF4K,+,RESTORATION OF LAPSED UTILITY MODEL,RESTABILIREA DREPTURILOR MODELULUI DE UTILITATE,K,IP RIGHT REVIVAL,ALIVE,False
3818,MD,NF4Y,+,RESTORATION OF LAPSED SHORT TERM PATENT,RESTABILIREA DREPTURILOR REFERITOR LA BREVET (BREVET DE INVENTIE DE SCURTA DURATA),K,IP RIGHT REVIVAL,ALIVE,False
3819,MD,PC3A,,TRANSFER OR ASSIGNMENT (PATENT FOR INVENTION),BREVET CESIONAT,R,PARTY DATA CHANGE,NEUTRAL,False
3820,MD,PC4A,,TRANSFER OR ASSIGNMENT (UTILITY MODEL),MODEL DE UTILITATE CESIONAT,R,PARTY DATA CHANGE,NEUTRAL,False
3821,MD,PD4A,,CHANGE OF PROPRIETORSHIP (PATENT FOR INVENTION),SCHIMBAREA TITULARULUI (BREVET),R,PARTY DATA CHANGE,NEUTRAL,False
3822,MD,PD4K,,CHANGE OF PROPRIETORSHIP (UTILITY MODEL),SCHIMBAREA TITULARULUI (MODEL DE UTILITATE),R,PARTY DATA CHANGE,NEUTRAL,False
3823,MD,PD4Y,,CHANGE OF PROPRIETORSHIP (SHORT TERM PATENT),SCHIMBAREA TITULARULUI (BREVET DE INVENTIE DE SCURTA DURATA),R,PARTY DATA CHANGE,NEUTRAL,False
3824,MD,PD99,,PENDING APPLICATION,CERERE DEPUSA,T,ADMINISTRATIVE PROCEDURE ADJUSTMENT,PENDING,False
3825,MD,TA4A,,CHANGE OF INVENTORSHIP IN PATENT FOR INVENTION,MODIFICAREA COLECTIVULUI DE INVENTATORI IN BREVET,R,PARTY DATA CHANGE,NEUTRAL,False
3826,MD,TB4A,,NAME OF PROPRIETOR CORRECTED (PATENT FOR INVENTION),CORECTAREA NUMELUI/DENUMIRII TITULARULUI (BREVET),R,PARTY DATA CHANGE,NEUTRAL,False
3827,MD,TC4A,,CHANGE OF NAME OF PROPRIETOR (PATENT FOR INVENTION),MODIFICAREA NUMELUI/DENUMIRII TITULARULUI (BREVET),R,PARTY DATA CHANGE,NEUTRAL,False
3828,MD,TC4K,,CHANGE OF NAME OF PROPRIETOR (UTILITY MODEL),MODIFICAREA NUMELUI/DENUMIRII TITULARULUI (MODEL DE UTILITATE),R,PARTY DATA CHANGE,NEUTRAL,False
3829,MD,TH4A,,CHANGE/CORRECTION IN PATENT SPECIFICATION,MODIFICARI/CORECTARI IN FASCICULUL DE BREVET,P,RE-PUBLICATION OF DOCUMENT AFTER MODIFICATION,PENDING,False
3830,MD,TK4A,,ERRATUM IN OFFICIAL GAZETTE IN REGARD TO PATENT FOR INVENTION,ERATE IN BOPI REFERITOR LA BREVET,Y,CORRECTION AND DELETION OF EVENT INFORMATION,NEUTRAL,False
3831,MD,TK4Y,,ERRATUM IN OFFICIAL GAZETTE WITH REGARD TO SHORT TERM PATENT,ERATE IN BOPI REFERITOR LA BREVET DE INVENTIE DE SCURTA DURATA,Y,CORRECTION AND DELETION OF EVENT INFORMATION,NEUTRAL,False
3832,MD,VAGR,+,TRANSLATION OF VALIDATED EUROPEAN PATENT,BREVETE VALIDATE ELIBERATE,W,OTHER,ALIVE,True
3833,MX,FA,-,ABANDONMENT OR WITHDRAWAL,ABANDONO/DESISTIMIENTO POR PARTE DEL TITULAR,B,APPLICATION DISCONTINUATION,DEAD,False
3834,MX,FC,-,REFUSAL,NEGATIVA DE OTORGAMIENTO,B,APPLICATION DISCONTINUATION,DEAD,False
3835,MX,FG,+,GRANT OR REGISTRATION,CONCESION,F,IP RIGHT GRANT,ALIVE,False
3836,MX,GB,,TRANSFER OR RIGHTS,TRANSMISION DE DERECHOS,R,PARTY DATA CHANGE,NEUTRAL,False
3837,MX,GD,,LICENCE GRANTED,LICENCIAS DE EXPLOTACION,S,INFORMATION ON LICENSING AND SIMILAR TRANSACTIONS,NEUTRAL,False
3838,MX,HC,,CHANGE OF COMPANY NAME OR JURIDICAL STATUS,CAMBIO DE RAZON SOCIAL Y CAMBIO DE REGIMEN JURIDICO,R,PARTY DATA CHANGE,NEUTRAL,False
3839,MX,HH,,CORRECTION OR CHANGE IN GENERAL,CORRECCIONES (FE DE ERRATAS),Y,CORRECTION AND DELETION OF EVENT INFORMATION,NEUTRAL,False
3840,MX,MK,-,CEASED DUE TO EXPIRATION OF TERM,CADUCAS POR VENCIMIENTO,H,IP RIGHT CESSATION,DEAD,False
3841,MX,MM,-,ANNULMENT OR LAPSE DUE TO NON-PAYMENT OF FEES,CADUCAS POR FALTA DE PAGO,H,IP RIGHT CESSATION,DEAD,False
3842,MX,PD,,CHANGE OF PROPRIETORSHIP,TRANSMISION DE DERECHOS,R,PARTY DATA CHANGE,NEUTRAL,False
3843,NL,A1A,+,A REQUEST FOR SEARCH OR AN INTERNATIONAL-TYPE SEARCH HAS BEEN FILED,RUBRIEK A ONDERDEEL 1 EEN VERZOEK OM NIEUWHEIDSONDERZOEK IS DOOR DE AANVRAGER INGEDIEND,D,SEARCH AND EXAMINATION,PENDING,False
3844,NL,A1B,+,A SEARCH REPORT HAS BEEN DRAWN UP,RUBRIEK A ONDERDEEL 1 HET RESULTAAT VAN EEN ONDERZOEK IS TER INZAGE GELEGD,D,SEARCH AND EXAMINATION,PENDING,False
3845,NL,A1C,+,A REQUEST FOR EXAMINATION HAS BEEN FILED,RUBRIEK A ONDERDEEL 1 ART. 22 J,D,SEARCH AND EXAMINATION,PENDING,False
3846,NL,A1M,+,THE APPLICATION IS BASED ON A (SEVERAL) MICRO-ORGANISM(S),DE AANVRAGE IS GEBASEERD OP EEN (MEERDERE) MICROOGANISME(N),,,PENDING,False
3847,NL,A1X,+,A REQUEST FOR ADDITIONAL SEARCH HAS BEEN FILED,"RUBRIEK A ONDERDEEL 1 ART. 22 I, LID 9",,,UNKNOWN,False
3848,NL,A1Y,+,AN ADDITIONAL SEARCH REPORT HAS BEEN DRAWN UP,"RUBRIEK A ONDERDEEL 1 ART. 22, LID 5 JO LID 6",,,UNKNOWN,False
3849,NL,A85,+,STILL PENDING ON 85-01-01,NOG HANGEND (PENDING),,,UNKNOWN,False
3850,NL,AC1,,APPLICATION FOR A SUPPLEMENTARY PROTECTION CERTIFICATE,AANVRAGE VOOR EEN AANVULLEND BESCHERMINGSCERTIFICAAT,G,PROTECTION BEYOND IP RIGHT TERM,PENDING,False
3851,NL,AD1A,+,A REQUEST FOR SEARCH OR AN INTERNATIONAL TYPE SEARCH HAS BEEN FILED,EEN VERZOEK OM EEN NIEUWHEIDSONDERZOEK OF EEN VERZOEK OM EEN NIEUWHEIDSONDERZOEK VAN INTERNATIONAAL TYPE IS DOOR DE AANVRAGER INGEDIEND,D,SEARCH AND EXAMINATION,PENDING,False
3852,NL,AD1B,+,A SEARCH REPORT HAS BEEN DRAWN UP,HET RESULTAAT VAN EEN ONDERZOEK IS AAN AANVRAGER MEDEGEDEELD,D,SEARCH AND EXAMINATION,PENDING,False
3853,NL,ADDC,,PATENTS IN RESPECT OF WHICH A DECISION HAS BEEN TAKEN OR A REPORT HAS BEEN MADE (FOR ADVICE),[NO DESCRIPTION IN ORIGINAL LANGUAGE],L,IP RIGHT REVIEW REQUEST,NEUTRAL,False
3854,NL,ADRQ,,PATENTS IN RESPECT OF WHICH A REQUEST FOR ADVICE HAS BEEN FILED,[NO DESCRIPTION IN ORIGINAL LANGUAGE],L,IP RIGHT REVIEW REQUEST,NEUTRAL,False
3855,NL,AK,,CORRECTION OF FORMER APPLICATIONS ALREADY LAID OPEN,VERBETERINGEN,P,RE-PUBLICATION OF DOCUMENT AFTER MODIFICATION,PENDING,False
3856,NL,BA,+,A REQUEST FOR SEARCH OR AN INTERNATIONAL-TYPE SEARCH HAS BEEN FILED,"ART. 22 I, LID 1",D,SEARCH AND EXAMINATION,PENDING,False
3857,NL,BAI,,A REQUEST FOR SEARCH HAS BEEN WITHDRAWN,EEN VERZOEKSCHRIFT ALS HIERBOVEN ONDER A BEDOELD IS INGETROKKEN,,,NEUTRAL,False
3858,NL,BATV,,A REQUEST FOR SEARCH HAS BEEN WITHDRAWN,"ART. 22 I, LID 1 TERUGGENOMEN VERZOEKEN",,,NEUTRAL,False
3859,NL,BB,,A SEARCH REPORT HAS BEEN DRAWN UP,"ART. 22 I, LID 5",D,SEARCH AND EXAMINATION,PENDING,False
3860,NL,BC,+,A REQUEST FOR EXAMINATION HAS BEEN FILED,ART. 22 J,D,SEARCH AND EXAMINATION,PENDING,False
3861,NL,BC1,,FURTHER COMMUNICATIONS CONCERNING APPLICATIONS FOR A SUPPLEMENTARY PROTECTION CERTIFICATE,OVERIGE MEDEDELINGEN OVER AANVRAGEN VOOR EEN AANVULLEND BESCHERMIGSCERTIFICAAT,G,PROTECTION BEYOND IP RIGHT TERM,PENDING,False
3862,NL,BCI,,A REQUEST FOR EXAMINATION HAS BEEN WITHDRAWN,EEN VERZOEKSCHRIFT ALS HIERBOVEN ONDER C BEDOELD IS INGETROKKEN,,,PENDING,False
3863,NL,BI,-,THE PATENT APPLICATION HAS BEEN WITHDRAWN,"ART. 25, LID 1",B,APPLICATION DISCONTINUATION,DEAD,False
3864,NL,BK,,ERRATUM,VERBETERINGEN,Y,CORRECTION AND DELETION OF EVENT INFORMATION,NEUTRAL,False
3865,NL,BM,+,THE APPLICATION IS BASED ON A (SEVERAL) MICRO-ORGANISM(S),DE AANVRAGE IS GEBASEERD OP EEN (MEERDERE) MICROOGANISME(N),,,PENDING,False
3866,NL,BN,-,A DECISION NOT TO PUBLISH THE APPLICATION HAS BECOME IRREVOCABLE,"ART. 24, LID 1",Q,DOCUMENT PUBLICATION,PENDING,False
3867,NL,BT,,A NOTIFICATION WAS ADDED TO THE APPLICATION DOSSIER AND MADE AVAILABLE TO THE PUBLIC,AAN DE TER INZAGE GELEGDE AANVRAGE IS EEN MEDEDELING TOEGEVOEGD,D,SEARCH AND EXAMINATION,PENDING,False
3868,NL,BV,-,THE PATENT APPLICATION HAS LAPSED,"ART. 22 D, LID 2 OF ART. 22K",B,APPLICATION DISCONTINUATION,DEAD,False
3869,NL,BX,+,A REQUEST FOR ADDITIONAL SEARCH HAS BEEN FILED,"ART. 22 I, LID 6",D,SEARCH AND EXAMINATION,PENDING,False
3870,NL,BXTV,,A REQUEST FOR ADDITIONAL SEARCH HAS BEEN WITHDRAWN,"ART. 22, LID 6, TERUGGENOMEN VERZOEKEN",,,NEUTRAL,False
3871,NL,BY,+,AN ADDITIONAL SEARCH REPORT HAS BEEN DRAWN UP,"ART. 22 I, LID 5 JO LID 6",D,SEARCH AND EXAMINATION,PENDING,False
3872,NL,CD,,TRANSFER OF RIGHTS (LAID OPEN PATENT APPLICATION),OVERDRACHT VAN INGESCHREVEN OCTROOIAANVRAGEN,R,PARTY DATA CHANGE,PENDING,False
3873,NL,CF,,PATENTS IN RESPECT OF WHICH A REQUEST AND/OR A NOTICE OF APPEAL HAS BEEN FILED,[NO DESCRIPTION IN ORIGINAL LANGUAGE],V,APPEAL,NEUTRAL,False
3874,NL,CNR,,TRANSFER OF RIGHTS (PATENT APPLICATION AFTER ITS LAYING OPEN FOR PUBLIC INSPECTION),RUBRIEK C,R,PARTY DATA CHANGE,PENDING,False
3875,NL,DD,,CHANGES OF NAMES OF APPLICANTS OF LAID OPEN PATENT APPLICATIONS,NAAMSWIJZINGEN VAN AANVRAGERS VAN INGESCHREVEN OCTROOIAANVRAGEN,R,PARTY DATA CHANGE,PENDING,False
3876,NL,DNT,,COMMUNICATIONS OF CHANGES OF NAMES OF APPLICANTS WHOSE APPLICATIONS HAVE BEEN LAID OPEN TO PUBLIC INSPECTION,MEDEDELINGEN VAN NAAMSWIJZINGEN VAN AANVRAGERS VAN TER INZAGE GELEGDE OCTROOIAANVRAGEN,R,PARTY DATA CHANGE,PENDING,False
3877,NL,ED,,OTHER COMMUNICATIONS CONCERNING PATENT APPLICATIONS LAID OPEN TO PUBLIC INSPECTION,"ART. 17 A, LID 1",,,PENDING,False
3878,NL,EDI,-,THE REGISTERED PATENT APPLICATION HAS BEEN WITHDRAWN,HET INGESCHREVEN OCTROOIAANVRAGE IS INGETROKKEN,B,APPLICATION DISCONTINUATION,DEAD,False
3879,NL,EE,,OTHER COMMUNICATIONS CONCERNING PATENT APPLICATIONS LAID OPEN TO PUBLIC INSPECTION,"ART. 17 A, LID 4 EN LID 5",,,PENDING,False
3880,NL,EF,,OTHER COMMUNICATIONS CONCERNING PATENT APPLICATIONS LAID OPEN TO PUBLIC INSPECTION,"ART. 17 A, LID 4",,,PENDING,False
3881,NL,FP,,TRANSLATION FOR EP FILED (ENTRY OF EP INTO COUNTRY),[NO DESCRIPTION IN ORIGINAL LANGUAGE],W,OTHER,NEUTRAL,False
3882,NL,GD,,CORRECTIONS TO EARLIER PUBLICATIONS IN HEADING AD-ED,VERBETERINGEN VAN EERDERE PUBLICATIES IN RUBRIEKEN AD T/M ED,P,RE-PUBLICATION OF DOCUMENT AFTER MODIFICATION,PENDING,False
3883,NL,GRER,,PATENT GRANTED TOO EARLY,OCTROOI TE VROEG VERLEEND,H,IP RIGHT CESSATION,NEUTRAL,True
3884,NL,HC,,CHANGE OF NAME(S) OF PROPRIETOR(S),[NO DESCRIPTION IN ORIGINAL LANGUAGE],R,PARTY DATA CHANGE,NEUTRAL,False
3885,NL,HK,,PATENT GRANTED TOO EARLY (CORRECTION OF FORMER GRANT PUBLICATION),[NO DESCRIPTION IN ORIGINAL LANGUAGE],P,RE-PUBLICATION OF DOCUMENT AFTER MODIFICATION,PENDING,True
3886,NL,K1E,,THE PUBLICATION OF THE EXAMINED PATENT APPLICATION IS THE FIRST PUBLICATION,DE OPENBAARMAKING IS EEN EERSTE PUBLIKATIE VAN DE AANVRAGE,,,PENDING,False
3887,NL,KC1,,GRANT OF A SUPPLEMENTARY PROTECTION CERTIFICATE,VERLENING VAN EEN AANVULLEND BESCHERMINGSCERTIFICAAT,G,PROTECTION BEYOND IP RIGHT TERM,NEUTRAL,False
3888,NL,LC,-,REGISTRATION OF INVALIDITY DECLARATION FINAL DECISION,[NO DESCRIPTION IN ORIGINAL LANGUAGE],W,OTHER,DEAD,False
3889,NL,LD,-,PARTIAL SURRENDER OF PATENT BY THE PROPRIETOR,[NO DESCRIPTION IN ORIGINAL LANGUAGE],M,IP RIGHT MAINTENANCE,DEAD,False
3890,NL,MA,-,PATENT TOTALLY RENOUNCED (LAPSED DUE TO RESIGNATION BY THE PROPRIETOR),[NO DESCRIPTION IN ORIGINAL LANGUAGE],H,IP RIGHT CESSATION,DEAD,False
3891,NL,MF,-,ANNULMENT TRIGGERED BY 3RD PARTY (E.G. OPPOSITION),[NO DESCRIPTION IN ORIGINAL LANGUAGE],H,IP RIGHT CESSATION,DEAD,False
3892,NL,MK,-,PATENT EXPIRED BECAUSE OF REACHING THE MAXIMUM LIFETIME OF A PATENT,[NO DESCRIPTION IN ORIGINAL LANGUAGE],H,IP RIGHT CESSATION,DEAD,False
3893,NL,MM,-,LAPSED BECAUSE OF NON-PAYMENT OF THE ANNUAL FEE,[NO DESCRIPTION IN ORIGINAL LANGUAGE],H,IP RIGHT CESSATION,DEAD,False
3894,NL,MP,-,PATENT INVALID IN THE NETHERLANDS AS NO TRANSLATION HAS BEEN FILED,[NO DESCRIPTION IN ORIGINAL LANGUAGE],H,IP RIGHT CESSATION,DEAD,False
3895,NL,NE,,A REQUEST FOR RESTORATION TO THE PRIOR STATE HAS BEEN FILED,[NO DESCRIPTION IN ORIGINAL LANGUAGE],K,IP RIGHT REVIVAL,NEUTRAL,False
3896,NL,NF,+,PATENT RESTORED AFTER LAPSE,[NO DESCRIPTION IN ORIGINAL LANGUAGE],K,IP RIGHT REVIVAL,ALIVE,False
3897,NL,NG,+,PATENT RESTORED AFTER RULED-OUT OPPOSITION,[NO DESCRIPTION IN ORIGINAL LANGUAGE],K,IP RIGHT REVIVAL,ALIVE,False
3898,NL,NL80,,INFORMATION PROVIDED ON PATENT OWNER NAME FOR AN ALREADY DISCONTINUED PATENT,EXPIRATIEDATUM (PER 800301),W,OTHER,NEUTRAL,False
3899,NL,NP1,,PATENT GRANTED (NOT AUTOMATICALLY),NIET AUTOMATISCH VERLEENDE OCTROOIEN,F,IP RIGHT GRANT,NEUTRAL,True
3900,NL,NP1G,,PATENT GRANTED (NOT AUTOMATICALLY) [PATENT SPECIFICATION MODIFIED],NIET AUTOMATISCH VERLEENDE OCTROOIEN (G),F,IP RIGHT GRANT,NEUTRAL,True
3901,NL,NR80,,REFERENCE FROM MAIN PATENT TO PATENT OF ADDITION,BIJBEHOERENDE AANVULINGSOCTROOI,,,NEUTRAL,False
3902,NL,NZ80,,PATENTS OF ADDITION ARE NOT GRANTED SINCE LAW OF 1.1.78,AANVULLING BIJ OCTROOI,,,NEUTRAL,False
3903,NL,P1,,"AUTOMATICALLY GRANTED PATENTS, EXCEPT","AUTOMATISCH VERLEENDE OCTROOIEN, UITGEZONDERD",,,NEUTRAL,True
3904,NL,P2,+,NOT AUTOMATICALLY GRANTED PATENTS,NIET AUTOMATISCH VERLEENDE OCTROOIEN,,,ALIVE,True
3905,NL,P2G,+,"NOT AUTOMATICALLY GRANTED PATENTS, BUT TEXT OF PATENT SPECIFICATION IS MODIFIED WITH RESPECT TO THE TEXT OF EXAMINED PATENT AP",NIET AUTOMATISCH VERLEENDE OCTROOIEN (G),,,ALIVE,True
3906,NL,PD,,CHANGE OF OWNERSHIP,[NO DESCRIPTION IN ORIGINAL LANGUAGE],R,PARTY DATA CHANGE,NEUTRAL,False
3907,NL,PD1A,+,A REQUEST FOR SEARCH OR AN INTERNATIONAL TYPE SEARCH HAS BEEN FILED,EEN VERZOEK OM EEN NIEUWHEIDSONDERZOEK OF EEN VERZOEK OM EEN NIEUWHEIDSONDERZOEK VAN INTERNATIONAAL TYPE IS DOOR DE AANVRAGER INGEDIEND,D,SEARCH AND EXAMINATION,PENDING,False
3908,NL,PD1B,+,A SEARCH REPORT HAS BEEN DRAWN UP,HET RESULTAAT VAN EEN ONDERZOEK IS AAN AANVRAGER MEDEGEDEELD,D,SEARCH AND EXAMINATION,PENDING,False
3909,NL,PD2A,+,A REQUEST FOR SEARCH OR AN INTERNATIONAL TYPE SEARCH HAS BEEN FILED,EEN VERZOEK OM EEN NIEUWHEIDSONDERZOEK OF EEN VERZOEK OM EEN NIEUWHEIDSONDERZOEK VAN INTERNATIONAAL TYPE IS DOOR DE ANNVRAGER,D,SEARCH AND EXAMINATION,PENDING,False
3910,NL,PD2B,+,A SEARCH REPORT HAS BEEN DRAWN UP,HET RESULTAAT VAN EEN ONDERZOEK IS AAN AANVRAGER MEDEGEDEELD,D,SEARCH AND EXAMINATION,PENDING,False
3911,NL,PD2T,,A NOTIFICATION WAS ADDED TO THE APPLICATION DOSSIER,AAN OCTROOI(AANVRAGE) IS EEN MEDEDELING TOEGEVOEGD,D,SEARCH AND EXAMINATION,PENDING,False
3912,NL,PLED,,PLEDGE ESTABLISHED,PANDRECHT GEVESTIGD,S,INFORMATION ON LICENSING AND SIMILAR TRANSACTIONS,NEUTRAL,False
3913,NL,PLEX,+,LIFTING OF FORMER PLEDGE,OPHEFFING PANDRECHT,S,INFORMATION ON LICENSING AND SIMILAR TRANSACTIONS,UNKNOWN,False
3914,NL,QB,,REGISTRATION OF LICENCES WITH REGARD TO PATENTS,[NO DESCRIPTION IN ORIGINAL LANGUAGE],S,INFORMATION ON LICENSING AND SIMILAR TRANSACTIONS,NEUTRAL,False
3915,NL,QC,,LICENCE AGREEMENT ENDED,[NO DESCRIPTION IN ORIGINAL LANGUAGE],S,INFORMATION ON LICENSING AND SIMILAR TRANSACTIONS,NEUTRAL,False
3916,NL,R1B,,NOTICE OF OPPOSITION DURING PERIOD OF LAYING OPEN,GEDURENDE DE OPENBAARMAKINGSTERMIJN BEZWAARSCHRIFTEN,L,IP RIGHT REVIEW REQUEST,NEUTRAL,False
3917,NL,R1I,,WITHDRAWN DURING PERIOD OF LAYING OPEN,GEDURENDE DE OPENBAARMAKINGSTERMIJN INGETROKKEN,,,NEUTRAL,False
3918,NL,R1V,,REQUEST FILED DURING PERIOD OF LAYING OPEN,GEDURENDE DE OPENBAARMAKINGSTERMIJN VERZOEKSCHRIFTEN,,,NEUTRAL,False
3919,NL,R1VL,,PATENT APPLICATION LAID OPEN TO PUBLIC INSPECTION HAS LAPSED (E.G. NON-PAYMENT OF ANNUAL FEE),OPENBAARGEMAAKTE OCTROOIAANVRAGEN VERVALLEN,,,PENDING,False
3920,NL,R1VN,,REQUEST FOR MENTIONING NAME(S) OF THE INVENTOR(S) IN THE PATENT OR REQUEST FOR CHANGING THE NAME(S) OF INVENTOR(S) WITH RESPEC,OPENBAARGEMAAKTE OCTROOIAANVRAGEN VERZOEK NAAMSVERMELDING,,,NEUTRAL,False
3921,NL,R1VO,,OPPOSITION AND REQUEST FOR ASSIGNMENT OF RIGHT OF PROPERTY OR A PART OF IT TO THE OPPONENT DURING PERIOD OF LAYING OPEN,GEDURENDE DE OPENBAARMAKINGSTERMIJN VERZOEKSCHRIFT TOT OPEISING,,,NEUTRAL,False
3922,NL,R1VV,,REQUEST CONCERNING THE RIGHT OF PRIOR USE (OF A PERSON HAVING APPLIED THE INVENTION ALREADY BEFORE APPLICATION DAY),OPENBAARGEMAAKTE OCTROOIAANVRAGEN VERZOEK VOORGEBRUIK,,,PENDING,False
3923,NL,R2B,-,WITHDRAWN AFTER NOTICE OF OPPOSITION,NA BEZWAARSCHRIFT INGETROKKEN,H,IP RIGHT CESSATION,DEAD,False
3924,NL,R2C,-,REFUSED AFTER OPPOSITION,NA BEZWAAR GEWEIGERD,H,IP RIGHT CESSATION,DEAD,False
3925,NL,R2I,-,WITHDRAWN AFTER PUBLICATION,NA OPENBAARMAKING INGETROKKEN,H,IP RIGHT CESSATION,DEAD,False
3926,NL,R2K,-,REFUSED AFTER PUBLICATION DUE TO PRIOR USE,NA OPENBAARMAKING AFGEWEZEN WEGENS VOORGEBRUIK,B,APPLICATION DISCONTINUATION,DEAD,False
3927,NL,R2V,-,LAPSED AFTER PUBLICATION,NA OPENBAARMAKING VERVALLEN,,,DEAD,False
3928,NL,R2W,-,REFUSED AFTER PUBLICATION,NA OPENBAARMAKING AFGEWEZEN,B,APPLICATION DISCONTINUATION,DEAD,False
3929,NL,RC,,PLEDGE ESTABLISHED,[NO DESCRIPTION IN ORIGINAL LANGUAGE],S,INFORMATION ON LICENSING AND SIMILAR TRANSACTIONS,NEUTRAL,False
3930,NL,RD1A,,PATENTS IN RESPECT OF WHICH A REQUEST FOR ADVICE HAS BEEN FILED [IN RELATION TO NULLIFICATION],OCTROOIEN WAARIN EEN VERZOEKSCHRIFT OM ADVIES IS INGEDIEND,L,IP RIGHT REVIEW REQUEST,NEUTRAL,False
3931,NL,RD1B,-,PATENTS IN RESPECT OF WHICH A REQUEST AND/OR A NOTICE OF APPEAL HAS BEEN FILED,OCTROOIEN WAARIN EEN BEZWAARSCHRIFT IS INGEDIEND,V,APPEAL,UNKNOWN,False
3932,NL,RD1C,,APPEAL TO COURT,BEROEP BIJ RECHTBANK,V,APPEAL,NEUTRAL,False
3933,NL,RD1D,,APPEAL TO STATE COUNCIL,BEROEP BIJ RAAD VAN STATE,V,APPEAL,NEUTRAL,False
3934,NL,RD1H,,A REQUEST FOR RESTORATION TO THE PRIOR STATE HAS BEEN FILED,VERZOEK HERSTEL VORIGE TOESTAND,K,IP RIGHT REVIVAL,NEUTRAL,False
3935,NL,RD1N,,PATENTS IN RESPECT OF WHICH A REQUEST FOR NOVELTY SEARCH HAS BEEN FILED,OCTROOIEN WAARIN EEN NIEUWHEIDSONDERZOEK IS INGEDIEND,D,SEARCH AND EXAMINATION,PENDING,False
3936,NL,RD1V,,PATENTS IN RESPECT OF WHICH A REQUEST FOR EXAMINATION HAS BEEN FILED,OCTROOIEN WAARIN EEN VERZOEKSCHRIFT IS INGEDIEND,,,PENDING,False
3937,NL,RD2A,,PATENTS IN RESPECT OF WHICH A DECISION HAS BEEN TAKEN OR A REPORT HAS BEEN MADE (FOR ADVICE),OCTROOIEN WAARIN EEN BESLISSING IS GENOMEN OF WAARVOOR EEN RAPPORT IS UITGEBRACHT (OM ADVIES),D,SEARCH AND EXAMINATION,PENDING,False
3938,NL,RD2C,,DECISION MADE BY COURT,BESLISSING BEZWAAR RECHTBANK,V,APPEAL,NEUTRAL,False
3939,NL,RD2D,,JUDGMENT BY STATE COUNCIL,UITSPRAAK RAAD VAN STATE,V,APPEAL,NEUTRAL,False
3940,NL,RD2E,,"OPPOSITION PROCEEDINGS COMPLETED, DECISION TAKEN","OCTROOIEN WAARIN EEN BESLISSING IS GENOMEN OF WAARVOOR EEN RAPPORT IS UITGEBRACHT (BEZWAAR GEGROND, NIEUWHEIDSRAPPORT ERKEND)",L,IP RIGHT REVIEW REQUEST,NEUTRAL,False
3941,NL,RD2H,+,"REQUEST FOR RESTORATION REASONED, PATENT RESTORED","OCTROOIEN WAARIN EEN BESLISSING IS GENOMEN OF WAARVOOR EEN RAPPORT IS UITGEBRACHT (VERZOEK OM HERSTEL GEGROND, OCTROOI GEHANDH",K,IP RIGHT REVIVAL,ALIVE,False
3942,NL,RD2I,-,PATENTS IN RESPECT OF WHICH A DECISION HAS BEEN TAKEN OR A REPORT HAS BEEN MADE (WITHDRAWAL),OCTROOIEN WAARIN EEN BESLISSING IS GENOMEN OF WAARVOOR EEN RAPPORT IS UITGEBRACHT (INTREKKING),H,IP RIGHT CESSATION,DEAD,False
3943,NL,RD2N,,PATENTS IN RESPECT OF WHICH A DECISION HAS BEEN TAKEN OR A REPORT HAS BEEN MADE (NOVELTY REPORT),OCTROOIEN WAARIN EEN BESLISSING IS GENOMEN OF WAARVOOR EEN RAPPORT IS UITGEBRACHT (NIEUWHEIDSRAPPORT),D,SEARCH AND EXAMINATION,PENDING,False
3944,NL,RD2O,+,PATENTS IN RESPECT OF WHICH A NOTICE OF OPPOSITION UNDER THE GENERAL ADMINISTRATIVE LAW IS REASONED (PATENT GRANTED),OCTROOIEN WAARIN EEN BEZWAARSCHRIFT UIT DE AWB IS GEGROND (OCTROOI VERLEEND),F,IP RIGHT GRANT,ALIVE,True
3945,NL,RD2P,+,PATENTS IN RESPECT OF WHICH A DECISION HAS BEEN TAKEN OR A REPORT HAS BEEN MADE (OPPOSITION ACCORD. GENERAL ADMINSTRATIVE LAW WITHDRAWN),OCTROOIEN WAARIN EEN BESLISSING IS GENOMEN OF WAARVOOR EEN RAPPORT IS UITGEBRACHT (BEZWAARSCHRIFT AWB INGETROKKEN),Z,CLASSIFICATION PENDING,UNKNOWN,False
3946,NL,RD2U,+,OPPOSITION IS FOUND UNREASONED,OCTROOIEN WAARIN EEN BEZWAREN IS ONGEGROND,L,IP RIGHT REVIEW REQUEST,UNKNOWN,False
3947,NL,RD2W,-,PATENTS IN RESPECT OF WHICH A DECISION HAS BEEN TAKEN OR A REPORT HAS BEEN MADE (PATENT REFUSED),OCTROOIEN WAARIN EEN BESLISSING IS GENOMEN OF WAARVOOR EEN RAPPORT IS UITGEBRACHT (WEIGERING OCTROOI),H,IP RIGHT CESSATION,DEAD,False
3948,NL,RDX,+,APPEAL AGAINST THE REESTABLISHMENT OF RIGHTS,BEZWAARSCHRIFT AWB NA BESCHIKKING HERSTEL,V,APPEAL,ALIVE,False
3949,NL,RE,-,SEIZURE,[NO DESCRIPTION IN ORIGINAL LANGUAGE],S,INFORMATION ON LICENSING AND SIMILAR TRANSACTIONS,UNKNOWN,False
3950,NL,RF,,PLEDGE OR CONFISCATION TERMINATED,[NO DESCRIPTION IN ORIGINAL LANGUAGE],S,INFORMATION ON LICENSING AND SIMILAR TRANSACTIONS,NEUTRAL,False
3951,NL,RI,-,PATENT APPLICATION HAS BEEN WITHDRAWN AFTER PUBLICATION (E.G. DUE TO AN OPPOSITION),RUBRIEK R (I),,,PENDING,False
3952,NL,RV,-,PATENT APPLICATION HAS LAPSED AFTER PUBLICATION (E.G. DUE TO NON-PAYMENT OF ANNUAL FEE),RUBRIEK R (V),,,DEAD,False
3953,NL,RW,-,REJECTED PATENT APPLICATION AFTER PUBLICATION (IN OPPOSITION- OR APPEAL PROCEEDINGS),RUBRIEK R (W),,,PENDING,False
3954,NL,SC,,COMMUNICATIONS OF ASSIGNMENTS CONCERNING GRANTED SUPPLEMENTARY PROTECTION CERTIFICATES,MEDEDELINGEN VAN OVERDRACHT VAN AANVULLENDE BESCHERMINGSCERTIFICATEN,R,PARTY DATA CHANGE,NEUTRAL,False
3955,NL,SD,,ASSIGNMENTS OF PATENTS,MEDEDELINGEN VAN OVERDRACHT VAN OCTROOIEN,R,PARTY DATA CHANGE,NEUTRAL,False
3956,NL,SEIC,,SEIZURE CANCELLED,OPHEFFING BESLAG,S,INFORMATION ON LICENSING AND SIMILAR TRANSACTIONS,NEUTRAL,False
3957,NL,SEIZ,-,SEIZURE,CONSERVATOIR BESLAG,S,INFORMATION ON LICENSING AND SIMILAR TRANSACTIONS,UNKNOWN,False
3958,NL,SNR,,ASSIGNMENTS OF PATENTS OR RIGHTS ARISING FROM EXAMINED PATENT APPLICATIONS,RUBRIEK S,R,PARTY DATA CHANGE,PENDING,False
3959,NL,SPCA,,APPLICATION FOR A SUPPLEMENTARY PROTECTION CERTIFICATE WITHDRAWN,INTREKKING AANVRAAG AANVULLEND BESCHERMINGSCERTIFICAAT (SPC),G,PROTECTION BEYOND IP RIGHT TERM,PENDING,False
3960,NL,SPCB,-,APPLICATION FOR A PAEDIATRIC EXTENSION WITHDRAWN,INTREKKING AANVRAAG VERLENGING MAXIMALE DUUR AANVULLEND BESCHERMINGSCERTIFICAAT (SPC),G,PROTECTION BEYOND IP RIGHT TERM,PENDING,False
3961,NL,SPCC,+,LICENCE OF A SUPPLEMENTARY PROTECTION CERTIFICATE REGISTERED,LICENTIE GEREGISTREERD VOOR AANVULLEND BESCHERMINGSCERTIFICAAT (SPC),S,INFORMATION ON LICENSING AND SIMILAR TRANSACTIONS,UNKNOWN,False
3962,NL,SPCD,-,SUPPLEMENTARY PROTECTION CERTIFICATE APPLICATION REJECTED,AFWIJZING AANVRAAG AANVULLEND BESCHERMINGSCERTIFICAAT (SPC),G,PROTECTION BEYOND IP RIGHT TERM,PENDING,False
3963,NL,SPCE,+,FILING APPLICATION FOR A PAEDIATRIC EXTENSION OF A SUPPLEMENTARY PROTECTION CERTIFICATE,AANVRAAG INGEDIEND VOOR VERLENGING MAXIMALE DUUR  AANVULLEND BESCHERMINGSCERTIFICAAT (SPC),G,PROTECTION BEYOND IP RIGHT TERM,PENDING,False
3964,NL,SPCF,,APPLICATION FOR A SUPPLEMENTARY PROTECTION CERTIFICATE,AANVRAAG AANVULLEND BESCHERMINGSCERTIFICAAT (SPC),G,PROTECTION BEYOND IP RIGHT TERM,PENDING,False
3965,NL,SPCG,+,GRANT OF A SUPPLEMENTARY PROTECTION CERTIFICATE,VERLENING AANVULLEND BESCHERMINGSCERTIFICAAT (SPC),G,PROTECTION BEYOND IP RIGHT TERM,ALIVE,False
3966,NL,SPCH,,EXTERNAL APPEAL ON APPLICATION OF A SUPPLEMENTARY PROTECTION CERTIFICATE AT THE COURT OF THE HAGUE FILED,BEZWAAR INGEDIEND BIJ DE RECHTBANK IN DEN HAAG M.B.T DE AANVRAAG VAN EEN AANVULLEND BESCHERMINGSCERTIFICAAT (SPC),V,APPEAL,PENDING,False
3967,NL,SPCI,+,REINSTATEMENT OF A SUPPLEMENTARY PROTECTION CERTIFICATE,HERSTEL VAN AANVULLEND BESCHERMINGSCERTIFICAAT (SPC),K,IP RIGHT REVIVAL,ALIVE,False
3968,NL,SPCJ,,DECISION COURT OF THE HAGUE ON EXTERNAL APPEAL REGARDING SUPPLEMENTARY PROTECTION CERTIFICATE,UITSPRAAK RECHTBANK IN DEN HAAG M.B.T. BEZWAAR AANVRAAG VAN AANVULLEND BESCHERMINGSCERTIFICAAT (SPC),V,APPEAL,NEUTRAL,False
3969,NL,SPCK,,EXTERNAL APPEAL ON APPLICATION OF SUPPLEMENTARY PROTECTION CERTIFICATE AT THE COUNCIL OF STATE FILED,HOGER BEROEP INGEDIEND M.B.T. DE AANVRAAG VAN EEN AANVULLEND BESCHERMINGSCERTIFICAAT (SPC)  BIJ DE RAAD VAN STATE,V,APPEAL,PENDING,False
3970,NL,SPCL,-,SUPPLEMENTARY PROTECTION CERTIFICATE (SPC) LAPSED,VERVAL AANVULLEND BESCHERMINGSCERTIFICAAT (SPC),H,IP RIGHT CESSATION,DEAD,False
3971,NL,SPCM,,DECISION ON EXTERNAL APPEAL SUPPLEMENTARY PROTECTION CERTIFICATE BY COUNCIL OF STATE,UITSPRAAK HOGER BEROEP RAAD VAN STATE M.B.T. DE AANVRAAG VAN EEN AANVULLEND BESCHERMINGSCERTIFICAAT (SPC),V,APPEAL,NEUTRAL,False
3972,NL,SPCN,,SUPPLEMENTARY PROTECTION CERTIFICATE AND/OR EXTENSION INVALID  BECAUSE THE BASIC PATENT HAS LAPSED BEFORE THE EXPIRATION DATE OR HAS BEEN REVOKED,AANVULLEND BESCHERMINGSCERTIFICAAT (SPC) EN/OF VERLENGING ONGELDIG OMDAT HET BASISOCTROOI VOOR DE VERVALDATUM IS VERVALLEN OF IS INGETROKKEN,H,IP RIGHT CESSATION,NEUTRAL,False
3973,NL,SPCO,,INTERNAL APPEAL (AWB) ON APPLICATION SUPPLEMENTARY PROTECTION CERTIFICATE,BEZWAAR (AWB) AANVRAAG AANVULLEND BESCHERMINGSCERTIFICAAT (SPC),V,APPEAL,PENDING,False
3974,NL,SPCQ,+,PAEDIATRIC EXTENSION RESTORED,HERSTEL VERLENGING MAXIMALE DUUR AANVULLEND BESCHERMINGSCERTIFICAAT (SPC),K,IP RIGHT REVIVAL,ALIVE,False
3975,NL,SPCR,-,SUPPLEMENTARY PROTECTION CERTIFICATE REVOKED,INTREKKING VERLEEND AANVULLEND BESCHERMINGSCERTIFICAAT (SPC),H,IP RIGHT CESSATION,DEAD,False
3976,NL,SPCT,,CHANGE OF OWNERSHIP OR CHANGE OF NAME OF THE OWNER OF A SUPPLEMENTARY PROTECTION CERTIFICATE,VERANDERING EIGENAAR OF NAAM VAN DE HOUDER VAN EEN  AANVULLEND BESCHERMINGSCERTIFICAAT (SPC),R,PARTY DATA CHANGE,NEUTRAL,False
3977,NL,SPCU,,DECISION INTERNAL APPEAL (AWB) ON APPLICATION SUPPLEMENTARY PROTECTION CERTIFICATE,BESLISSING OP INTERN BEZWAAR AANVRAAG (AWB) AANVULLEND BESCHERMINGSCERTIFICAAT (SPC),V,APPEAL,PENDING,False
3978,NL,SPCW,-,SUPPLEMENTARY PROTECTION CERTIFICATE RENOUNCED,AFSTAND GEDAAN VAN AANVULLEND BESCHERMINGSCERTIFICAAT (SPC),H,IP RIGHT CESSATION,DEAD,False
3979,NL,SPCX,-,SUPPLEMENTARY PROTECTION CERTIFICATE EXPIRED,EINDE GELDIGIHEIDSTERMIJN AANVULLEND BESCHERMINGSCERTIFICAAT (SPC),H,IP RIGHT CESSATION,DEAD,False
3980,NL,SPCY,-,PAEDIATRIC EXTENSION OF SUPPLEMENTARY PROTECTION CERTIFICATE REJECTED,AFWIJZING AANVRAAG VERLENGING MAXIMALE DUUR AANVULLEND BESCHERMINGSCERTIFICAAT (SPC),G,PROTECTION BEYOND IP RIGHT TERM,DEAD,False
3981,NL,SPCZ,+,GRANT OF EXTENSION OF A SUPPLEMENTARY PROTECTION CERTIFICATE,VERLENINGING MAXIMALE DUUR AANVULLEND BESCHERMINGSCERTIFICAAT (SPC),G,PROTECTION BEYOND IP RIGHT TERM,ALIVE,False
3982,NL,T3,+,"TRANSLATION FILED FOR AN EUROPEAN PATENT GRANTED FOR NL, CONFIRMING ART. 52 PAR. 1 OR 6 OF THE PATENTS ACT 1995",VOOR NEDERLAND VERLEENDE EUROPESE OCTROOIEN WAARVOOR EEN VERTALING IS INGEDIEND CONFORM ARTIKEL 52 LID 1 OF 6 VAN DE OCROOIWET 1995,W,OTHER,ALIVE,True
3983,NL,TC,,NOTIFICATION THAT NAMES OF PROPRIETORS OF GRANTED SUPPLEMENTARY PROTECTION CERTIFICATES WERE MODIFIED,MEDEDELINGEN VAN NAAMSWIJZIGINGEN VAN HOUDERS VAN AANVULLENDE BESCHERMINGSCERTIFICATEN,R,PARTY DATA CHANGE,NEUTRAL,False
3984,NL,TD,,MODIFICATIONS OF NAMES OF PROPRIETORS OF PATENTS,MEDEDELINGEN VAN NAAMSWIJZIGINGEN VAN HOUDERS VAN OCTROOIEN,R,PARTY DATA CHANGE,NEUTRAL,False
3985,NL,TK,,ERRATUM,[NO DESCRIPTION IN ORIGINAL LANGUAGE],Y,CORRECTION AND DELETION OF EVENT INFORMATION,NEUTRAL,False
3986,NL,TNT,,MODIFICATIONS OF NAMES OF PROPRIETORS OF PATENTS OR APPLICANTS OF EXAMINED PATENT APPLICATIONS,RUBRIEK T NAAMSWIJZIGINGEN,R,PARTY DATA CHANGE,PENDING,False
3987,NL,U,,LICENCES REGISTERED WITH REGARD TO PATENTS GRANTED,TEN AANZIEN VAN OCTROOIEN INGESCHREVEN LICENTIES,S,INFORMATION ON LICENSING AND SIMILAR TRANSACTIONS,NEUTRAL,False
3988,NL,UD,,REGISTRATION OF LICENCES WITH REGARD TO PATENTS,INSCHRIJVING VAN LICENTIES MET BETREKKING TOT OCTROOIEN,S,INFORMATION ON LICENSING AND SIMILAR TRANSACTIONS,NEUTRAL,False
3989,NL,UDE,,LICENCE AGREEMENT ENDED,BEEINDIGING LICENTIE,S,INFORMATION ON LICENSING AND SIMILAR TRANSACTIONS,NEUTRAL,False
3990,NL,V1,-,LAPSED BECAUSE OF NON-PAYMENT OF THE ANNUAL FEE,VERVALLEN WEGENS NIET BETALEN VAN EEN JAARCIJNS,H,IP RIGHT CESSATION,DEAD,False
3991,NL,V2,-,LAPSED DUE TO NON-PAYMENT OF THE LAST DUE MAINTENANCE FEE FOR THE PATENT APPLICATION,VERVALLEN WEGENS NIET BETALEN VAN DE LAATSTE INSTANDHOUDINGSTAKS,H,IP RIGHT CESSATION,DEAD,False
3992,NL,V3,-,ADDITIONAL PATENTS LAPSED AT THE SAME TIME AS THE MAIN PATENT,TEGELIJK VERVALLEN AANVULLINGSOCTROOIEN,,,DEAD,False
3993,NL,V4,-,DISCONTINUED BECAUSE OF REACHING THE MAXIMUM LIFETIME OF A PATENT,VERVALLEN WEGENS AFLOOP VAN DE MAXIMALE DUUR,H,IP RIGHT CESSATION,DEAD,False
3994,NL,V5,-,ANNULMENT (ART. 51),NIETIG VERKLAARD (ART. 51),H,IP RIGHT CESSATION,DEAD,False
3995,NL,V6,-,PATENT SURRENDERED (ART. 63),[NO DESCRIPTION IN ORIGINAL LANGUAGE],H,IP RIGHT CESSATION,DEAD,False
3996,NL,V6P,-,PARTIAL SURRENDER OF PATENT,INDIENING GEDEELTELIJKE AFSTAND,M,IP RIGHT MAINTENANCE,DEAD,False
3997,NL,VAF,-,LAPSED BECAUSE OF REACHING THE MAXIMUM LIFETIME OF A PATENT,VERVALLEN WEGENS AFLOOP VAN DE MAXIMALE DUUR,,,DEAD,False
3998,NL,VC1,-,SUPPLEMENTARY PROTECTION CERTIFICATES LAPSED OR EXPIRED,VERVAL VAN AANVULLENDE BESCHERMINGSCERTIFICATEN,H,IP RIGHT CESSATION,DEAD,False
3999,NL,VD1,-,LAPSED DUE TO NON-PAYMENT OF THE ANNUAL FEE,VERVALLEN WEGENS NIET BETAALEN VAN EEN JAARCIJNS,H,IP RIGHT CESSATION,DEAD,False
4000,NL,VD2,-,DISCONTINUED DUE TO EXPIRATION OF THE TERM OF PROTECTION,VERVALLEN WEGENS AFLOOP MAXIMALE DUUR,H,IP RIGHT CESSATION,DEAD,False
4001,NL,VD3,-,ANNULMENT,NIETIGVERKLARING,H,IP RIGHT CESSATION,DEAD,False
4002,NL,VD4,-,DISCONTINUED DUE TO RESIGNATION BY THE PROPRIETOR,VERVALLEN WEGENS AFSTAND DOEN DOOR DE OCTROOIHOUDER,H,IP RIGHT CESSATION,DEAD,False
4003,NL,VDEP,-,DISCONTINUED IN THE NETHERLANDS AS NO TRANSLATION HAS BEEN FILED,VERVAL WEGENS NIET INDIENEN VERTALING,H,IP RIGHT CESSATION,DEAD,False
4004,NL,VIT,-,LAPSED DUE TO NON-PAYMENT OF THE DUE MAINTENANCE FEE FOR THE PATENT OR PATENT APPLICATION,VERVALLEN WEGENS NIET BETALEN VAN DE INSTANDHOUDINGSTAKS,,,DEAD,False
4005,NL,VITA,-,LAPSED DUE TO NON-PAYMENT OF THE DUE MAINTENANCE FEE (ADDITIONAL PATENT LAPSED TOGETHER WITH THE BASIC PATENT),VERVALLEN WEGENS NIET BETALEN VAN DE INSTANDHOUDINGSTAKS (AANVULL.),,,DEAD,False
4006,NL,VJC,-,LAPSED DUE TO NON-PAYMENT OF THE DUE MAINTENANCE FEE FOR THE PATENT OR PATENT APPLICATION,VERVALLEN WEGENS NIET BETALEN VAN DE JAARCIJNS,B,APPLICATION DISCONTINUATION,DEAD,False
4007,NL,VJCA,-,LAPSED DUE TO NON-PAYMENT OF THE DUE MAINTENANCE FEE (ADDITIONAL PATENT LAPSED TOGETHER WITH THE BASIC PATENT),VERVALLEN (AANVULL.) WEGENS NIET BETALEN VAN DE JAARCIJNS,H,IP RIGHT CESSATION,DEAD,False
4008,NL,VVCA,-,ADDITIONAL PATENT LAPSED BECAUSE OF NON-PAYMENT OF THE PUBLICATION FEE,VERVALLEN (AANVULL.) WEGENS NIET BETALEN VAN DE VERLENINGSCIJNS,,,DEAD,False
4009,NL,WDAP,-,PATENT APPLICATION WITHDRAWN,AANVRAAG INGETROKKEN,B,APPLICATION DISCONTINUATION,DEAD,False
4010,NL,X,,DOCUMENT NOT PUBLISHED DUE TO A DIRECTIVE OF THE MINISTER OF DEFENCE,DOCUMENT NOT PUBLISHED,,,NEUTRAL,False
4011,NL,XC,,OTHER COMMUNICATIONS CONCERNING SUPPLEMENTARY PROTECTION CERTIFICATES,OVERIGE MEDEDELINGEN OVER AANVULLENDE BESCHERMINGSCERTIFICATEN,G,PROTECTION BEYOND IP RIGHT TERM,NEUTRAL,False
4012,NL,XD,,OTHER COMMUNICATIONS CONCERNING PATENTS,OVERIGE MEDEDELINGEN OVER OCTROOIEN,W,OTHER,NEUTRAL,False
4013,NL,XEP,-,THE NETHERLANDS ARE NOT DESIGNATED,NEDERLAND NIET AANGEWEZEN,W,OTHER,UNKNOWN,False
4014,NL,XXA,,MISCELLANEOUS,MISCELLANEOUS,Z,CLASSIFICATION PENDING,NEUTRAL,False
4015,NL,XXP,,MISCELLANEOUS,MISCELLANEOUS,Z,CLASSIFICATION PENDING,NEUTRAL,False
4016,NL,ZC,,CORRECTIONS CONCERNING GRANTED SUPPLEMENTARY PROTECTION CERTIFICATES,"VERBETERINGEN, BETREKKING HEBBENDE OP EERDERE PUBLIKATIES BETREFFENDE AANVULLENDE BESCHERMINGSCERTIFICATEN",,,NEUTRAL,False
4017,NL,ZD,,CORRECTIONS TO EARLIER PUBLICATIONS,VERBETERINGEN VAN EERDERE PUBLICATIES,P,RE-PUBLICATION OF DOCUMENT AFTER MODIFICATION,PENDING,False
4018,NO,AAAA,,PLEDGE TERMINATED,OPPHOER AV PANT I PATENT,S,INFORMATION ON LICENSING AND SIMILAR TRANSACTIONS,NEUTRAL,False
4019,NO,AAAB,,PLEDGE TRANSFERRED,OVERDRAGELSE AV PANT I PATENT,S,INFORMATION ON LICENSING AND SIMILAR TRANSACTIONS,NEUTRAL,False
4020,NO,AAAC,,JUDGEMENT FROM OSLO DISTRICT COURT,DOMSAVGJOERELSE FRA OSLO TINGRETT,Z,CLASSIFICATION PENDING,NEUTRAL,False
4021,NO,AAAD,,CORRECTED PATENT SPECIFICATION,KORRIGERT PATENTSKRIFT,Q,DOCUMENT PUBLICATION,PENDING,False
4022,NO,AAAE,,LICENCE TERMINATED,OPPHOER AV LISENS,S,INFORMATION ON LICENSING AND SIMILAR TRANSACTIONS,NEUTRAL,False
4023,NO,AAAF,,CORRECTED EUROPEAN PATENT APPLICATION (A9),KORRIGERTE KRAV I EUROPEISKE SOEKNADER (A9),Q,DOCUMENT PUBLICATION,PENDING,False
4024,NO,AAAG,,TERMINATION OF PLEDGE ANNOUNCED,KUNNGJOERING AV OPPHOER AV PANT,S,INFORMATION ON LICENSING AND SIMILAR TRANSACTIONS,NEUTRAL,False
4025,NO,AAAH,,AGREEMENT ON PLEDGE TERMINATED,OPPHOERTE AVTALER OM PANT I PATENT,S,INFORMATION ON LICENSING AND SIMILAR TRANSACTIONS,NEUTRAL,False
4026,NO,AAAI,,PLEDGE DELETED,SLETTET PANT I PATENT,S,INFORMATION ON LICENSING AND SIMILAR TRANSACTIONS,NEUTRAL,False
4027,NO,AVGR,,SECRET PATENT BECOMES GENERALLY AVAILABLE,AVGRADERT PATENT,,,NEUTRAL,False
4028,NO,BDEC,,BOARD OF APPEAL DECISION,AVGJORELSE FRA KLAGENEMNDA,V,APPEAL,NEUTRAL,False
4029,NO,C,,PUBLISHED PATENT BEFORE BOARD OF APPEAL - C (PAR. 26 PATENTS ACT),MEDDELT PATENT C (HENHOLD TIL PATENTLOVEN PAR. 26),Z,CLASSIFICATION PENDING,NEUTRAL,False
4030,NO,CB,,"OPPOSITION FILED (PAR. 26,5 PATENTS ACT)","INNKOMMET INNSIGELSE MOT PATENT (PATENTLOVEN PAR. 26,5)",L,IP RIGHT REVIEW REQUEST,NEUTRAL,False
4031,NO,CDEC,,COURT DECISION,RETTSAVGJORELSE,V,APPEAL,NEUTRAL,False
4032,NO,CHAD,,"CHANGE OF THE OWNER'S NAME OR ADDRESS (PAR. 44 PATENT LAW, PAR. PATENTFORSKRIFTEN)",OVERDRAGELSER OG NAVNE-/ADRESSEENDRINGER I SPESIFISERTE RETTIGHETER,R,PARTY DATA CHANGE,NEUTRAL,False
4033,NO,CREP,,CHANGE OF REPRESENTATIVE,UPTEKNING OG ENDRING AV FULLMEKTIG OG FULLMAKTSFORHOLD,R,PARTY DATA CHANGE,NEUTRAL,False
4034,NO,D25,,CHANGE ACCORDING TO B1 PUBLICATION AFTER OPPOSITION (PAR. 25 PATENTS ACT),AVVIKER FRA PATENT B1 ETTER INNSIGELSE (PAR. 25 PATENTLOVEN),Z,CLASSIFICATION PENDING,PENDING,False
4035,NO,EPNV,-,EUROPEAN PATENT NOT VALIDATED IN NORWAY,EUROPEISKE PATENTER HVOR VALIDERING I NORGE ER NEKTET,W,OTHER,UNKNOWN,False
4036,NO,EREP,,POWER OF ATTORNEY DISCONTINUED,OPPHOR AV FULLMEKTIGVERV,R,PARTY DATA CHANGE,NEUTRAL,False
4037,NO,ERR,,ERRATUM,RETTELSE,Y,CORRECTION AND DELETION OF EVENT INFORMATION,NEUTRAL,False
4038,NO,FC2A,-,"WITHDRAWAL, REJECTION OR DISMISSAL OF LAID OPEN PATENT APPLICATION","TRUKKET, AVSLATTE OG HENLAGTE SOKNADER SOM ER ALLMENT TILGJENGELIGE",B,APPLICATION DISCONTINUATION,DEAD,False
4039,NO,LC4,,LIMITATION OF PATENT RIGHTS - B3 (PAR. 39B PATENT ACT),ADMINISTRATIV BEGRENSNING - B3 (PAR. 39B PATENTLOVEN),M,IP RIGHT MAINTENANCE,NEUTRAL,False
4040,NO,LIS,,PUBLISHED LICENCE,LISENSE SOM ONSKES PUBLISIERT,S,INFORMATION ON LICENSING AND SIMILAR TRANSACTIONS,NEUTRAL,False
4041,NO,LISA,,TRANSFER OF LICENCE,OVERDRAGELSE AV LISENS,S,INFORMATION ON LICENSING AND SIMILAR TRANSACTIONS,NEUTRAL,False
4042,NO,MC2A,-,PATENT WITHDRAWN,TRUKKET PATENT,H,IP RIGHT CESSATION,DEAD,False
4043,NO,MH4A,-,RENUNCIATION,OPPHOR AV PATENT,H,IP RIGHT CESSATION,DEAD,False
4044,NO,MINV,-,INVALIDATION BY COURT DECISION,PATENT KJENT UGYLDIG VED DOM,H,IP RIGHT CESSATION,DEAD,False
4045,NO,MK1K,-,PATENT EXPIRED,PATENTTIDEN UTLOPT,H,IP RIGHT CESSATION,DEAD,False
4046,NO,MM1K,-,LAPSED BY NOT PAYING THE ANNUAL FEES,TRADT UT AV KRAFT GRUNN AV MANGELNDE BETALING AV ARSAVGIFTER,H,IP RIGHT CESSATION,DEAD,False
4047,NO,MMEP,-,"LAPSED, NULLIFIED, VOID OR EXPIRED EUROPEAN PATENT THAT HAD EFFECT IN NORWAY","BORTFALTE, OPPHEVETE, UGYLDIGE OG UTLøPTE EUROPEISKE PATENTER SOM HAR HATT VIRKNING I NORGE",H,IP RIGHT CESSATION,DEAD,False
4048,NO,PDF,,FILING AN OPPOSITION,INNSIGELSER MOT PATENT,L,IP RIGHT REVIEW REQUEST,NEUTRAL,False
4049,NO,PDP,,DECISION OF OPPOSITION (PAR. 25 PATENT ACT),AVGJORELSER AV INNSIGELSER (PAR. 25 PATENTLOVEN),L,IP RIGHT REVIEW REQUEST,NEUTRAL,False
4050,NO,PLED,,"PLEDGE AGREEMENT AS REGISTERED BY THE AUTHORITY (DISTRAINT, EXECUTION LIEN)",UTLEGGSPANT: MELDING OM UTLEGGSPANT ER INNKOMMET FOLGENDE PATENTER,S,INFORMATION ON LICENSING AND SIMILAR TRANSACTIONS,NEUTRAL,False
4051,NO,RE,+,REESTABLISHMENT OF RIGHTS (PAR. 72 PATENTS ACT),OPPREISNING (PAR. 72 PATENTLOVEN),K,IP RIGHT REVIVAL,ALIVE,False
4052,NO,REER,,REQUEST FOR ADMINISTRATIVE REEVALUATION OF PATENT,BEGJAERING OM ADMINISTRATIV OVERPROVING AV PATENT,L,IP RIGHT REVIEW REQUEST,NEUTRAL,False
4053,NO,REIN,+,REINSTATEMENT HAS BEEN GRANTED,PATENT OPPRETTHOLDES ELLER SAKSBEHANDLINGEN FORTSETTER TIL TROSS FOR FRISTOVERSITTELSE,K,IP RIGHT REVIVAL,ALIVE,False
4054,NO,RETC,,RETURNED AFTER APPEAL/COURT DECISION,ANNEN AVDELINGS AVGJøRELSER I OPPREISNINGSSAKER,Z,CLASSIFICATION PENDING,NEUTRAL,False
4055,NO,SEIZ,,SEIZURE,UTLEGGSPANT,S,INFORMATION ON LICENSING AND SIMILAR TRANSACTIONS,NEUTRAL,False
4056,NO,SPCA,,APPEAL FILED TO THE COURT AFTER REJECTION OF AN SPC,KUNNGJOERING ETTER PATENTFORSKRIFTEN PAR 85 (MEDDELTE SERTIFIKATER),V,APPEAL,NEUTRAL,False
4057,NO,SPCB,,BOARD OF APPEAL DECISION CONCERNING A SUPPLEMENTARY PROTECTION CERTIFICATE (SPC),AVGJORELSE FRA KLAGENEMNDA,V,APPEAL,NEUTRAL,False
4058,NO,SPCE,+,APPLICATION TO EXTEND A SUPPLEMENTARY PROTECTION CERTIFICATE (SPC),[NO DESCRIPTION IN ORIGINAL LANGUAGE],G,PROTECTION BEYOND IP RIGHT TERM,PENDING,False
4059,NO,SPCF,,FILING OF SUPPLEMENTARY PROTECTION CERTIFICATE,NYE SOKNADER OM BESKYTTELSSERTIFIKATER FOR LEGEMIDLER,G,PROTECTION BEYOND IP RIGHT TERM,NEUTRAL,False
4060,NO,SPCG,+,GRANTED SUPPLEMENTARY PROTECTION CERTIFICATE,GYLDIG SUPPLERENDE BESKYTTELSESSERTIFIKAT,G,PROTECTION BEYOND IP RIGHT TERM,ALIVE,False
4061,NO,SPCH,+,EXTENSION OF A SUPPLEMENTARY PROTECTION CERTIFICATE (SPC) GRANTED,[NO DESCRIPTION IN ORIGINAL LANGUAGE],G,PROTECTION BEYOND IP RIGHT TERM,ALIVE,False
4062,NO,SPCK,,CHANGE IN THE VALIDITY PERIOD OF AN SPC,ENDRET GYLDIGHETSPERIODE FOR BESKYTTELSESSERTIFIKAT FOR LEGEMIDLER (SPC),G,PROTECTION BEYOND IP RIGHT TERM,NEUTRAL,False
4063,NO,SPCR,+,REINSTATEMENT OF AN SPC,OPPREISNING (SPC),,,ALIVE,False
4064,NO,SPCS,,CHANGE OF NAME OR ADDRESS OF THE OWNER OF A SUPPLEMENTARY PROTECTION CERTIFICATE,OVERDRAGELSER OF NAVNE-/ADRESSEENDRINGER I SPESIFISERTE RETTIGETER (SUPPLERENDE BESKYTTELSESSERTIFIKAT),R,PARTY DATA CHANGE,NEUTRAL,False
4065,NO,SPCT,,CHANGE OF NAME OR ADDRESS OF THE REPRESENTATIVE OF A SUPPLEMENTARY PROTECTION CERTIFICATE,[NO ORIGINAL DESCRIPTION PROVIDED],R,PARTY DATA CHANGE,NEUTRAL,False
4066,NO,SPCU,-,SUPPLEMENTARY PROTECTION CERTIFICATE (SPC) LAPSED BY NOT PAYING THE ANNUAL FEES,TRADT UT AV KRAFT GRUNN AV MANGELNDE BETALING AV ARSAVGIFTER,U,PAYMENT,DEAD,False
4067,NO,SPCW,-,"WITHDRAWAL, REJECTION OR DISMISSAL OF SUPPLEMENTARY PROTECTION CERTIFICATE","TRUKKET, AVSLATTE OG HENLAGTE SUPPLERENDE BESKYTELSESSERTIFIKATER",G,PROTECTION BEYOND IP RIGHT TERM,DEAD,False
4068,NO,SPCX,-,EXPIRY OF AN SPC,UTLOPTE SPC SAKER,H,IP RIGHT CESSATION,DEAD,False
4069,NO,SPCY,-,"WITHDRAWAL, REJECTION OR DISMISSAL OF A REQUEST FOR EXTENSION OF A SUPPLEMENTARY PROTECTION CERTIFICATE",[NO DESCRIPTION IN ORIGINAL LANGUAGE],G,PROTECTION BEYOND IP RIGHT TERM,DEAD,False
4070,NO,SPCZ,-,EXPIRY OF AN EXTENSION OF A SUPPLEMENTARY PROTECTION CERTIFICATE (SPC),[NO DESCRIPTION IN ORIGINAL LANGUAGE],H,IP RIGHT CESSATION,DEAD,False
4071,NO,T1,+,EUROPEAN APPLICATION VALID IN NORWAY,OVERSETTELSE AV KRAVT I EUROPEISKE SOKNADER (A1/A2),W,OTHER,PENDING,False
4072,NO,T2,+,ENTRY OF EP PATENT INTO NATIONAL PHASE OF NORWAY [PUBL. OF TRANSLATION],EUROPEISK PATENT (B1) MED VIRKING I NORGE,Q,DOCUMENT PUBLICATION,PENDING,False
4073,NO,T3,,CHANGED EUROPEAN PATENT WITH EFFECT IN NORWAY,ENDREDE EUROPEISKE PATENTER (B2) MED VIRKNING I NORGE,W,OTHER,NEUTRAL,False
4074,NO,TB2,+,AMENDMENT OF EUROPEAN PATENT (B2) VALID IN NORWAY,ENREDE EUROPEISKE PATENT (B2) MED VIRKNING I NORGE,W,OTHER,UNKNOWN,False
4075,NO,TC,+,TRANSLATION OF CLAIMS IN EUROPEAN APPLICATION (A1/A2),OVERSETTELSE AV KRAV I EUROPEISKE SØKNADER (A1/A2),W,OTHER,PENDING,False
4076,NO,TCEN,+,TRANSLATION OF CLAIMS (NON-EP APPLICATION),OVERSETTELSER AV KRAV,W,OTHER,PENDING,False
4077,NO,TRCG,,CORRECTED TRANSLATION OF THE EUROPEAN PATENT FILED,DET ER INNKOMMET RETTET OVERSETTELSE I FOLGENDE EUROPEISKE PATENT (B1) MED VIRKING I NORGE,W,OTHER,NEUTRAL,False
4078,NO,TREP,,POWER OF ATTORNEY DISCONTINUED,OPPHOR AV FULLMEKTIGVERV,R,PARTY DATA CHANGE,NEUTRAL,False
4079,NZ,AABA,-,APPLICATION ABANDONED,APPLICATION ABANDONED,B,APPLICATION DISCONTINUATION,DEAD,False
4080,NZ,AMND,,ORDER GRANTING LEAVE TO AMEND,ORDER GRANTING LEAVE TO AMEND,Z,CLASSIFICATION PENDING,NEUTRAL,False
4081,NZ,ASS,,CHANGE OF OWNERSHIP,CHANGE OF OWNERSHIP,R,PARTY DATA CHANGE,NEUTRAL,False
4082,NZ,AVOD,-,APPLICATION VOID,APPLICATION VOID,B,APPLICATION DISCONTINUATION,DEAD,False
4083,NZ,CFIR,,CANCELLATION OF FINANCIAL INTEREST IN THE REGISTER,CANCELLATION OF FINANCIAL INTEREST IN THE REGISTER,Z,CLASSIFICATION PENDING,NEUTRAL,False
4084,NZ,CORR,,CORRIGENDUM,CORRIGENDUM,Y,CORRECTION AND DELETION OF EVENT INFORMATION,NEUTRAL,False
4085,NZ,ERR,,ERROR OR CORRECTION,ERROR OR CORRECTION,Y,CORRECTION AND DELETION OF EVENT INFORMATION,NEUTRAL,False
4086,NZ,EXPY,-,PATENT EXPIRED,PATENT EXPIRED,H,IP RIGHT CESSATION,DEAD,False
4087,NZ,LAPS,-,PATENT LAPSED,PATENT LAPSED,H,IP RIGHT CESSATION,DEAD,False
4088,NZ,LCAP,,APPLICATION FOR ENTRY OF NOTICE OF LICENCE IN THE REGISTER OF PATENTS,APPLICATION FOR ENTRY OF NOTICE OF LICENCE IN THE REGISTER OF PATENTS,S,INFORMATION ON LICENSING AND SIMILAR TRANSACTIONS,PENDING,False
4089,NZ,LCEA,,LICENSEES ADDED,LICENSEES ADDED,S,INFORMATION ON LICENSING AND SIMILAR TRANSACTIONS,NEUTRAL,False
4090,NZ,LECA,,LICENSEE/MORTGAGES/FINANCIAL INTEREST,LICENSEE/MORTGAGES/FINANCIAL INTEREST,S,INFORMATION ON LICENSING AND SIMILAR TRANSACTIONS,NEUTRAL,False
4091,NZ,LENG,+,PCT: LATE ENTRY INTO NATIONAL PHASE GRANTED ACC: ART. 48(2)(B),PCT: LATE ENTRY INTO NATIONAL PHASE GRANTED ACC: ART. 48(2)(B),A,APPLICATION FILING,ALIVE,False
4092,NZ,LENP,+,PCT: LATE ENTRY INTO NATIONAL PHASE GRANTED,PCT: LATE ENTRY INTO NATIONAL PHASE GRANTED,A,APPLICATION FILING,ALIVE,False
4093,NZ,PSEA,+,PATENT SEALED,PATENT SEALED,Z,CLASSIFICATION PENDING,UNKNOWN,True
4094,NZ,RADV,,READVERTISED FROM PREVIOUS JOURNALS,READVERTISED FROM PREVIOUS JOURNALS,Z,CLASSIFICATION PENDING,NEUTRAL,False
4095,NZ,RENP,+,PCT: LATE ENTRY INTO NATIONAL PHASE REQUESTED,PCT: LATE ENTRY INTO NATIONAL PHASE REQUESTED,A,APPLICATION FILING,PENDING,False
4096,NZ,RENW,+,RENEWAL (RENEWAL FEES ACCEPTED),RENEWAL,Z,CLASSIFICATION PENDING,ALIVE,False
4097,NZ,S123,,POST-DATING OF PATENT APPLICATION ACCORDING SECTION 12(3) PATENTS ACT 1953,POST-DATING OF PATENT APPLICATION ACCORDING SECTION 12(3) PATENTS ACT 1953,,,PENDING,False
4098,NZ,S18,,"SUPPLEMENTARY PROVISIONS AS TO EXAMINATION, ETC. ACCORDING SECTION 18, PATENTS ACT 1953","SUPPLEMENTARY PROVISIONS AS TO EXAMINATION, ETC. ACCORDING SECTION 18, PATENTS ACT 1953",D,SEARCH AND EXAMINATION,PENDING,False
4099,NZ,S22A,,AMENDMENT AFTER REFUSAL WITHOUT OPPOSITION ACC. SECT. 22,AMENDMENT AFTER REFUSAL WITHOUT OPPOSITION ACC. SECT. 22,P,RE-PUBLICATION OF DOCUMENT AFTER MODIFICATION,PENDING,False
4100,NZ,S23,,PROCEEDINGS UNDER SECTION 23: MENTION OF INVENTOR AS SUCH IN PATENT,PROCEEDINGS UNDER SECTION 23: MENTION OF INVENTOR AS SUCH IN PATENT,R,PARTY DATA CHANGE,NEUTRAL,False
4101,NZ,S245,,"PROCEEDING ACCORDING SECTION 24(5): DISPUTE BETWEEN JOINT APPLICANTS, WHETHER OR IN WHAT MANNER THE APPLICATION SHOULD BE PROCEEDED WITH",PROCEEDING UNDER SECTION 24(5): DISPUTE BETWEEN JOINT APPLICANTS WHETHER OR IN WHAT MANNER THE APPLICATION SHOULD BE PREOCEEDED WITH,T,ADMINISTRATIVE PROCEDURE ADJUSTMENT,PENDING,False
4102,NZ,S35A,,APPLICATION FOR PROCEEDINGS UNDER SECTION 35 (RESTORATION OF LAPSED PATENTS),APPLICATION FOR PROCEEDINGS UNDER SECTION 35 (RESTORATION OF LAPSED PATENTS),K,IP RIGHT REVIVAL,PENDING,False
4103,NZ,S35R,+,PROCEEDINGS UNDER SECTION 35 (RESTORATION OF LAPSED PATENTS): PATENT RESTORED,PROCEEDINGS UNDER SECTION 35 (RESTORATION OF LAPSED PATENTS): PATENT RESTORED,K,IP RIGHT REVIVAL,ALIVE,False
4104,NZ,S36A,,APPLICATION FOR PROCEEDINGS UNDER SECTION 36 (RESTORATION OF APPLICATIONS WHERE PATENT NOT SEALED),APPLICATION FOR PROCEEDINGS UNDER SECTION 36 (RESTORATION OF APPLICATIONS WHERE PATENT NOT SEALED),C,APPLICATION REVIVAL,PENDING,False
4105,NZ,S36R,+,PROCEEDINGS UNDER SECTION 36 (RESTORATION OF APPLICATIONS WHERE PATENT NOT SEALED): APPLICATION RESTORED,PROCEEDINGS UNDER SECTION 36 (RESTORATION OF APPLICATIONS WWHERE PATENT NOT SEALED): APPLICATION RESTORED,C,APPLICATION REVIVAL,ALIVE,False
4106,NZ,S37A,,APPLICATION FOR PROCEEDINGS UNDER SECTION 37 (RESTORATION OF APPLICATION WHERE COMPLETE SPECIFICATION NOT ACCEPTED),APPLICATION FOR PROCEEDINGS UNDER SECTION 37 (RESTORATION OF APPLICATION WHERE COMPLETE SPECIFICATION NOT ACCEPTED),C,APPLICATION REVIVAL,PENDING,False
4107,NZ,S37N,-,PROCEEDINGS UNDER SECTION 37 (RESTORATION OF APPLICATION WHERE COMPLETE SPECIFICATION NOT ACCEPTED): APPLICATION NOT RESTORED,PROCEEDINGS UNDER SECTION 37 (RESTORATION OF APPLICATION WHERE COMPLETE SPECIFICATION NOT ACCEPTED): APPLICATION NOT RESTORED,C,APPLICATION REVIVAL,PENDING,False
4108,NZ,S37R,+,PROCEEDINGS UNDER SECTION 37 (RESTORATION OF APPLICATION WHERE COMPLETE SPECIFICATION NOT ACCEPTED): APPLICATION RESTORED,PROCEEDINGS UNDER SECTION 37 (RESTORATION OF APPLICATION WHERE COMPLETE SPECIFICATION NOT ACCEPTED): APPLICATION RESTORED,C,APPLICATION REVIVAL,ALIVE,False
4109,NZ,S38A,,APPLICATION FOR PROCEEDINGS UNDER SECTION 38 (AMENDMENT OF SPECIFICATION WITH LEAVE OF COMMISSIONER),APPLICATION FOR PROCEEDINGS UNDER SECTION 38 (AMENDMENT OF SPECIFICATION WITH LEAVE OF COMMISSIONER),P,RE-PUBLICATION OF DOCUMENT AFTER MODIFICATION,PENDING,False
4110,NZ,S38C,,PROCEEDINGS UNDER SECTION 38 (AMENDMENT OF SPECIFICATION WITH LEAVE OF COMMISSIONER): SPECIFICATION AMENDED,PROCEEDINGS UNDER SECTION 38 (AMENDMENT OF SPECIFICATION WITH LEAVE OF COMMISSIONER): SPECIFICATION AMENDED,P,RE-PUBLICATION OF DOCUMENT AFTER MODIFICATION,PENDING,False
4111,NZ,S39A,,APPLICATION FOR PROCEEDINGS UNDER SECTION 39 (AMENDMENT OF SPECIFICATION WITH LEAVE OF COURT),APPLICATION FOR PROCEEDINGS UNDER SECTION 39 (AMENDMENT OF SPECIFICATION WITH LEAVE OF COURT),P,RE-PUBLICATION OF DOCUMENT AFTER MODIFICATION,PENDING,False
4112,NZ,S39O,,PROCEEDING UNDER SECTION 39 (AMENDMENT OF SPECIFICATION WITH LEAVE OF COURT): SPECIFICATION AMENDED BY COURT ORDER,PRECEEDINGS UNDER SECTION 39 (AMENDMENT OF SPECIFICATION WITH LEAVE OF COURT): SPECIFICATION AMENDED BY COURT ORDER,P,RE-PUBLICATION OF DOCUMENT AFTER MODIFICATION,PENDING,False
4113,NZ,S39V,,"PROCEEDING UNDER SECTION 39 (PATENTS ACT 1953): AMENDMENT OF SPECIFICATION WITH LEAVE OF COURT, BY LEAVE OF AN AGREEMENT","PROCEEDING UNDER SECTION 39 (PATENTS ACT 1953): AMENDMENT OF SPECIFICATION WITH LEAVE OF COURT, BY LEAVE OF AN AGREEMENT",P,RE-PUBLICATION OF DOCUMENT AFTER MODIFICATION,PENDING,False
4114,NZ,S42R,-,PATENT REVOKED UNDER SECTION 42,PATENT REVOKED UNDER SECTION 42,H,IP RIGHT CESSATION,DEAD,False
4115,NZ,S43,-,SURRENDER OF PATENTS ACCORDING SECTION 43 PATENTS ACT,SURRENDER OF PATENTS ACCORDING SECTION 43 PATENTS ACT,H,IP RIGHT CESSATION,DEAD,False
4116,NZ,S43A,-,OFFER TO SURRENDER,OFFER TO SURRENDER,L,IP RIGHT REVIEW REQUEST,DEAD,False
4117,NZ,S43R,-,PATENT REVOKED UNDER SECTION 42,PATENT REVOKED UNDER SECTION 42,,,DEAD,False
4118,NZ,S88,,CORRECTION OF ERROR (ACCORDING SECT. 88 PATENTS ACT),CORRECTION OF ERROR (ACCORDING SECT. 88 PATENTS ACT),Z,CLASSIFICATION PENDING,NEUTRAL,False
4119,NZ,S881,,CORRECTION OF ERROR ACCORDING SECTION 88(1) (MISTAKE IN REGISTER BY REASON OF AN ERROR OR OMISSION ON THE PART OF THE PATENT OFFICE),CORRECTION OF ERROR ACCORDING SECTION 88(1) (MISTAKE IN REGISTER BY REASON OF AN ERROR OR OMISSION ON THE PART OF THE PATENT OFFICE),Y,CORRECTION AND DELETION OF EVENT INFORMATION,NEUTRAL,False
4120,NZ,S882,,CORRECTION OF ERROR ACCORDING TO SECTION 88(2) (PROPOSED BY COMMISSIONER),CORRECTION OF ERROR ACCORDING TO SECTION 88(2) (PROPOSED BY COMMISSIONER),,,NEUTRAL,False
4121,NZ,S883,,CORRECTION OF ERROR ACCORDING TO SECTION 88(3) (MISTAKE IN REGISTER CAUSED ON PART OF PATENTEE OR APPLICANT),CORRECTION OF ERROR ACCORDING TO SECTION 88(3) (MISTAKE IN REGISTER CAUSED ON PART OF PATENTEE OR APPLICANT),Y,CORRECTION AND DELETION OF EVENT INFORMATION,NEUTRAL,False
4122,NZ,S88O,,CORRECTION OF ERROR IN REGISTER ACCORDING SECTION 88 (BASED ON OPPOSITION),CORRECTION OF ERROR IN REGISTER ACCORDING SECTION 88 (BASED ON OPPOSITION),Y,CORRECTION AND DELETION OF EVENT INFORMATION,NEUTRAL,False
4123,NZ,S93A,,EXTENSION OF TIME LIMITS FOR FILING CONVENTION APPLICATION OR COMPLETE SPECIFICATION (SECTION 93A),EXTENSION OF TIME LIMITS FOR FILING CONVENTION APPLICATION OR COMPLETE SPECIFICATION (SECTION 93A),T,ADMINISTRATIVE PROCEDURE ADJUSTMENT,PENDING,False
4124,PE,AE,+,RESTORATION OF LAPSED OR FORFEITED APPLICATION,VUELTO A TRAMITE,C,APPLICATION REVIVAL,ALIVE,False
4125,PE,FA,-,ABANDONMENT OR WITHDRAWAL,ABANDONO,B,APPLICATION DISCONTINUATION,DEAD,False
4126,PE,FC,-,REFUSAL,RECHAZADA O DENEGADA,B,APPLICATION DISCONTINUATION,DEAD,False
4127,PE,FD,-,APPLICATION DECLARED VOID OR LAPSED,CADUCADA,B,APPLICATION DISCONTINUATION,DEAD,False
4128,PE,FG,+,"GRANT, REGISTRATION",CONCEDIDA,F,IP RIGHT GRANT,ALIVE,False
4129,PE,FX,-,VOLUNTARY WITHDRAWAL,DESISTIMIENTO O ABANDONO VOLUNTARIO,B,APPLICATION DISCONTINUATION,DEAD,False
4130,PE,MC,-,ANNULMENT,ANULACION,H,IP RIGHT CESSATION,DEAD,False
4131,PE,MH,-,RENUNCIATION,RENUNCIA DE LA PATENTE,H,IP RIGHT CESSATION,DEAD,False
4132,PE,MK,-,EXPIRATION OF TERM,EXPIRACION DEL PLAZO,H,IP RIGHT CESSATION,DEAD,False
4133,PE,NF,+,RESTORATION OF LAPSED RIGHT,RESTAURACION DEL DERECHO,K,IP RIGHT REVIVAL,ALIVE,False
4134,PE,PA,,TRANSFORMATION OF ONE TYPE OF INDUSTRIAL PROPERTY TO ANOTHER,TRANSFORMACION DE UN TIPO DE DERECHO DE PROPIEDAD INDUSTRIAL EN OTRO,F,IP RIGHT GRANT,NEUTRAL,False
4135,PH,AT,,RECORD OF ANNUAL FEE PAYMENTS,RECORD OF ANNUAL FEE PAYMENTS,U,PAYMENT,NEUTRAL,False
4136,PL,DISC,-,DECISIONS ON DISCONTINUANCE OF THE PROCEEDINGS (TAKEN AFTER THE PUBLICATION OF THE PARTICULARS OF THE APPLICATIONS),DECYZJE O UMORZENIU POSTEPOWANIA (WYDANE PO OGLOSZENIU O ZGLOSZENIU),T,ADMINISTRATIVE PROCEDURE ADJUSTMENT,PENDING,False
4137,PL,DISD,-,DECISIONS ON DISCONTINUANCE OF THE PROCEEDINGS OF A DERIVED PATENT OR UTILITY MODEL,DECISIONS ON DISCONTINUANCE OF THE PROCEEDINGS OF A DERIVED PATENT OR UTILITY MODEL,T,ADMINISTRATIVE PROCEDURE ADJUSTMENT,UNKNOWN,False
4138,PL,DISU,-,DECISIONS ON DISCONTINUANCE OF THE PROCEEDINGS (TAKEN AFTER THE PUBLICATION OF THE PARTICULARS OF THE APPLICATIONS),DECYZJE O UMORZENIU POSTEPOWANIA (WYDANE PO OGLOSZENIU O ZGLOSZENIU),T,ADMINISTRATIVE PROCEDURE ADJUSTMENT,PENDING,False
4139,PL,ERR,,ANNOUNCEMENTS PUBLISHED IN THE NEWS OF THE PATENT OFFICE CORRECTED,SPROSTOWANIA OGLOSZEN OPUBLIKOWANYCH  W WIADOMOSCIACH URZEDU PATENTOWEGO,Y,CORRECTION AND DELETION OF EVENT INFORMATION,NEUTRAL,False
4140,PL,LAPE,-,EUROPEAN PATENT DISCONTINUED IN THE TERRITORY OF THE REPUBLIC OF POLAND,DECYZJE O WYGASNIECIU NA TERYTORIUM RZECZYPOSPOLITREJ POLSKIEJ PATENTU EUROPEJSKIEGO,H,IP RIGHT CESSATION,DEAD,False
4141,PL,LAPS,-,DECISIONS ON THE LAPSE OF THE PROTECTION RIGHTS,DECYZJE O WYGASNIECIU PATENTU,H,IP RIGHT CESSATION,DEAD,False
4142,PL,LAPU,-,DECISIONS ON THE LAPSE OF RIGHTS OF PROTECTION OF UTILITY MODEL,DECYZJE O WYGASNIECIU PRAWA OCHRONNEGO,H,IP RIGHT CESSATION,DEAD,False
4143,PL,LICE,+,DECLARATIONS OF WILLINGNESS TO GRANT LICENCE,OSWIADCZENIA O GOTOWOSCI UDZIELENIA LICENCJI,S,INFORMATION ON LICENSING AND SIMILAR TRANSACTIONS,ALIVE,False
4144,PL,RECP,,RECTIFICATIONS OF PATENT SPECIFICATION,SPROSTOWANIA OPISOW PATENTOWYCH,P,RE-PUBLICATION OF DOCUMENT AFTER MODIFICATION,PENDING,False
4145,PL,RECU,,RECTIFICATIONS OF UTILITY MODEL SPECIFICATION,SPROSTOWANIA OPISOW OCHRONNYCH WZOROW UZYTKOWYCH,P,RE-PUBLICATION OF DOCUMENT AFTER MODIFICATION,PENDING,False
4146,PL,REFD,-,DECISIONS ON REFUSAL TO GRANT DERIVATED PATENT OR UTILITY MODEL,DECISIONS ON REFUSAL TO GRANT DERIVATED PATENT OR UTILITY MODEL,,,UNKNOWN,False
4147,PL,REFS,-,DECISIONS ON REFUSAL TO GRANT PATENTS (TAKEN AFTER THE PUBLICATION OF THE PARTICULARS OF THE APPLICATIONS),DECYZJE O ODMOWIE UDZIELENIA PATENTU (WYDANE PO OGLOSZENIU O ZGLOSZENIU),B,APPLICATION DISCONTINUATION,DEAD,False
4148,PL,REFU,-,DECISIONS ON REFUSAL TO GRANT RIGHTS OF PROTECTION (TAKE AFTER THE PUBLICATION OF THE PARTICULARS OF THE APPLICATION),DECYZJE O ODMOWIE UDZIELENIA PRAWA OCHRONNEGO (WYDANE PO OGLOSZENIU O ZGLOSZENIU),B,APPLICATION DISCONTINUATION,DEAD,False
4149,PL,SPCE,+,APPLICATION FOR EXTENSION FOR THE DURATION OF A SUPPPLEMENTARY PROTECTION CERTIFICATE,OGLOSZENIA W SPRAWIE WPLYNIECIA WNIOSKU O PRZDLUZENIE OBAWIAZYWANIA DODATKOWEGO PRAWA OCHRONNEGO,G,PROTECTION BEYOND IP RIGHT TERM,PENDING,False
4150,PL,SPCF,+,APPLICATION FOR A SUPPLEMENTARY PROTECTION CERTIFICATE,OGLOSZENIA W SPRAWIE WPLYNIECIA WNIOSKU O UDZIELENIE DODATKOWGO PRAWA OCHRONNEGO DLA PRODUKTOW LECZNICZYCH O PRODUCTOW OCHRONY ROSLIN,G,PROTECTION BEYOND IP RIGHT TERM,PENDING,False
4151,PL,SPCX,-,DECISIONS ON DISCONTINUANCE OF THE PROCEEDINGS OF THE SUPPLEMENTARY PROTECTION RIGHTS,DECYZJE O UMORZENIU POSTEPOWANIA W SPRAWIE UDZIELENIA DODATKOWEGO PRAWA OCHRGONNEGO,T,ADMINISTRATIVE PROCEDURE ADJUSTMENT,UNKNOWN,False
4152,PL,T3,+,TRANSLATION OF EP PATENT,TLUMACZENIA PATENTOW EUROPEJSKICH,W,OTHER,UNKNOWN,False
4153,PL,T4,+,TRANSLATION OF AMENDED EP PATENT,POPRAWIONE TLUMACZENIE PATENTU EUROPEJSKIEGO,W,OTHER,UNKNOWN,False
4154,PL,T5,,TRANSLATION OF MODIFIED EP PATENT,TRANSLATION OF MODIFIED EP PATENT,W,OTHER,NEUTRAL,False
4155,PL,T6,,TRANSLATION OF EP PATENT LIMITED BY THE PROPRIETOR (EPC ART. 105 (A)),TRANSLATION OF EP PATENT LIMITED BY THE PROPRIETOR (EPC ART. 105 (A)),W,OTHER,NEUTRAL,False
4156,PL,VDSO,-,INVALIDATION OF DERIVATED PATENT OR UTILITY MODEL,INVALIDATION OF DERIVATED PATENT OR UTILITY MODEL,H,IP RIGHT CESSATION,DEAD,False
4157,PL,VOID,-,DECISIONS DECLARING THE DECISIONS ON THE GRANT OF THE PATENT LAPSED,DECYZJE STWIERDZAJACE WYGASNIECIE DECYZJI O UDZIELENIU PATENTU,F,IP RIGHT GRANT,DEAD,False
4158,PL,VOIU,-,DECISIONS DECLARING THE DECISIONS ON THE GRANT OF THE RIGHT OF PROTECTION LAPSED,DECYZJE STWIERDZAJACE WYGASNIECIE DECYZJI O UDZIELENIU PRAWA OCHRONNEGO,F,IP RIGHT GRANT,DEAD,False
4159,PT,BB1A,+,LAYING OPEN OF PATENT APPLICATION,PUBLICACAO DE PEDIDO DE INVENCAO,Q,DOCUMENT PUBLICATION,PENDING,False
4160,PT,BB1B,+,APPLICATION OPEN TO PUBLIC INSPECTION,PUBLICACAO DE PEDIDO,,,PENDING,False
4161,PT,BB1K,+,LAYING OPEN OF UTILITY MODEL APPLICATION,PUBLICACAO DE PEDIDO DE MODELO DE UTILIDADE,Q,DOCUMENT PUBLICATION,PENDING,False
4162,PT,BB1Z,,NEW AUTHORIZED PUBLICATION OF LAYING OPEN PATENT APPLICATION,NOVA PUBLICACAO AUTORIZADA DE PUBLICACAO DE PEDIDO DE INVENCAO,Q,DOCUMENT PUBLICATION,PENDING,False
4163,PT,CB1A,-,OPPOSITION TO GRANT,RECLAMACOES,,,UNKNOWN,False
4164,PT,FA1A,-,WITHDRAWAL OF APPLICATION (PATENT),DESISTENCIA DE PEDIDO (PATENTE DE INVENCAO),B,APPLICATION DISCONTINUATION,DEAD,False
4165,PT,FA1K,-,WITHDRAWAL OF APPLICATION (UTILITY MODEL),DESISTENCIA DE PEDIDO (MODELO DE UTILIDADE),B,APPLICATION DISCONTINUATION,DEAD,False
4166,PT,FC3A,-,REFUSAL,RECUSAS,B,APPLICATION DISCONTINUATION,DEAD,False
4167,PT,FC3K,-,REFUSAL (UTILITY MODEL),RECUSA (MODELO DE UTILIDADE),B,APPLICATION DISCONTINUATION,DEAD,False
4168,PT,FC4A,-,REFUSAL,RECUSAS,B,APPLICATION DISCONTINUATION,DEAD,False
4169,PT,FG3A,+,"PATENT GRANTED, DATE OF GRANTING","CONCESSOES, DATA DO DESPACHO",F,IP RIGHT GRANT,ALIVE,True
4170,PT,FG3B,+,"PATENT OF ADDITION GRANTED, DATE OF GRANTING","CONCESSOES PATENTE ADDICIONAL, DATA DO DESPACHO",,,ALIVE,False
4171,PT,FG3K,+,"UTILITY MODEL GRANTED, DATE OF GRANTING","CONCESSOES MODELO DE UTILIDADE, DATA DO DESPACHO",F,IP RIGHT GRANT,ALIVE,False
4172,PT,FG4A,+,PATENT GRANTED (FROM PCT APPLICATION),"CONCESSOES, DATA DO DESPACHO",F,IP RIGHT GRANT,ALIVE,False
4173,PT,FG4K,+,UTILITY MODEL REGISTERED (FROM PCT APPLICATION),(MODELO DE UTILIDADE),F,IP RIGHT GRANT,ALIVE,False
4174,PT,GA1A,,CONVERTED TO UTILITY MODEL,REFORMULACOES EM MODELO DE UTILIDADE,F,IP RIGHT GRANT,NEUTRAL,False
4175,PT,GA1K,,CONVERTED TO PATENT,REFORMULACOES EM PATENTE,F,IP RIGHT GRANT,NEUTRAL,False
4176,PT,HH1A,,CORRECTION,RECTIFICACOES,,,NEUTRAL,False
4177,PT,MA3A,-,WITHDRAWAL OF PATENT,RENUNCIA DE PATENDE,H,IP RIGHT CESSATION,DEAD,False
4178,PT,MA3K,-,WITHDRAWAL OF UTILITY MODEL,RENUNCIA MODELO DE UTILIDADE,H,IP RIGHT CESSATION,DEAD,False
4179,PT,MA4A,-,WITHDRAWAL OF EUROPEAN PATENT,RENUNCIA DE PATENTE EUROPEIA,H,IP RIGHT CESSATION,DEAD,False
4180,PT,MF4A,-,REVOCATION OF NATIONAL PROTECTION,REVOGACAO DE EFEITOS NACIONAIS,H,IP RIGHT CESSATION,DEAD,False
4181,PT,MM1K,-,ANNULMENT OR LAPSE (UTILITY MODEL APPLICATION),CADUCIDADE POR FALTA DE PAGAMENTO DE TAXAS,B,APPLICATION DISCONTINUATION,DEAD,False
4182,PT,MM3A,-,ANNULMENT OR LAPSE,CADUCICADES,H,IP RIGHT CESSATION,DEAD,False
4183,PT,MM3K,-,ANNULMENT OR LAPSE (UTILITY MODEL),CADUCIDADE POR FALTA DE PAGAMENTO DE TAXAS,H,IP RIGHT CESSATION,DEAD,False
4184,PT,MM4A,-,"ANNULMENT/LAPSE DUE TO NON-PAYMENT OF FEES, SEARCHED AND EXAMINED PATENT","CADUCADA POR FALTA DE PAGAMENTO DE TAXAS, PATENTE DE INVENCAO PESQUISADA E EXAMINADO",H,IP RIGHT CESSATION,DEAD,False
4185,PT,MM4K,-,ANNULMENT OR LAPSE (GRANTED UTILITY MODEL),CADUCIDADES POR FLATA DE PAGAMENTO DE TAXA,H,IP RIGHT CESSATION,DEAD,False
4186,PT,MP4A,-,PATENT DISCONTINUED IN PORTUGAL,CESSACAO DE EFEITOS NACIONAIS,H,IP RIGHT CESSATION,DEAD,False
4187,PT,NF3A,+,RESTITUTIO IN INTEGRUM,REVALIDACOES,K,IP RIGHT REVIVAL,ALIVE,False
4188,PT,NF3K,+,RESTITUTIO IN INTEGRUM OF UTILITY MODEL,REVALIDACOES MODELO DE UTILIDADE,K,IP RIGHT REVIVAL,ALIVE,False
4189,PT,NF4A,+,RESTITUTIO IN INTEGRUM,REVALIDACOES,K,IP RIGHT REVIVAL,ALIVE,False
4190,PT,NF4K,+,RESTITUTIO IN INTEGRUM OF UTILITY MODEL,REVALIDACOES MODELO DE UTILIDADE,K,IP RIGHT REVIVAL,ALIVE,False
4191,PT,PC1A,,TRANSFER OR ASSIGNMENT,TRANSMISSOES,,,NEUTRAL,False
4192,PT,PC3A,,TRANSFER OR ASSIGNMENT,TRANSMISSOES,R,PARTY DATA CHANGE,NEUTRAL,False
4193,PT,PC3K,,TRANSFER,TRANSMISSAO,R,PARTY DATA CHANGE,NEUTRAL,False
4194,PT,PC4A,,TRANSFER OF ASSIGNMENT,TRANSMISSOES,R,PARTY DATA CHANGE,NEUTRAL,False
4195,PT,PC4K,,TRANSFER OF ASSIGNMENT (UTILITY MODEL),TRANSMISSOES,R,PARTY DATA CHANGE,NEUTRAL,False
4196,PT,PD3A,,CHANGE OF PROPRIETORSHIP,MUDANCA DE IDENTIDADE/SEDE,R,PARTY DATA CHANGE,NEUTRAL,False
4197,PT,PD3K,,CHANGE OF PROPRIETORSHIP,MUDANCA DE IDENTIDADE/SEDE,R,PARTY DATA CHANGE,NEUTRAL,False
4198,PT,PD4A,,CHANGE OF PROPRIETORSHIP,MUDANCA DE IDENTIDADE/SEDE,R,PARTY DATA CHANGE,NEUTRAL,False
4199,PT,PD4K,,CHANGE OF PROPRIETORSHIP (UTILITY MODEL),AVERBAMENTOS - MUDANCAS DE IDENTIDADE,R,PARTY DATA CHANGE,NEUTRAL,False
4200,PT,PT92,+,"PATENT VALID ON 920101, DATE OF GRANTING","PATENTE VALIDO NO 920101, DATA DO DESPACHO",,,ALIVE,False
4201,PT,QB3A,,LICENCE,LICENCA DE EXPLORACAO,S,INFORMATION ON LICENSING AND SIMILAR TRANSACTIONS,NEUTRAL,False
4202,PT,QB4A,,LICENCE,LICENCA DE EXPLORACAO,S,INFORMATION ON LICENSING AND SIMILAR TRANSACTIONS,NEUTRAL,False
4203,PT,QB4K,,LICENCE OF UTILITY MODEL,LICENCA DE EXPLORACAO,S,INFORMATION ON LICENSING AND SIMILAR TRANSACTIONS,NEUTRAL,False
4204,PT,RL3A,+,GRANT FOLLOWING COURT DECISION,CONCESSOES OU RECUSAS POR SENTENCA ALTERANDO O PRIMEIRO DESPACHO,F,IP RIGHT GRANT,ALIVE,False
4205,PT,RL4A,-,ANNULMENT FOLLOWING COURT DECISION,ANNULMENT FOLLOWING COURT DECISION,H,IP RIGHT CESSATION,DEAD,False
4206,PT,SC4A,+,TRANSLATION IS AVAILABLE,TRANSLATION IS AVAILABLE,W,OTHER,UNKNOWN,False
4207,PT,TE1K,,CHANGE OF ADDRESS (UTILITY MODEL APPLICATION),MUDANCA DE RESIDENCIA (MODELO DE UTILIDADE),R,PARTY DATA CHANGE,PENDING,False
4208,PT,TE3A,,CHANGE OF ADDRESS (PATENT),MUDANCA DE RESIDENCIA (PATENTE),R,PARTY DATA CHANGE,NEUTRAL,False
4209,PT,TE3K,,CHANGE OF ADDRESS (UTILITY MODEL),MUDANCA DE RESIDENCIA (MODELO DE UTILIDADE),R,PARTY DATA CHANGE,NEUTRAL,False
4210,PT,TE4A,,CHANGE OF ADDRESS (PATENT),MUDANCA DE RESIDENCIA (PATENTE),R,PARTY DATA CHANGE,NEUTRAL,False
4211,PT,TE4K,,CHANGE OF ADDRESS (UTILITY MODEL),MUDANCA DE RESIDENCIA (MODELO DE UTILIDADE),R,PARTY DATA CHANGE,NEUTRAL,False
4212,RO,EPE,+,EP PATENT VALID IN ROMANIA,EP PATENT VALID IN ROMANIA,W,OTHER,UNKNOWN,True
4213,RO,SPCG,+,SUPPLEMENTARY PROTECTION CERTIFICATE GRANTED,[NO DESCRIPTION IN ORIGINAL LANGUAGE],G,PROTECTION BEYOND IP RIGHT TERM,ALIVE,False
4214,RO,SPCH,+,EXTENSION OF SUPPLEMENTARY PROTECTION CERTIFICATE GRANTED [PAEDIATRIC EXTENSION],[NO DESCRIPTION IN ORIGINAL LANGUAGE],G,PROTECTION BEYOND IP RIGHT TERM,ALIVE,False
4215,RU,BF1K,,CANCELLING A PUBLICATION OF EARLIER DATE [UTILITY MODELS],CANCELLING A PUBLICATION OF EARLIER DATE [UTILITY MODELS],Z,CLASSIFICATION PENDING,PENDING,False
4216,RU,BF4A,,CANCELLING A PUBLICATION OF EARLIER DATE [PATENTS],CANCELLING A PUBLICATION OF EARLIER DATE [PATENTS],Z,CLASSIFICATION PENDING,PENDING,False
4217,RU,FA91,-,APPLICATION WITHDRAWN (ON APPLICANT'S REQUEST),WITHDRAWING INVENTION APPLICATION (ON APPLICANT'S REQUEST),Z,CLASSIFICATION PENDING,PENDING,False
4218,RU,FA92,-,ACKNOWLEDGEMENT OF APPLICATION WITHDRAWN (LACK OF SUPPLEMENTARY MATERIALS SUBMITTED),ACKNOWLEDGING INVENTION APPLICATION WITHDRAWN (NO SUPPLEMENTARY MATERIALS  BEING SUBMITTED),B,APPLICATION DISCONTINUATION,DEAD,False
4219,RU,FA93,-,ACKNOWLEDGEMENT OF APPLICATION WITHDRAWN (NO REQUEST FOR EXAMINATION),ACKNOWLEDGING APPLICATION WITHDRAWN (NO REQUEST FOR EXAMINATION BEING SUBMITTED),B,APPLICATION DISCONTINUATION,DEAD,False
4220,RU,FA94,-,ACKNOWLEDGEMENT OF APPLICATION WITHDRAWN (NON-PAYMENT OF FEES),ACKNOWLEDGING INVENTION APPLICATION WITHDRAWN (LACK OF DOCUMENTS CONFIRMING FEE PAYMENT),B,APPLICATION DISCONTINUATION,DEAD,False
4221,RU,FA95,-,ACKNOWLEDGEMENT OF APPLICATION WITHDRAWN DUE TO THE LATER FILING OF THE SAME APPLICATION (JUNIOR APPLICATION),ACKNOWLEDGING APPLICATION WITHDRAWN (FILING AN APPLICATION OF LATER DATE SUBMITTED BY THE SAME APPLICANT),B,APPLICATION DISCONTINUATION,DEAD,False
4222,RU,FA9A,-,APPLICATION WITHDRAWN (ON APPLICANT'S REQUEST),ACKNOWLEDGING APPLICATIONS WITHDRAWN,,,PENDING,False
4223,RU,FZ9A,+,APPLICATION NOT WITHDRAWN (CORRECTION OF THE NOTICE OF WITHDRAWAL),APPLICATION HAVING LOST THE WITHDRAWN APPLICATION STATUS,Z,CLASSIFICATION PENDING,PENDING,False
4224,RU,GA9A,,CONVERSION OF A PATENT APPLICATION INTO A UTILITY MODEL,CONVERTING AN APPLICATION FOR A DISCOVERY INTO A UTILITY MODEL APPLICATION,A,APPLICATION FILING,PENDING,False
4225,RU,HC9A,,CHANGING INFORMATION ABOUT INVENTORS,CHANGING INFORMATION ABOUT INVENTORS,R,PARTY DATA CHANGE,NEUTRAL,False
4226,RU,HE1K,,CHANGE OF ADDRESS OF A UTILITY MODEL OWNER,MAKING CHANGES IN ADDRESS FOR CARRYING ON CORRESPONDENCE WITH A UTILITY MODEL PATENT HOLDER,R,PARTY DATA CHANGE,NEUTRAL,False
4227,RU,HE4A,,CHANGE OF ADDRESS OF A PATENT OWNER,CHANGING PATENT OWNER'S ADDRESS,R,PARTY DATA CHANGE,NEUTRAL,False
4228,RU,HE9A,,CHANGING ADDRESS FOR CORRESPONDENCE WITH AN APPLICANT,CHANGING ADDRESS FOR CORRESPONDENCE WITH AN APPLICANT,R,PARTY DATA CHANGE,NEUTRAL,False
4229,RU,HK1K,,CHANGES IN A UTILITY MODEL PUBLICATION,CHANGES IN A UTILITY MODEL PUBLICATION,P,RE-PUBLICATION OF DOCUMENT AFTER MODIFICATION,PENDING,False
4230,RU,HK4A,,CHANGES IN A PUBLISHED INVENTION,CHANGES IN A PUBLISHED INVENTION,P,RE-PUBLICATION OF DOCUMENT AFTER MODIFICATION,PENDING,False
4231,RU,HZ9A,,CHANGING ADDRESS FOR CORRESPONDENCE WITH AN APPLICANT,CHANGING ADDRESS FOR CORRESPONDENCE WITH AN APPLICANT,R,PARTY DATA CHANGE,NEUTRAL,False
4232,RU,MF11,-,CANCELLING A UTILITY MODEL PATENT (TOTAL INVALIDATION THEREOF),CANCELLING A UTILITY MODEL PATENT (TOTAL INVALIDATION THEREOF),H,IP RIGHT CESSATION,DEAD,False
4233,RU,MF12,-,UTILITY MODEL PARTIALLY INVALIDATED,CANCELLING A UTILITY MODEL PATENT (PARTIAL INVALIDATION THEREOF),M,IP RIGHT MAINTENANCE,DEAD,False
4234,RU,MF1K,-,CANCELLING A UTILITY MODEL PATENT,CANCELLING A UTILITY MODEL PATENT,H,IP RIGHT CESSATION,DEAD,False
4235,RU,MF41,-,CANCELLING AN INVENTION PATENT (TOTAL INVALIDATION OF THE PATENT),CANCELING AN INVENTION PATENT (TOTAL INVALIDATION OF THE PATENT),H,IP RIGHT CESSATION,DEAD,False
4236,RU,MF42,-,INVENTION PATENT PARTIALLY INVALIDATED,CANCELING AN INVENTION PATENT (PARTIAL INVALIDATION OF THE PATENT),M,IP RIGHT MAINTENANCE,DEAD,False
4237,RU,MF4A,-,CANCELLING AN INVENTION PATENT,CANCELLING A PATENT,H,IP RIGHT CESSATION,DEAD,False
4238,RU,MF91,-,UTILITY MODEL REVOKED (AFTER UTILITY MODEL WAS FOUND COMPLETELY INVALID),UTILITY MODEL REVOKED (AFTER UTILITY MODEL WAS FOUND COMPLETELY INVALID),H,IP RIGHT CESSATION,DEAD,False
4239,RU,MF92,-,UTILITY MODEL REVOKED (AFTER UTILITY MODEL WAS FOUND PARTIALLY INVALID),UTILITY MODEL REVOKED (AFTER UTILITY MODEL WAS FOUND PARTIALLY INVALID),H,IP RIGHT CESSATION,DEAD,False
4240,RU,MG11,-,ANTICIPATORY LAPSE OF A UTILITY MODEL PATENT IN CASE OF GRANTING AN IDENTICAL UTILITY MODEL,ANTICIPATORY LAPSE OF A UTILITY MODEL PATENT IN CASE OF AN IDENTICAL UTILITY MODEL,H,IP RIGHT CESSATION,DEAD,False
4241,RU,MG1K,-,ANTICIPATORY LAPSE OF A UTILITY MODEL PATENT IN CASE OF GRANTING AN IDENTICAL UTILITY MODEL,THE PATENT FOR IDENTICAL UTILITY MODEL IS INVALID,H,IP RIGHT CESSATION,DEAD,False
4242,RU,MG4A,-,ANTICIPATORY LAPSE OF AN INVENTION PATENT IN THE CASE OF GRANTING A PATENT ON AN IDENTICAL INVENTION,ANTICIPATORY LAPSE OF AN INVENTION PATENT IN THE CASE OF GRANTING A PATENT ON AN IDENTICAL INVENTION,H,IP RIGHT CESSATION,DEAD,False
4243,RU,MG9K,-,TERMINATION OF A UTILITY MODEL DUE TO GRANT OF A PATENT FOR IDENTICAL SUBJECT,TERMINATION OF THE VALIDITY OF A UTILITY MODEL (GROUP OF UTILITY MODELS) DUE TO GRANT OF A PATENT FOR IDENTICAL SUBJECT,H,IP RIGHT CESSATION,DEAD,False
4244,RU,MM1K,-,UTILITY MODEL HAS BECOME INVALID (NON-PAYMENT OF FEES),THE PATENT FOR UTILITY MODEL HAS BECOME INVALID OWING TO NO FEES PAID,H,IP RIGHT CESSATION,DEAD,False
4245,RU,MM4A,-,THE PATENT IS INVALID DUE TO NON-PAYMENT OF FEES,THE PATENT IS INVALID OWING TO NO FEES PAID,H,IP RIGHT CESSATION,DEAD,False
4246,RU,MM9K,-,UTILITY MODEL HAS BECOME INVALID (NON-PAYMENT OF FEES),PRETERM TERMINATION OF THE VALIDITY OF A UTILITY MODEL DUE TO FAILURE TO PAY PATENT MAINTENANCE FEE IN DUE TIME,H,IP RIGHT CESSATION,DEAD,False
4247,RU,MZ1K,-,UTILITY MODEL DISCONTINUED,THE PATENT FOR UTILITY MODEL HAS BECOME INVALID ON THE BASIS OF AN APPLICATION,H,IP RIGHT CESSATION,DEAD,False
4248,RU,MZ4A,-,PATENT IS VOID,THE PATENT IS INVALID OWING TO AN APPLICATION SUBMITTED,H,IP RIGHT CESSATION,DEAD,False
4249,RU,MZ9K,-,UTILITY MODEL DECLARED VOID AT OWNER'S REQUEST,PRETERM TERMINATION OF THE VALIDITY OF A UTILITY MODEL ON THE BASIS OF A REQUEST FILED BY THE UTILITY MODEL HOLDER,H,IP RIGHT CESSATION,DEAD,False
4250,RU,ND1K,+,EXTENDING UTILITY MODEL PATENT DURATION,EXTENDING UTILITY MODEL PATENT DURATION,G,PROTECTION BEYOND IP RIGHT TERM,NEUTRAL,False
4251,RU,ND4A,+,EXTENSION OF PATENT DURATION,PROLONGED INVENTION PATENT VALIDITY,G,PROTECTION BEYOND IP RIGHT TERM,NEUTRAL,False
4252,RU,NF1K,+,REINSTATEMENT OF UTILITY MODEL,RENEWING A UTILITY MODEL PATENT,K,IP RIGHT REVIVAL,ALIVE,False
4253,RU,NF4A,+,REINSTATEMENT OF PATENT,RENEWING A PATENT,K,IP RIGHT REVIVAL,ALIVE,False
4254,RU,NF9K,+,UTILITY MODEL REINSTATED,UTILITY MODEL RENEWAL,K,IP RIGHT REVIVAL,ALIVE,False
4255,RU,NG4A,+,NEW PATENT ISSUED AFTER PARTIAL INVALIDATION OF EARLIER PATENT,NEW PATENT GRANT DUE TO EARLIER PATENT PARTIAL INVALIDATION,F,IP RIGHT GRANT,ALIVE,True
4256,RU,NG9K,+,NEW UTILITY MODEL ISSUED AFTER PARTIAL INVALIDATION OF EARLIER UTILITY MODEL,NEW UTILITY MODEL GRANT DUE TO EARLIER UTILITY MODEL PARTIAL INVALIDATION,F,IP RIGHT GRANT,ALIVE,False
4257,RU,PA4F,+,CONVERTING USSR INVENTOR'S CERTIFICATE INTO RUSSIAN FEDERATION PATENT,CONVERTING USSR INVENTOR'S CERTIFICATE INTO RUSSIAN FEDERATION PATENT,F,IP RIGHT GRANT,ALIVE,False
4258,RU,PC11,,OFFICIAL REGISTRATION OF THE TRANSFER OF EXCLUSIVE RIGHT,OFFICIAL REGISTRATION OF THE TRANSFER OF EXCLUSIVE RIGHTS,Z,CLASSIFICATION PENDING,NEUTRAL,False
4259,RU,PC12,,OFFICIAL REGISTRATION OF THE TRANSFER OF THE EXCLUSIVE RIGHT WITHOUT CONTRACT FOR UTILITY MODELS,OFFICIAL REGISTRATION OF THE TRANSFER OF THE EXCLUSIVE RIGHT WITHOUT CONTRACT FOR UTILITY MODELS,Z,CLASSIFICATION PENDING,NEUTRAL,False
4260,RU,PC1K,,ASSIGNMENT OF UTILITY MODEL,ASSIGNMENT OF A UTILITY MODEL PATENT,R,PARTY DATA CHANGE,NEUTRAL,False
4261,RU,PC41,,OFFICIAL REGISTRATION OF THE TRANSFER OF EXCLUSIVE RIGHT,OFFICIAL REGISTRATION OF THE TRANSFER OF EXLUSIVE RIGHTS,Z,CLASSIFICATION PENDING,NEUTRAL,False
4262,RU,PC43,,OFFICIAL REGISTRATION OF THE TRANSFER OF THE EXCLUSIVE RIGHT WITHOUT CONTRACT FOR INVENTIONS,OFFICIAL REGISTRATION OF THE TRANSFER OF THE EXCLUSIVE RIGHT WITHOUT CONTRACT FOR INVENTIONS,Z,CLASSIFICATION PENDING,NEUTRAL,False
4263,RU,PC4A,,INVENTION PATENT ASSIGNMENT,INVENTION PATENT ASSIGNMENT,R,PARTY DATA CHANGE,NEUTRAL,False
4264,RU,PC91,,OFFICIAL REGISTRATION OF THE TRANSFER OF EXCLUSIVE RIGHT (UTILITY MODEL),OFFICIAL REGISTRATION OF THE CONTRACTED ALIENATION  OF EXCLUSIVE RIGHT OF A UTILITY MODEL,R,PARTY DATA CHANGE,NEUTRAL,False
4265,RU,PC92,,OFFICIAL REGISTRATION OF NON-CONTRACTED TRANSFER OF EXCLUSIVE RIGHT OF A UTILITY MODEL,[NO DESCRIPTION IN ORIGINAL LANGUAGE],S,INFORMATION ON LICENSING AND SIMILAR TRANSACTIONS,NEUTRAL,False
4266,RU,PD1K,,CORRECTION OF NAME OF UTILITY MODEL OWNER,CHANGE OF TITLE OF A UTILITY MODEL PATENT OWNER,R,PARTY DATA CHANGE,NEUTRAL,False
4267,RU,PD4A,,CORRECTION OF NAME OF PATENT OWNER,"CHANGE OF PATENT OWNER'S TITLE, FAMILY NAME, FIRST NAME OR PATRONYMIC",R,PARTY DATA CHANGE,NEUTRAL,False
4268,RU,PD9K,,CHANGE OF NAME OF UTILITY MODEL OWNER,"CHANGE IN UTILITY MODEL HOLDER'S TITLE, FAMILY NAME, FIRST NAME OR PATRONYMIC",R,PARTY DATA CHANGE,NEUTRAL,False
4269,RU,PK1K,,CANCELLING AN ASSIGNMENT AGREEMENT ON A UTILITY PATENT,CANCELLING AN ASSIGNMENT AGREEMENT ON A UTILITY PATENT,Z,CLASSIFICATION PENDING,NEUTRAL,False
4270,RU,PZ4A,,CANCELLING CESSION AGREEMENT OF INVENTION PATENT,CANCELLING CESSION AGREEMENT OF INVENTION PATENT,Z,CLASSIFICATION PENDING,NEUTRAL,False
4271,RU,QA1K,,UTILITY MODEL OPEN FOR LICENSING,UTILITY MODEL OPEN FOR LICENSING,S,INFORMATION ON LICENSING AND SIMILAR TRANSACTIONS,NEUTRAL,False
4272,RU,QA4A,,PATENT OPEN FOR LICENSING,OPEN USER PERMIT LICENSE,S,INFORMATION ON LICENSING AND SIMILAR TRANSACTIONS,NEUTRAL,False
4273,RU,QA9K,,UTILITY MODEL OPEN FOR LICENSING,OPEN LICENSE REGISTRATION,S,INFORMATION ON LICENSING AND SIMILAR TRANSACTIONS,NEUTRAL,False
4274,RU,QB1K,,LICENCE ON USE OF UTILITY MODEL,LICENCE ON UTILITY MODEL USE,S,INFORMATION ON LICENSING AND SIMILAR TRANSACTIONS,NEUTRAL,False
4275,RU,QB4A,,LICENCE ON USE OF PATENT,LICENCE ON INVENTION USE,S,INFORMATION ON LICENSING AND SIMILAR TRANSACTIONS,NEUTRAL,False
4276,RU,QB9K,,LICENCE GRANTED OR REGISTERED (UTILITY MODEL),"OFFICIAL REGISTRATION OF THE CONTRACTED RIGHT OF USE OR EXCLUSIVE RIGHT (SUBSEQUENT) PLEDGE OR OF CHANGES IN THE RIGHT OF USE, ETC.",S,INFORMATION ON LICENSING AND SIMILAR TRANSACTIONS,NEUTRAL,False
4277,RU,QC11,,OFFICIAL REGISTRATION OF THE TERMINATION OF THE LICENCE AGREEMENT OR OTHER AGREEMENTS ON THE DISPOSAL OF AN EXCLUSIVE RIGHT,OFFICIAL AGREEMENT OF THE INVALIDATION OF LICENCE AGREEMENT ON UTILITY MODEL,S,INFORMATION ON LICENSING AND SIMILAR TRANSACTIONS,NEUTRAL,False
4278,RU,QC41,,OFFICIAL REGISTRATION OF THE TERMINATION OF THE LICENCE AGREEMENT OR OTHER AGREEMENTS ON THE DISPOSAL OF AN EXCLUSIVE RIGHT,OFFICIAL AGREEMENT OF THE INVALIDATION OF LICENCE AGREEMENT ON INVENTION PATENT,S,INFORMATION ON LICENSING AND SIMILAR TRANSACTIONS,NEUTRAL,False
4279,RU,QC91,,LICENCE TERMINATION (UTILITY MODEL),OFFICIAL REGISTRATION OF THE TERMINATION OF THE LICENCE AGREEMENT OR OTHER AGREEMENTS ON THE DISPOSAL OF AN EXCLUSIVE RIGHT,S,INFORMATION ON LICENSING AND SIMILAR TRANSACTIONS,NEUTRAL,False
4280,RU,QZ11,,OFFICIAL REGISTRATION OF CHANGES TO A REGISTERED AGREEMENT (UTILITY MODEL),OFFICIAL REGISTRATION OF CHANGES IN THE AGREEMENT OF A LICENCE,S,INFORMATION ON LICENSING AND SIMILAR TRANSACTIONS,NEUTRAL,False
4281,RU,QZ1K,,CHANGES IN THE LICENCE OF UTILITY MODEL,CHANGES OF A LICENCE ON UTILITY MODEL USE,S,INFORMATION ON LICENSING AND SIMILAR TRANSACTIONS,NEUTRAL,False
4282,RU,QZ41,,OFFICIAL REGISTRATION OF CHANGES TO A REGISTERED AGREEMENT (PATENT),OFFICIAL REGISTRATION OF CHANGES IN THE AGREEMENT OF A LICENCE (PATENT),S,INFORMATION ON LICENSING AND SIMILAR TRANSACTIONS,NEUTRAL,False
4283,RU,QZ42,-,WITHDRAWAL OF AN OPEN USER PERMIT LICENCE,WITHDRAWAL OF AN OPEN USER PERMIT LICENCE,S,INFORMATION ON LICENSING AND SIMILAR TRANSACTIONS,DEAD,False
4284,RU,QZ45,,WITHDRAWAL OF DECLARATION OF GRANTING ANY PERSON THE RIGHT TO USE THE INVENTION,WITHDRAWAL OF DECLARATION OF GRANTING ANY PERSON THE RIGHT TO USE THE INVENTION,S,INFORMATION ON LICENSING AND SIMILAR TRANSACTIONS,NEUTRAL,False
4285,RU,QZ46,,WITHDRAWAL OF STATEMENT ABOUT OBLIGATION OF CONCLUDING THE CONTRACT OF ASSIGNMENT OF PATENTS ACC. POINT 3 PAR 1366 CIVIL CODE OF RUSSIA,WITHDRAWAL OF STATEMENT ABOUT OBLIGATION OF CONCLUDING THE CONTRACT OF ASSIGNMENT OF PATENTS ACC. POINT 3 PAR 1366 CIVIL CODE OF RUSSIA,S,INFORMATION ON LICENSING AND SIMILAR TRANSACTIONS,NEUTRAL,False
4286,RU,QZ4A,,CHANGES IN THE LICENCE OF A PATENT,CHANGES IN A LICENCE ON INVENTION USE,S,INFORMATION ON LICENSING AND SIMILAR TRANSACTIONS,NEUTRAL,False
4287,RU,QZ91,,CHANGES IN THE LICENCE OF UTILITY MODEL,"OFFICIAL REGISTRATION OF THE CONTRACTED RIGHT OF USE OR EXCLUSIVE RIGHT (SUBSEQUENT) PLEDGE OR OF CHANGES IN THE RIGHT OF USE, ETC.",S,INFORMATION ON LICENSING AND SIMILAR TRANSACTIONS,NEUTRAL,False
4288,RU,RH1K,+,COPY OF UTILITY MODEL GRANTED THAT WAS DUPLICATED FOR THE RUSSIAN FEDERATION,COPY OF UTILITY MODEL GRANTED THAT WAS DUPLICATED FOR THE RUSSIAN FEDERATION,W,OTHER,ALIVE,False
4289,RU,RH4A,+,COPY OF PATENT GRANTED THAT WAS DUPLICATED FOR THE RUSSIAN FEDERATION,GRANTING AN INVENTION PATENT DUPLICATE,W,OTHER,ALIVE,True
4290,RU,RH4F,+,COPY OF INVENTOR'S CERTIFICATE GRANTED THAT WAS DUPLICATED FOR THE RUSSIAN FEDERATION,COPY OF INVENTOR'S CERTIFICATE GRANTED THAT WAS DUPLICATED FOR THE RUSSIAN FEDERATION,W,OTHER,ALIVE,False
4291,RU,RH9K,+,UTILITY MODEL DUPLICATE ISSUE,UTILITY MODEL DUPLICATE ISSUE,W,OTHER,UNKNOWN,False
4292,RU,RL1K,,JUDICIAL DECISION,JUDICIAL DECISION,,,NEUTRAL,False
4293,RU,RL4A,,JUDICIAL DECISION,JUDICIAL DECISION,Z,CLASSIFICATION PENDING,NEUTRAL,False
4294,RU,RZ1K,,OTHER CHANGES IN THE INFORMATION ABOUT AN INVENTION,OTHER CHANGES IN THE INFORMATION ABOUT AN INVENTION,Z,CLASSIFICATION PENDING,NEUTRAL,False
4295,RU,RZ4A,,OTHER CHANGES IN THE INFORMATION ABOUT AN INVENTION,OTHER CHANGES IN THE INFORMATION ABOUT AN INVENTION,Z,CLASSIFICATION PENDING,NEUTRAL,False
4296,RU,RZ9K,,OTHER CHANGES (UTILITY MODEL),OTHER CHANGES TO REGISTERED UTILITY MODEL,Z,CLASSIFICATION PENDING,NEUTRAL,False
4297,RU,TB1K,,"CHANGE IN AUTHOR'S OR UTILITY MODEL HOLDER'S SURNAME, NAME OR PATRONYMIC","CHANGE IN AUTHOR'S OR UTILITY MODEL HOLDER'S SURNAME, NAME OR PATRONYMIC",R,PARTY DATA CHANGE,NEUTRAL,False
4298,RU,TB4A,,"ALTERING SURNAME, NAME, PATRONYMIC OF PATENT AUTHOR OR INVENTOR","ALTERING SURNAME, NAME, PATRONYMIC OF PATENT AUTHOR OR INVENTOR",R,PARTY DATA CHANGE,NEUTRAL,False
4299,RU,TC1K,,CHANGE IN THE UTILITY MODEL INVENTORSHIP,CHANGE IN THE GROUP OF UTILITY MODEL AUTHORS,R,PARTY DATA CHANGE,NEUTRAL,False
4300,RU,TC4A,,CHANGE IN INVENTORSHIP,ALTERING THE GROUP OF INVENTION AUTHORS,R,PARTY DATA CHANGE,NEUTRAL,False
4301,RU,TC9K,,CHANGE IN THE [UTILITY MODEL] INVENTORSHIP,CHANGE OF INFORMATION ON AUTHOR(S),R,PARTY DATA CHANGE,NEUTRAL,False
4302,RU,TE9K,,CHANGE OF ADDRESS FOR CORRESPONDENCE (UTILITY MODEL),CHANGE OF ADDRESS FOR SERVICES,R,PARTY DATA CHANGE,NEUTRAL,False
4303,RU,TH1A,,REISSUE OF PATENT APPLICATION,REISSUE OF PATENT APPLICATION,Z,CLASSIFICATION PENDING,PENDING,False
4304,RU,TH1K,,REISSUE OF UTILITY MODEL (1ST PAGE),UTILITY MODEL FRONT PAGES REISSUE,Z,CLASSIFICATION PENDING,NEUTRAL,False
4305,RU,TH4A,,REISSUE OF PATENT SPECIFICATION,PATENT SPECIFICATION REISSUE,Z,CLASSIFICATION PENDING,NEUTRAL,False
4306,RU,TH91,,SPECIFICATION REPUBLICATION (UTILITY MODEL),REPUBLICATION OF UTILITY MODEL PATENT SPECIFICATIONS,P,RE-PUBLICATION OF DOCUMENT AFTER MODIFICATION,PENDING,False
4307,RU,TH9K,,REPUBLICATION OF FRONT PAGE OF UTILITY MODEL,[NO DESCRIPTION IN ORIGINAL LANGUAGE],P,RE-PUBLICATION OF DOCUMENT AFTER MODIFICATION,PENDING,False
4308,RU,TK1K,,INFORMATION RELATED TO UTILITY MODEL MODIFIED,AMENDMENTS APPLIED TO THE PUBLISHED UTILITY MODELS,Y,CORRECTION AND DELETION OF EVENT INFORMATION,NEUTRAL,False
4309,RU,TK49,,INFORMATION RELATED TO PATENT MODIFIED,[NO DESCRIPTION IN ORIGINAL LANGUAGE],Y,CORRECTION AND DELETION OF EVENT INFORMATION,NEUTRAL,False
4310,RU,TK4A,,CORRECTION TO THE PUBLICATION IN THE BULLETIN (PATENT),AMENDMENTS APPLIED TO THE PUBLISHED INVENTIONS BULLETINS,Z,CLASSIFICATION PENDING,PENDING,False
4311,RU,TK9A,,OBVIOUS AND TECHNICAL ERRORS IN PUBLICATIONS CORRECTED VIA THE BULLETIN [PATENT],CORRECTION OF OBVIOUS AND TECHNICAL ERRORS IN PUBLICATIONS IN THE BULLETIN,Y,CORRECTION AND DELETION OF EVENT INFORMATION,PENDING,False
4312,RU,TK9K,,OBVIOUS AND TECHNICAL ERRORS IN THE REGISTER OR IN PUBLICATIONS CORRECTED VIA THE GAZETTE [UTILITY MODEL],AMENDMENT OF OBVIOUS AND TECHNICAL MISTAKES IN THE RECORDS OF THE STATE REGISTRY OF UTILITY MODELS OF THE RUSSIAN FEDERATION AND/OR IN THE PUBL[...],Y,CORRECTION AND DELETION OF EVENT INFORMATION,PENDING,False
4313,RU,TZ1K,,FIRST PAGE CORRECTIONS (UTILITY MODEL),AMENDMENTS APPLIED TO FRONT PAGES OF UM DESCRIPTIONS,,,NEUTRAL,False
4314,RU,TZ4A,,AMENDMENTS OF PATENT SPECIFICATION,AMENDMENTS APPLIED TO THE INVENTION DESCRIPTIONS,Z,CLASSIFICATION PENDING,NEUTRAL,False
4315,SE,CANC,-,"PATENT CANCELLED, REVOKED AFTER OPPOSITION",UPPHAEVDA PATENT,H,IP RIGHT CESSATION,DEAD,False
4316,SE,CORR,,CORRECTIONS,RAETTELSER,Y,CORRECTION AND DELETION OF EVENT INFORMATION,NEUTRAL,False
4317,SE,ECNC,-,EP PATENT REVOKED,UPPHAEVDA EUROPEISKA PATENT SOM SAKNAR VERKAN I SVERIGE OCH SALUNDA AVFOERTS UR PATENTREGISTRET,H,IP RIGHT CESSATION,DEAD,False
4318,SE,EUG,-,EP PATENT HAS LAPSED,EUROPEISKT PATENT HAR UPPHOERT ATT GAELLA,H,IP RIGHT CESSATION,DEAD,False
4319,SE,GRER,-,GRANT REVOKED,FELAKTIGT MEDDELAT PATENT,F,IP RIGHT GRANT,DEAD,False
4320,SE,INUN,,EARLIER VALIDATION OF EUROPEAN PATENT NOT VALID DUE TO UNITARY EFFECT,TIDIGARE VALIDERING AV EUROPEISKT PATENT EJ GAELLANDE TILL FOELJD AV ENHETLIG VERKAN,W,OTHER,NEUTRAL,False
4321,SE,INVA,-,INVALIDATION BY THE COURT,OGILITIGFOERKLARING AV PATENT,H,IP RIGHT CESSATION,DEAD,False
4322,SE,LMSE,+,LIMITATION BY SWEDISH PATENT AND REGISTRATION OFFICE,PATENT SOM HAR BEGRAENSATS VID PRV,M,IP RIGHT MAINTENANCE,ALIVE,False
4323,SE,NAL,+,PATENT IN FORCE,PATENT GAELLER,,,ALIVE,False
4324,SE,NAV,-,PATENT APPLICATION HAS LAPSED,PATENTANSOEKAN HAR SLUTBEHANDLATS,B,APPLICATION DISCONTINUATION,DEAD,False
4325,SE,NUG,-,PATENT HAS LAPSED,PATENT HAR UPPHOERT ATT GAELLA,H,IP RIGHT CESSATION,DEAD,False
4326,SE,OPRJ,+,OPPOSITION REJECTED,AVSLAGNA INVAENDNINGAR,L,IP RIGHT REVIEW REQUEST,UNKNOWN,False
4327,SE,PMAF,+,PATENT MAINTAINED IN AMENDED FORM (PATENT AND MARKET COURT),PATENT SOM FOERKLARATS DELVIS OGILTIGT AV DOMSTOL,M,IP RIGHT MAINTENANCE,ALIVE,False
4328,SE,R40A,-,REVOCATION OF PATENT ACCORDING TO PAR. 40A PATENTS ACT,UPPHAEVANDE AV PATENT ENLIGT 40A PAR PATENTLAGEN,H,IP RIGHT CESSATION,DEAD,False
4329,SE,RE72,+,PETITION ACCORDING TO SECTION 72 OF PATENT ACT APPROVED: RESUMPTION OF PROCEDURE OR REINSTATEMENT OF PATENT,BIFALL ENLIGT 72 PAR PATENTLAGEN,W,OTHER,ALIVE,False
4330,SE,REB3,,PATENT HAS BEEN LIMITED BY THE EPO,PATENT SOM BEGRAENSATS VID EPO,M,IP RIGHT MAINTENANCE,NEUTRAL,False
4331,SE,REJA,-,REJECTION OF A PUBLISHED PATENT APPLICATION,ALLMAENT TILLGAENGLIGA PATENTANSOEKNINGAR SOM SLUTBEHANDLATS UTAN ATT LEDA TILL PATENT,B,APPLICATION DISCONTINUATION,DEAD,False
4332,SE,RINS,+,REINSTATEMENT ACCORDING TO PAR. 72 PATENTS ACT,FOERKLARING ENLIGT 72 PAR PATENTLAGEN,K,IP RIGHT REVIVAL,ALIVE,False
4333,SE,RPEO,+,EP PATENT HAS BEEN REPUBLISHED IN AMENDED FORM AFTER OPPOSITION AT EPO,EUROPEISKA PATENT SOM UPPRAETTHALLS I AENDRAD AVFATTNING,Q,DOCUMENT PUBLICATION,PENDING,False
4334,SE,RPOP,+,PATENT HAS BEEN REPUBLISHED IN AMENDED FORM AFTER OPPOSITION,PATENT I AENDRAD LYDELSE,Q,DOCUMENT PUBLICATION,PENDING,False
4335,SE,RPOT,+,EP PATENT HAS BEEN REPUBLISHED WITH A CORRECTED SWEDISH TRANSLATION,RAETTELSER ENLIGT 91 PAR ST 1 OCH 2 PATENTLAGEN,Q,DOCUMENT PUBLICATION,PENDING,False
4336,SE,RSE3,+,PATENT HAS BEEN LIMITED,PATENT SOM HAR BEGRAENSATS,M,IP RIGHT MAINTENANCE,ALIVE,False
4337,SE,SPCC,-,SUPPLEMENTARY PROTECTION CERTIFICATE IS INVALID AS THE BASIC PATENT HAS CEASED BEFORE THE 20-YEAR PROTECTION PERIOD,OGILTIGT TILLAEGGSSKYDD,H,IP RIGHT CESSATION,DEAD,False
4338,SE,SPCD,,CHANGE OF DATE OR VALIDITY PERIOD OF SUPPLEMENTARY PROTECTION CERTIFICATE,AENDRING AV TILLAEGGSSKYDDSTID,Z,CLASSIFICATION PENDING,NEUTRAL,False
4339,SE,SPCE,,APPLICATION FOR EXTENSION OF SUPPLEMENTARY PROTECTION CERTIFICATE FILED,ANSOEKAN OM FOERLAENGNING AV GILTIGHETSTID FOER TILLAEGGSSKYDD,G,PROTECTION BEYOND IP RIGHT TERM,PENDING,False
4340,SE,SPCF,,APPLICATION FOR SUPPLEMENTARY PROTECTION CERTIFICATE FILED,ANSOEKAN OM TILLAEGGSSKYDD FOER LAEKEMEDEL,G,PROTECTION BEYOND IP RIGHT TERM,PENDING,False
4341,SE,SPCG,+,SUPPLEMENTARY PROTECTION CERTIFICATE GRANTED,MEDDELADE TILLAEGGSSKYDD FOER LAEKEMEDEL,G,PROTECTION BEYOND IP RIGHT TERM,ALIVE,False
4342,SE,SPCH,+,EXTENSION OF SUPPLEMENTARY PROTECTION CERTIFICATE NOTIFIED,FORLANGT TILLAGGSSKYDD MEDDELAT,G,PROTECTION BEYOND IP RIGHT TERM,NEUTRAL,False
4343,SE,SPCI,+,CORRECTION [SUPPLEMENTARY PROTECTION CERTIFICATE],RÄTTELSE [TILLÄGGSSKYDD],G,PROTECTION BEYOND IP RIGHT TERM,NEUTRAL,False
4344,SE,SPCK,-,APPLICATION FOR EXTENSION OF SUPPLEMENTARY PROTECTION CERTIFICATE WITHDRAWN,ANSOEKAN OM FOERLAENGT TILLAEGGSSKYDD AVSKRIVEN,G,PROTECTION BEYOND IP RIGHT TERM,PENDING,False
4345,SE,SPCL,-,SUPPLEMENTARY PROTECTION CERTIFICATE LAPSED,TILLAEGGSSKYDD SOM UPPHOERT ATT GAELLA,H,IP RIGHT CESSATION,DEAD,False
4346,SE,SPCO,-,SUPPLEMENTARY PROTECTION CERTIFICATE SURRENDERED ACCORDING TO SECTION 54 OF THE PATENT ACT,TILLÄGGSSKYDD UPPHÖRT ENLIGT 54 (PAR.) PATENTLAGEN,H,IP RIGHT CESSATION,DEAD,False
4347,SE,SPCP,,APPEAL AGAINST DECISION OF THE SUPPLEMENTARY PROTECTION CERTIFICATE CASE,BESLUT I TILLAEGGSSKYDDSAERENDE OEVERKLAGAT,V,APPEAL,NEUTRAL,False
4348,SE,SPCR,-,APPLICATION FOR SUPPLEMENTARY PROTECTION CERTIFICATE REJECTED,AVSLAG I TILLAEGGSSKYDDSANSOEKAN,G,PROTECTION BEYOND IP RIGHT TERM,DEAD,False
4349,SE,SPCS,-,REVOCATION OF SUPPLEMENTARY PROTECTION CERTIFICATE ACCORDING TO PAR. 40A PATENTS ACT,UPPHAEVANDE AV TILLAEGGSSKYDD ENLIGT 40A PAR PATENTLAGEN,H,IP RIGHT CESSATION,DEAD,False
4350,SE,SPCU,,APPEAL AGAINST DECISION OF THE SUPPLEMENTARY PROTECTION CERTIFICATE CASE: DECISION TAKEN,BESLUT AV PMD/PMOD I TILLAEGGSSKYDDSAERENDE,V,APPEAL,NEUTRAL,False
4351,SE,SPCW,-,APPLICATION FOR SUPPLEMENTARY PROTECTION CERTIFICATE DISCONTINUED,TILLAEGGSSKYDDSANSOEKAN AVSKRIVEN,G,PROTECTION BEYOND IP RIGHT TERM,PENDING,False
4352,SE,SPCX,-,SUPPLEMENTARY PROTECTION CERTIFICATE EXPIRED,TILLAEGGSSKYDD UPPHOERT ATT GAELLA,H,IP RIGHT CESSATION,DEAD,False
4353,SE,SPCY,-,APPLICATION FOR EXTENSION OF SUPPLEMENTARY PROTECTION CERTIFICATE REJECTED,ANSOEKAN OM FOERLAENGD TILLAEGGSSKYDDSTID AVSLAGEN,G,PROTECTION BEYOND IP RIGHT TERM,DEAD,False
4354,SE,SPCZ,+,EXTENSION OF SUPPLEMENTARY PROTECTION CERTIFICATE GRANTED,FORLANGT TILLAGGSSKYDD BEVILJAT,G,PROTECTION BEYOND IP RIGHT TERM,ALIVE,False
4355,SE,TRCL,+,SWEDISH TRANSLATION OF THE CLAIMS HAS BEEN FILED,EUROPEISKA PATENTANSOEKNINGAR,W,OTHER,UNKNOWN,False
4356,SE,TRGR,+,TRANSLATION OF GRANTED EP PATENT,EUROPEISKA PATENT SOM UPPRAETTHALLS I AENDRAD AVFATTNING,W,OTHER,ALIVE,False
4357,SE,WITD,-,PATENT WITHDRAWN ACCORDING TO PAR. 54 PATENTS ACT,PATENT UPPHOERT ENLIGT PAR 54 PATENTLAGEN,H,IP RIGHT CESSATION,DEAD,False
4358,SI,IF,+,VALID ON THE EVENT DATE,V VELJAVI S PRICETKOM 2005,W,OTHER,UNKNOWN,False
4359,SI,KO00,-,LAPSE OF PATENT,PRENEHANJE PATENTA,H,IP RIGHT CESSATION,DEAD,False
4360,SI,LIQB,,ENTRY OF DATA ON LICENCE OR SUBLICENCE IN THE REGISTER,VPIS PODATKOV O LICENCI ALI PODLICENCI V REGISTER,S,INFORMATION ON LICENSING AND SIMILAR TRANSACTIONS,NEUTRAL,False
4361,SI,LIQC,,DELETION OF DATA ON LICENCE OR SUBLICENCE IN THE REGISTER,IZBRIS PODATKOV O LICENCI ALI PODLICENCI IZ REGISTRA,S,INFORMATION ON LICENSING AND SIMILAR TRANSACTIONS,NEUTRAL,False
4362,SI,LISP,,CHANGE OF DATA ON LICENCE OR SUBLICENCE,SPREMEMBA PODATKOV O LICENCI ALI PODLICENCI,S,INFORMATION ON LICENSING AND SIMILAR TRANSACTIONS,NEUTRAL,False
4363,SI,NC00,-,"ANNULMENT, PUBLICATION OF A DECISION ON ANNULMENT OF RIGHT DUE TO COURT DECISION OR NON-FULFILMENT OF CONDITIONS FOR PATENT PROTECTION","NICNOST, OBJAVA ODLOCBE O NICNOSTI ZARADI SODNE ODLOCBE ALI NEIZPOLNJEVANJA POGOJEV ZA PATENTNO VARSTVO",H,IP RIGHT CESSATION,DEAD,False
4364,SI,OO00,+,GRANT OF PATENT,PODELITEV PATENTA,F,IP RIGHT GRANT,ALIVE,True
4365,SI,OU01,+,"DECISON ACCORDING TO ARTICLE 73(1) IPA 1992, PUBLICATION OF DECISION ON FULFILMENT OF CONDITIONS ON PATENTABILITY","UGOTOVITVENA ODLOCBA PO 73(1) ZIL, OBJAVA PODATKOV O UGOTOVITVENI ODLOCBI, DA IZUM IZPOLNJUJE VSE POGOJE ZA PODELITEV PATENTA",D,SEARCH AND EXAMINATION,PENDING,False
4366,SI,OU02,,"DECISION ACCORDING TO ARTICLE 73(2) IPA 1992, PUBLICATION OF DECISION ON   PARTIAL FULFILMENT OF THE INVENTION AND CHANGE OF PATENT CLAIMS","UGOTOVITVENA ODLOCBA PO 73(2) ZIL, OBJAVA PODATKOV O UGOTOVITVENI ODLOCBI, DA IZUM DELNO IZPOLNJUJE POGOJE ZA PODELITEV PATENTA",D,SEARCH AND EXAMINATION,PENDING,False
4367,SI,OU0A,+,"DECISION ACCORDING TO ARTICLE 93(A) IPA 2001, PUBLICATION OF DECISION ON FULFILMENT OF CONDITIONS ON PATENTABILITY","UGOTOVITVENA ODLOCBA PO 93(A) ZIL-1, OBJAVA PODATKOV O UGOTOVITVENI ODLOCBI, DA IZUM IZPOLNJUJE VSE POGOJE",,,PENDING,False
4368,SI,OU0B,,"DECISION ACCORDING TO ARTICLE 93(B) IPA 2001, PUBLICATION OF DECISION ON PARTIAL FULFILMENT OF CONDITIONS ON PATENTABILITY AND CHANGE OF PATENT CLAIMS","UGOTOVITVENA ODLOCBA PO 93(B) ZIL-1, OBJAVA PODATKOV O UGOTOVITVENI ODLOCBI, DA IZUM DELNO IZPOLNJUJE POGOJE ZA PODELITEV PATENTA",,,PENDING,False
4369,SI,SP72,,CHANGE OF DATA ON INVENTOR,SPREMEMBA PODATKOV O IZUMITELJU,R,PARTY DATA CHANGE,NEUTRAL,False
4370,SI,SP73,,CHANGE OF DATA ON OWNER,SPREMEMBA PODATKOV O IMETNIKU,R,PARTY DATA CHANGE,NEUTRAL,False
4371,SI,SPC0,,APPLICATION FOR SUPPLEMENTARY PROTECTION CERTIFICATE RESTORED BY COURT ORDER,APPLICATION FOR SUPPLEMENTARY PROTECTION CERTIFICATE RESTORED BY COURT ORDER,G,PROTECTION BEYOND IP RIGHT TERM,PENDING,False
4372,SI,SPC1,,SUPPLEMENTARY PROTECTION CERTIFICATE: DATA ON OWNER CHANGED OR CORRECTED,SUPPLEMENTARY PROTECTION CERTIFICATE: DATA ON OWNER CHANGED OR CORRECTED,R,PARTY DATA CHANGE,NEUTRAL,False
4373,SI,SPC2,,SUPPLEMENTARY PROTECTION CERTIFICATE: DATA ON LICENCE OR SUBLICENCE CHANGED,SUPPLEMENTARY PROTECTION CERTIFICATE: DATA ON LICENCE OR SUBLICENCE CHANGED,S,INFORMATION ON LICENSING AND SIMILAR TRANSACTIONS,NEUTRAL,False
4374,SI,SPCD,,EXPIRY DATE OF SUPPLEMENTARY PROTECTION CERTIFICATE CORRECTED,EXPIRY DATE OF SUPPLEMENTARY PROTECTION CERTIFICATE CORRECTED,Z,CLASSIFICATION PENDING,NEUTRAL,False
4375,SI,SPCE,,APPLICATION FOR EXTENSION OF SUPPLEMENTARY PROTECTION CERTIFICATE FILED,APPLICATION FOR EXTENSION OF SUPPLEMENTARY PROTECTION CERTIFICATE FILED,G,PROTECTION BEYOND IP RIGHT TERM,PENDING,False
4376,SI,SPCF,,APPLICATION FOR SUPPLEMENTARY PROTECTION CERTIFICATE FILED,APPLICATION FOR SUPPLEMENTARY PROTECTION CERTIFICATE FILED,G,PROTECTION BEYOND IP RIGHT TERM,PENDING,False
4377,SI,SPCG,,SUPPLEMENTARY PROTECTION CERTIFICATE GRANTED,SUPPLEMENTARY PROTECTION CERTIFICATE GRANTED,G,PROTECTION BEYOND IP RIGHT TERM,NEUTRAL,False
4378,SI,SPCI,,SUPPLEMENTARY PROTECTION CERTIFICATE INVALID,SUPPLEMENTARY PROTECTION CERTIFICATE INVALID,H,IP RIGHT CESSATION,NEUTRAL,False
4379,SI,SPCL,,SUPPLEMENTARY PROTECTION CERTIFICATE LAPSED DUE TO NON-PAYMENT OF RENEWAL FEE,SUPPLEMENTARY PROTECTION CERTIFICATE LAPSED DUE TO NON-PAYMENT OF RENEWAL FEE,H,IP RIGHT CESSATION,NEUTRAL,False
4380,SI,SPCR,,APPLICATION FOR SUPPLEMENTARY PROTECTION CERTIFICATE REJECTED,APPLICATION FOR SUPPLEMENTARY PROTECTION CERTIFICATE REJECTED,G,PROTECTION BEYOND IP RIGHT TERM,PENDING,False
4381,SI,SPCS,,SUPPLEMENTARY PROTECTION CERTIFICATE SURRENDERED,SUPPLEMENTARY PROTECTION CERTIFICATE SURRENDERED,H,IP RIGHT CESSATION,NEUTRAL,False
4382,SI,SPCW,,APPLICATION FOR SUPPLEMENTARY PROTECTION CERTIFICATE WITHDRAWN,APPLICATION FOR SUPPLEMENTARY PROTECTION CERTIFICATE WITHDRAWN,G,PROTECTION BEYOND IP RIGHT TERM,PENDING,False
4383,SI,SPCY,,APPLICATION FOR EXTENSION OF SUPPLEMENTARY PROTECTION CERTIFICATE REJECTED/WITHDRAWN,APPLICATION FOR EXTENSION OF SUPPLEMENTARY PROTECTION CERTIFICATE REJECTED/WITHDRAWN,G,PROTECTION BEYOND IP RIGHT TERM,PENDING,False
4384,SI,SPCZ,,SUPPLEMENTARY PROTECTION CERTIFICATE EXTENSION GRANTED,SUPPLEMENTARY PROTECTION CERTIFICATE EXTENSION GRANTED,G,PROTECTION BEYOND IP RIGHT TERM,NEUTRAL,False
4385,SI,ZPQB,-,ENTRY OF DATA ON LIEN IN THE REGISTER,VPIS PODATKOV O ZASTAVNI PRAVICI V REGISTER,S,INFORMATION ON LICENSING AND SIMILAR TRANSACTIONS,UNKNOWN,False
4386,SI,ZPQC,+,DELETION OF DATA ON LIEN IN THE REGISTER,IZBRIS PODATKOV O ZASTAVNI PRAVICI IZ REGISTRA,S,INFORMATION ON LICENSING AND SIMILAR TRANSACTIONS,UNKNOWN,False
4387,SI,ZPSP,,CHANGE OF DATA ON LIEN,SPREMEMBA PODATKOV O ZASTAVNI PRAVICI,,,NEUTRAL,False
4388,SK,BA9A,,TRANSLATED CLAIMS OF THE EUROPEAN PATENT APPLICATION INTO SLOVAK,SPRISTUPNENY PREKLAD PATENTOVYCH NAROKOV EUROPSKEJ PATENTOVEJ PRIHLASKY,W,OTHER,PENDING,False
4389,SK,FA9A,-,SUSPENDED PATENT APPLICATION PROCEDURE AT REQUEST OF AN APPLICANT,ZASTAVENE KONANIE O PATENTOVEJ PRIHLASKE NA ZIADOST PRIHLASOVATELA,T,ADMINISTRATIVE PROCEDURE ADJUSTMENT,PENDING,False
4390,SK,FB9A,-,SUSPENSION OF PATENT APPLICATION PROCEDURE,ZASTAVENE KONANIE O PATENTOVEJ PRIHLASKE,T,ADMINISTRATIVE PROCEDURE ADJUSTMENT,PENDING,False
4391,SK,FC9A,-,REFUSED PATENT APPLICATION,ZAMIETNUTA PATENTOVA PRIHLASKA,B,APPLICATION DISCONTINUATION,DEAD,False
4392,SK,FD9A,-,SUSPENDED PROCEDURE DUE TO NON-PAYMENT OF FEE,ZASTAVENE KONANIE PRE NEZAPLATENIE POPLATKU,T,ADMINISTRATIVE PROCEDURE ADJUSTMENT,DEAD,False
4393,SK,GD9A,,LICENCE AGREEMENT REGISTERED OR GRANTED FOR PATENT APPLICATION,LICENCNA ZMLUVA REGISTROVANA ALEBO UDELENA NA PATENTOVU PRIHLASKU,S,INFORMATION ON LICENSING AND SIMILAR TRANSACTIONS,PENDING,False
4394,SK,MA4A,-,RENUNCIATION OF THE PATENT,ZANIKNUTY PATENT VZDANIM SA PATENTU,H,IP RIGHT CESSATION,DEAD,False
4395,SK,MC4A,-,ANNULMENT OF PATENT,ZRUSENY PATENT,H,IP RIGHT CESSATION,DEAD,False
4396,SK,MG4A,-,PARTIAL REVOCATION OF PATENT,CIASTOCNE ZRUSENY PATENT,M,IP RIGHT MAINTENANCE,DEAD,False
4397,SK,MK4A,-,PATENT EXPIRED,ZANIKNUTY PATENT UPLYNUTIM DOBY PLATNOSTI,H,IP RIGHT CESSATION,DEAD,False
4398,SK,MM4A,-,PATENT LAPSED DUE TO NON-PAYMENT OF MAINTENANCE FEES,ZANIKNUTY PATENT PRE NEZAPLATENIE UDRZIAVACICH POPLATKOV,H,IP RIGHT CESSATION,DEAD,False
4399,SK,PC4A,,ASSIGNMENT AND TRANSFER OF RIGHTS,PREVODY A PRECHODY PRAV,R,PARTY DATA CHANGE,NEUTRAL,False
4400,SK,PD4A,,CHANGES OF RIGHTS OF DISPOSAL TO PATENTS (LIEN),ZMENY DISPOZICNYCH PRAV NA PATENTY (ZALOHY),S,INFORMATION ON LICENSING AND SIMILAR TRANSACTIONS,NEUTRAL,False
4401,SK,PD4B,,TERMINATION OF RIGHTS OF DISPOSAL TO PATENTS (LIEN),ZMENY DISPOZICNYCH PRAV NA PATENTY (UKONCENIE ZALOHOV),S,INFORMATION ON LICENSING AND SIMILAR TRANSACTIONS,NEUTRAL,False
4402,SK,QA4A,,LICENCE OFFER FOR PATENT,PONUKA LICENCIE NA PATENT,S,INFORMATION ON LICENSING AND SIMILAR TRANSACTIONS,NEUTRAL,False
4403,SK,QA9A,,LICENCE OFFER FOR PATENT APPLICATION,PONUKA LICENCIE NA PATENTOVU PRIHLASKU,S,INFORMATION ON LICENSING AND SIMILAR TRANSACTIONS,PENDING,False
4404,SK,QB4A,,LICENCE CONTRACT REGISTERED OR GRANTED,LICENCNA ZMLUVA REGISTROVANA ALEBO UDELENA,S,INFORMATION ON LICENSING AND SIMILAR TRANSACTIONS,NEUTRAL,False
4405,SK,QC4A,,TERMINATION OF LICENCE AGREEMENT FOR PATENT,UKONCENIE PLATNOSTI LICENCNEJ ZMLUVY NA PATENT,S,INFORMATION ON LICENSING AND SIMILAR TRANSACTIONS,NEUTRAL,False
4406,SK,SPCC,,CHANGE OF ADDRESS OR NAME OF AN OWNER OF AN SPC,ZMENA MENA A ADRESY MAJITELA V DODATKOVOM OCHRANNOM OSVEDCENI,R,PARTY DATA CHANGE,NEUTRAL,False
4407,SK,SPCE,-,EXPIRY OF AN SPC,ZANIKNUTE DODATKOVE OCHRANNE OSVEDCENIE UPLYNUTIM DOBY PLATNOSTI,H,IP RIGHT CESSATION,DEAD,False
4408,SK,SPCF,+,FILING OF AN SPC,ZVEREJNENA ZIADOST O UDELENIE DODATKOVEHO OCHRANNEHO OSVEDCENIA,G,PROTECTION BEYOND IP RIGHT TERM,NEUTRAL,False
4409,SK,SPCG,+,GRANT OF AN SPC,UDELENE DODATKOVE OCHRANNE OSVEDCENIE,G,PROTECTION BEYOND IP RIGHT TERM,ALIVE,False
4410,SK,SPCH,,INFORMATION RELATED TO THE REQUEST FOR SUPPLEMENTARY PROTECTION CERTIFICATE (SPC) MODIFIED,OPRAVY CHYB ALEBO ZMENY VSEOBECNE V ZIADOSTIACH O UDELENIE DODATKOVEHO OCHRANNEHO OSVEDCENIA,G,PROTECTION BEYOND IP RIGHT TERM,NEUTRAL,False
4411,SK,SPCI,-,DECLARATION OF INVALIDITY OF AN SPC BY REASON  OF REVOCATION OR LIMITATION OF BASIC PATENT,DODATKOVE OCHRANNE OSVEDCENIE VYHLASENE ZA NEPLATNE PRE ZRUSENIE ALEBO OBMEDZENIE ZAKLADNEHO PATENTU,H,IP RIGHT CESSATION,DEAD,False
4412,SK,SPCM,,CHANGE OF VALIDITY TERM OF AN SPC AS AMENDED BY ART. 17 (2) OF EC REG. NO. 1610/96 AND ART. 18 OF EC REG. NO. 469/2009,ZMENA DOBY PLATNOSTI DODATKOVEHO OCHRANNEHO OSVEDCENIA V ZMYSLE CL. 17 ODS. 2  C. 1610/96 A CL. 18 C. 469/2009 NARIADENIA EUROP. PARL. A RADY (ES),G,PROTECTION BEYOND IP RIGHT TERM,NEUTRAL,False
4413,SK,SPCR,-,REJECTION OF AN SPC,ZAMIETNUTA ZIADOST O UDELENIE DODATKOVEHO OCHRANNEHO OSVEDCENIA,G,PROTECTION BEYOND IP RIGHT TERM,NEUTRAL,False
4414,SK,SPCT,,TRANSFER OF RIGHTS OF AN SPC,PREVOD A PRECHOD PRAV NA DODATKOVE OCHRANNE OSVEDCENIE,R,PARTY DATA CHANGE,NEUTRAL,False
4415,SK,SPCW,-,DECLARATION OF INVALIDITY OF AN SPC BY REASON OF LAPSE OF BASIC PATENT BEFORE EXPIRY OF VALIDITY TERM,DODATKOVE OCHRANNE OSVEDCENIE VYHLASENE ZA NEPLATNE PRE ZANIK ZAKLADNEHO PATENTU PRED UPLYNUTIM DOBY PLATNOSTI,,,DEAD,False
4416,SK,SPCX,-,SPC APPLICATION WITHDRAWN ON REQUEST OF APPLICANT,ZASTAVENE KONANIE O ZIADOSTI O UDELENIE DODATKOVEHO OCHRANNEHO OSVEDCENIA NA NAVRH ZIADATELA,G,PROTECTION BEYOND IP RIGHT TERM,PENDING,False
4417,SK,SPCY,+,APPLICATION TO EXTEND AN SPC,ZVEREJNENA ZIADOST O PREDLZENIE DOBY PLATNOSTI DODATKOVEHO OCHRANNEHO OSVEDCENIA,G,PROTECTION BEYOND IP RIGHT TERM,PENDING,False
4418,SK,SPCZ,+,EXTENSION OF VALIDITY OF AN SPC,PREDLZENIE DOBY PLATNOSTI DODATKOVEHO OCHRANNEHO OSVEDCENIA,G,PROTECTION BEYOND IP RIGHT TERM,NEUTRAL,False
4419,SK,T3,+,TRANSLATION OF EUROPEAN PATENT SPECIFICATION INTO SLOVAK,SPRISTUPNENY PREKLAD EUROPSKEHO SPISU,Q,DOCUMENT PUBLICATION,PENDING,False
4420,SK,T4,,CORRECTED SLOVAK TRANSLATION OF A EUROPEAN PATENT SPECIFICATION,SPRISTUPNENY OPRAVENY PREKLAD EUROPSKEHO PATENTOVEHO SPISU,Q,DOCUMENT PUBLICATION,PENDING,False
4421,SK,T5,,TRANSLATION OF AN AMENDED EUROPEAN PATENT SPECIFICATION,SPRISTUPNENY PREKLAD EUROPSKEHO PATENTOVEHO SPISU V ZMENENOM ZNENI,Q,DOCUMENT PUBLICATION,PENDING,False
4422,SK,TA4A,,ADDITION OF INVENTOR(S),DOPLNENIE POVODCU(-OV),R,PARTY DATA CHANGE,NEUTRAL,False
4423,SK,TB4A,,CORRECTION OF NAME,OPRAVA MENA,R,PARTY DATA CHANGE,NEUTRAL,False
4424,SK,TC4A,,CHANGE OF OWNER'S NAME,ZMENY MIEN,R,PARTY DATA CHANGE,NEUTRAL,False
4425,SK,TE4A,,CHANGE OF OWNER'S ADDRESS,ZMENA ADRESY,R,PARTY DATA CHANGE,NEUTRAL,False
4426,SK,TF4A,,CORRECTION OF A DATE,OPRAVA DATUMU,Y,CORRECTION AND DELETION OF EVENT INFORMATION,NEUTRAL,False
4427,SK,TH4A,,GENERAL CORRECTION OR CHANGE,OPRAVA CHYBY ALEBO ZMENA VSEOBECNE,Y,CORRECTION AND DELETION OF EVENT INFORMATION,NEUTRAL,False
4428,SU,REG,,REFERENCE TO A CODE OF A SUCCESSION STATE,REFERENCE TO A CODE OF A SUCCESSION STATE,,,NEUTRAL,False
4429,SV,FA,-,ABANDONMENT,ABANDONADA,B,APPLICATION DISCONTINUATION,DEAD,False
4430,SV,FC,-,REFUSAL,RECHAZADA,B,APPLICATION DISCONTINUATION,DEAD,False
4431,SV,FD,-,LAPSE,CADUCADA,B,APPLICATION DISCONTINUATION,DEAD,False
4432,SV,FG,+,GRANT,CONCEDIDA,F,IP RIGHT GRANT,ALIVE,False
4433,TN,VAGR,+,VALIDATION OF EP PATENT IN VALIDATION STATE [INFORMATION PROVIDED BY NATIONAL OFFICE],[NO DESCRIPTION IN ORIGINAL LANGUAGE],W,OTHER,ALIVE,False
4434,TW,GD4A,+,ISSUE OF PATENT CERTIFICATE FOR GRANTED INVENTION PATENT,ISSUE OF PATENT CERTIFICATE FOR GRANTED INVENTION PATENT,Q,DOCUMENT PUBLICATION,ALIVE,False
4435,TW,GD4K,+,"ISSUE OF PATENT CERTIFICATE FOR GRANTED UTILITY MODEL FILED BEFORE JUNE 30, 2004","ISSUE OF PATENT CERTIFICATE FOR GRANTED UTILITY MODEL FILED BEFORE JUNE 30,2004",Q,DOCUMENT PUBLICATION,ALIVE,False
4436,TW,KA4A,,RENEWAL FEE DUE FOR A GRANTED PATENT,RENEWAL FEE DUE FOR A GRANTED PATENT,,,NEUTRAL,True
4437,TW,KA4K,,RENEWAL FEE DUE FOR A GRANTED UTILITY MODEL,RENEWAL FEE DUE FOR A GRANTED UTILITY MODEL,,,NEUTRAL,False
4438,TW,KB4A,+,RENEWAL FEE PAID FOR A GRANTED PATENT,RENEWAL FEE PAID FOR A GRANTED PATENT,,,ALIVE,True
4439,TW,KB4K,+,RENEWAL FEE PAID FOR A UTILITY MODEL,RENEWAL FEE PAID FOR A UTILITY MODEL,,,ALIVE,False
4440,TW,MA4A,-,ABANDONMENT OR WITHDRAWAL OF AN INVENTION PATENT,ABANDONMENT OR WITHDRAWAL OF AN INVENTION PATENT,H,IP RIGHT CESSATION,DEAD,False
4441,TW,MA4K,-,ABANDONMENT OR WITHDRAWAL OF A UTILITY MODEL,ABANDONMENT OR WITHDRAWAL OF A UTILITY MODEL,H,IP RIGHT CESSATION,DEAD,False
4442,TW,MC4A,-,REVOCATION OF GRANTED PATENT,REVOCATION OF GRANTED PATENT,H,IP RIGHT CESSATION,DEAD,True
4443,TW,MC4K,-,REVOCATION OF GRANTED UTILITY MODEL,REVOCATION OF GRANTED UTILITY MODEL,H,IP RIGHT CESSATION,DEAD,False
4444,TW,MK4A,-,EXPIRATION OF PATENT TERM OF AN INVENTION PATENT,EXPIRATION OF PATENT TERM OF AN INVENTION PATENT,H,IP RIGHT CESSATION,DEAD,False
4445,TW,MK4K,-,EXPIRATION OF PATENT TERM OF A GRANTED UTILITY MODEL,EXPIRATION OF PATENT TERM OF A GRANTED UTILITY MODEL,H,IP RIGHT CESSATION,DEAD,False
4446,TW,MM4A,-,ANNULMENT OR LAPSE OF PATENT DUE TO NON-PAYMENT OF FEES,ANNULMENT OR LAPSE OF PATENT DUE TO NON-PAYMENT OF FEES,H,IP RIGHT CESSATION,DEAD,False
4447,TW,MM4K,-,ANNULMENT OR LAPSE OF A UTILITY MODEL DUE TO NON-PAYMENT OF FEES,ANNULMENT OR LAPSE OF A UTILITY MODEL DUE TO NON-PAYMENT OF FEES,H,IP RIGHT CESSATION,DEAD,False
4448,US,355A,+,"PATENT TERM EXTENSION OR PATENT TERM RESTORATION ACCORDING TO 35 U.S.C. 155, 155A OR 156","PATENT TERM EXTENSION OR PATENT TERM RESTORATION ACCORDING TO 35 U.S.C. 155, 155A OR 156",G,PROTECTION BEYOND IP RIGHT TERM,ALIVE,False
4449,US,356,+,PATENT TERM EXTENSION UNDER 35 U.S.C. 156,PATENT TERM EXTENSION UNDER 35 U.S.C. 156 UNTIL/FOR,G,PROTECTION BEYOND IP RIGHT TERM,NEUTRAL,False
4450,US,712F,,GB: DETERMINATION OF FOREIGN ENTITLEMENT (SECTION 12(1)/1977 UK LAW),GB: DETERMINATION OF FOREIGN ENTITLEMENT (SECTION 12(1)/1977 UK LAW),D,SEARCH AND EXAMINATION,PENDING,False
4451,US,712J,,GB: DETERMINATION OF FOREIGN ENTITLEMENT (SECT. 12/1977),GB: DETERMINATION OF FOREIGN ENTITLEMENT (SECT. 12/1977),D,SEARCH AND EXAMINATION,PENDING,False
4452,US,946,+,PATENT TERM EXTENSION PRIVATE LAW 98-46 UNTIL/FOR,PATENT TERM EXTENSION PRIVATE LAW 98-46 UNTIL/FOR,,,UNKNOWN,False
4453,US,AS,,ASSIGNMENT,ASSIGNMENT,R,PARTY DATA CHANGE,NEUTRAL,False
4454,US,B1,+,REEXAMINATION CERTIFICATE FIRST REEXAMINATION,REEXAMINATION CERTIFICATE FIRST REEXAMINATION,L,IP RIGHT REVIEW REQUEST,PENDING,False
4455,US,B2,+,REEXAMINATION CERTIFICATE SECOND REEXAMINATION,REEXAMINATION CERTIFICATE SECOND REEXAMINATION,L,IP RIGHT REVIEW REQUEST,PENDING,False
4456,US,B3,+,REEXAMINATION CERTIFICATE THIRD OR FURTHER REEXAMINATION,REEXAMINATION CERTIFICATE THIRD OR FURTHER REEXAMINATION,L,IP RIGHT REVIEW REQUEST,PENDING,False
4457,US,C1,,REEXAMINATION CERTIFICATE (1ST LEVEL),REEXAMINATION CERTIFICATE (1ST LEVEL),L,IP RIGHT REVIEW REQUEST,PENDING,False
4458,US,C2,,REEXAMINATION CERTIFICATE (2ND LEVEL),REEXAMINATION CERTIFICATE (2ND LEVEL),L,IP RIGHT REVIEW REQUEST,PENDING,False
4459,US,CBM,,AIA TRIAL PROCEEDING FILED BEFORE PATENT TRIAL AND APPEAL BOARD: COVERED BUSINESS METHODS,AIA TRIAL PROCEEDING FILED BEFORE PATENT TRIAL AND APPEAL BOARD: COVERED BUSINESS METHODS,L,IP RIGHT REVIEW REQUEST,NEUTRAL,False
4460,US,CC,,CERTIFICATE OF CORRECTION,CERTIFICATE OF CORRECTION,Q,DOCUMENT PUBLICATION,PENDING,False
4461,US,CCB,,CERTIFICATE OF CORRECTION FOR REEXAMINATION,CERTIFICATE OF CORRECTION FOR REEXAMINATION,Q,DOCUMENT PUBLICATION,PENDING,False
4462,US,CO,+,COMMISSIONER ORDERED REEXAMINATION,COMMISSIONER ORDERED REEXAMINATION,L,IP RIGHT REVIEW REQUEST,PENDING,False
4463,US,CONR,+,REEXAMINATION DECISION CONFIRMS CLAIMS,REEXAMINATION DECISION CONFIRMS CLAIMS,M,IP RIGHT MAINTENANCE,ALIVE,False
4464,US,D356,-,DISAPPEARED FROM LIST FOR PATENT TERM EXTENSION UNDER 35 U.S.C. 156,DISAPPEARED FROM LIST FOR PATENT TERM EXTENSION UNDER 35 U.S.C. 156,,,UNKNOWN,False
4465,US,DC,-,DISCLAIMER FILED,DISCLAIMER FILED,L,IP RIGHT REVIEW REQUEST,UNKNOWN,False
4466,US,DCB,-,DISCLAIMER FOR REEXAMINATION FILED,DISCLAIMER FOR REEXAMINATION FILED,L,IP RIGHT REVIEW REQUEST,PENDING,False
4467,US,DD,-,DISCLAIMER AND DEDICATION FILED,DISCLAIMER AND DEDICATION FILED,L,IP RIGHT REVIEW REQUEST,DEAD,False
4468,US,DE,-,DEDICATION FILED,DEDICATION FILED,L,IP RIGHT REVIEW REQUEST,DEAD,False
4469,US,DI,,ADVERSE DECISION IN INTERFERENCE,ADVERSE DECISION IN INTERFERENCE,E,PRE-GRANT REVIEW REQUEST,PENDING,False
4470,US,DJ,-,"ALL REFERENCES SHOULD BE DELETED, NO PATENT WAS GRANTED","ALL REFERENCES SHOULD BE DELETED, NO PATENT WAS GRANTED",W,OTHER,UNKNOWN,False
4471,US,DJB,-,"ALL REFERENCES SHOULD BE DELETED, NO REEXAMINATION CERTIFICATE WAS ISSUED","ALL REFERENCES SHOULD BE DELETED, NO REEXAMINATION CERTIFICATE WAS ISSUED",,,PENDING,False
4472,US,DP,+,NOTIFICATION OF ACCEPTANCE OF DELAYED PAYMENT OF MAINTENANCE FEE,NOTIFICATION OF ACCEPTANCE OF DELAYED PAYMENT OF MAINTENANCE FEE,U,PAYMENT,ALIVE,False
4473,US,DR,,ADVERSE DECISION IN REFERENCE,ADVERSE DECISION IN REFERENCE,,,NEUTRAL,False
4474,US,ER,,ERRATUM,ERRATUM,,,NEUTRAL,False
4475,US,ERR,,ERRATUM,ERRATUM,Y,CORRECTION AND DELETION OF EVENT INFORMATION,NEUTRAL,False
4476,US,FEPP,,FEE PAYMENT PROCEDURE,FEE PAYMENT PROCEDURE,U,PAYMENT,NEUTRAL,False
4477,US,FIFP,+,FILING FEE PAYMENT,FILING FEE PAYMENT,U,PAYMENT,ALIVE,False
4478,US,FP,-,LAPSED DUE TO FAILURE TO PAY MAINTENANCE FEE,EXPIRED DUE TO FAILURE TO PAY MAINTENANCE FEE,H,IP RIGHT CESSATION,DEAD,False
4479,US,FPAY,+,FEE PAYMENT,FEE PAYMENT,U,PAYMENT,ALIVE,False
4480,US,FPB1,-,REEXAMINATION DECISION CANCELLED ALL CLAIMS,REEXAMINATION DECISION CANCELLED ALL CLAIMS,H,IP RIGHT CESSATION,DEAD,False
4481,US,FPB2,-,REEXAMINATION DECISION CANCELLED ALL CLAIMS (2ND REEXAMINATION),REEXAMINATION DECISION CANCELLED ALL CLAIMS (2ND REEXAMINATION),H,IP RIGHT CESSATION,DEAD,False
4482,US,FPB3,-,REEXAMINATION DECISION CANCELLED ALL CLAIMS (3RD REEXAMINATION),REEXAMINATION DECISION CANCELLED ALL CLAIMS (3RD REEXAMINATION),H,IP RIGHT CESSATION,DEAD,False
4483,US,FPIR,,UNTIMELY FEE PAYMENT OR OTHER IRREGULARITIES IN FEE PAYMENT,UNTIMELY FEE PAYMENT OR OTHER IRREGULARITIES IN FEE PAYMENT,,,NEUTRAL,False
4484,US,IPR,,AIA TRIAL PROCEEDING FILED BEFORE THE PATENT AND APPEAL BOARD: INTER PARTES REVIEW,AIA TRIAL PROCEEDING FILED BEFORE THE PATENT AND APPEAL BOARD: INTER PARTES REVIEW,L,IP RIGHT REVIEW REQUEST,NEUTRAL,False
4485,US,IPRC,,TRIAL AND APPEAL BOARD: INTER PARTES REVIEW CERTIFICATE,TRIAL AND APPEAL BOARD: INTER PARTES REVIEW CERTIFICATE,L,IP RIGHT REVIEW REQUEST,NEUTRAL,False
4486,US,LAPS,-,LAPSE FOR FAILURE TO PAY MAINTENANCE FEES,LAPSE FOR FAILURE TO PAY MAINTENANCE FEES,H,IP RIGHT CESSATION,DEAD,False
4487,US,LIMR,,REEXAMINATION DECISION: CLAIMS CHANGED AND/OR CANCELLED,REEXAMINATION DECISION: CLAIMS CHANGED AND/OR CANCELLED,M,IP RIGHT MAINTENANCE,PENDING,False
4488,US,MAFP,+,MAINTENANCE FEE PAYMENT,MAINTENANCE FEE PAYMENT,U,PAYMENT,ALIVE,False
4489,US,NOCC,,FORMER CERTIFICATE OF CORRECTION EVENT SHOULD BE IGNORED,FORMER CERTIFICATE OF CORRECTION EVENT SHOULD BE IGNORED,Y,CORRECTION AND DELETION OF EVENT INFORMATION,NEUTRAL,False
4490,US,PA,,PATENT AVAILABLE FOR LICENCE OR SALE,PATENT AVAILABLE FOR LICENSE OR SALE,S,INFORMATION ON LICENSING AND SIMILAR TRANSACTIONS,NEUTRAL,False
4491,US,PEL,+,PATENT TERM EXTENSION,PATENT TERM EXTENSION,,,UNKNOWN,False
4492,US,PGR,,AIA TRIAL PROCEEDING FILED BEFORE THE PATENT AND APPEAL BOARD: POST-GRANT REVIEW,AIA TRIAL PROCEEDING FILED BEFORE THE PATENT AND APPEAL BOARD:POST-GRANT REVIEW,L,IP RIGHT REVIEW REQUEST,NEUTRAL,False
4493,US,PGRC,,TRIAL AND APPEAL BOARD: POST-GRANT REVIEW CERTIFICATE,TRIAL AND APPEAL BOARD: POST-GRANT REVIEW CERTIFICATE,L,IP RIGHT REVIEW REQUEST,NEUTRAL,False
4494,US,PRDP,+,PATENT REINSTATED DUE TO THE ACCEPTANCE OF A LATE MAINTENANCE FEE,PATENT REINSTATED DUE TO THE ACCEPTANCE OF A LATE MAINTENANCE FEE,K,IP RIGHT REVIVAL,ALIVE,False
4495,US,PS,,PATENT SUIT(S) FILED,PATENT SUIT(S) FILED,,,NEUTRAL,False
4496,US,PTEF,,APPLICATION FOR A PATENT TERM EXTENSION,APPLICATION FOR A PATENT TERM EXTENSION,G,PROTECTION BEYOND IP RIGHT TERM,PENDING,False
4497,US,PTEG,+,GRANT OF A PATENT TERM EXTENSION,GRANT OF A PATENT TERM EXTENSION,G,PROTECTION BEYOND IP RIGHT TERM,ALIVE,False
4498,US,PTER,,"REJECTION OF A REQUEST FOR PATENT TERM EXTENSION (FOR EG. INELIGIBLE, DISMISSAL, WITHDRAWAL, ETC)","REJECTION OF A REQUEST FOR PATENT TERM EXTENSION (FOR EG. INELIGIBLE, DISMISSAL, WITHDRAWAL, ETC)",G,PROTECTION BEYOND IP RIGHT TERM,NEUTRAL,False
4499,US,REFU,,REFUND,REFUND,U,PAYMENT,NEUTRAL,False
4500,US,REIN,+,REINSTATEMENT AFTER MAINTENANCE FEE PAYMENT CONFIRMED,REINSTATEMENT AFTER MAINTENANCE FEE PAYMENT CONFIRMED,K,IP RIGHT REVIVAL,ALIVE,False
4501,US,REMI,,MAINTENANCE FEE REMINDER MAILED,MAINTENANCE FEE REMINDER MAILED,U,PAYMENT,NEUTRAL,False
4502,US,RF,,REISSUE APPLICATION FILED,REISSUE APPL. FILED,L,IP RIGHT REVIEW REQUEST,PENDING,False
4503,US,RN,+,RECISSION OF NOTICE OF PATENT EXPIRATION,RECISSION OF NOTICE OF PATENT EXPIRATION,,,UNKNOWN,False
4504,US,RR,+,REQUEST FOR REEXAMINATION FILED,REQUEST FOR REEXAMINATION FILED,L,IP RIGHT REVIEW REQUEST,PENDING,False
4505,US,STCA,,INFORMATION ON STATUS: APPLICATION FILING,[NO DESCRIPTION IN ORIGINAL LANGUAGE],A,APPLICATION FILING,PENDING,False
4506,US,STCB,-,INFORMATION ON STATUS: APPLICATION DISCONTINUATION,[NO DESCRIPTION IN ORIGINAL LANGUAGE],B,APPLICATION DISCONTINUATION,DEAD,False
4507,US,STCC,+,INFORMATION ON STATUS: APPLICATION REVIVAL,[NO DESCRIPTION IN ORIGINAL LANGUAGE],C,APPLICATION REVIVAL,ALIVE,False
4508,US,STCE,,INFORMATION ON STATUS: PRE-GRANT REVIEW,[NO DESCRIPTION IN ORIGINAL LANGUAGE],E,PRE-GRANT REVIEW REQUEST,PENDING,False
4509,US,STCF,,INFORMATION ON STATUS: PATENT GRANT,[NO DESCRIPTION IN ORIGINAL LANGUAGE],F,IP RIGHT GRANT,NEUTRAL,False
4510,US,STCH,-,INFORMATION ON STATUS: PATENT DISCONTINUATION,[NO DESCRIPTION IN ORIGINAL LANGUAGE],H,IP RIGHT CESSATION,DEAD,False
4511,US,STCK,+,INFORMATION ON STATUS: PATENT REVIVAL,[NO DESCRIPTION IN ORIGINAL LANGUAGE],K,IP RIGHT REVIVAL,ALIVE,False
4512,US,STCL,,INFORMATION ON STATUS: POST-GRANT REVIEW,[NO DESCRIPTION IN ORIGINAL LANGUAGE],L,IP RIGHT REVIEW REQUEST,NEUTRAL,False
4513,US,STCT,-,INFORMATION ON STATUS: ADMINISTRATIVE PROCEDURE ADJUSTMENT,[NO DESCRIPTION IN ORIGINAL LANGUAGE],T,ADMINISTRATIVE PROCEDURE ADJUSTMENT,UNKNOWN,False
4514,US,STCV,,INFORMATION ON STATUS: APPEAL PROCEDURE,[NO DESCRIPTION IN ORIGINAL LANGUAGE],V,APPEAL,NEUTRAL,False
4515,US,STPP,,INFORMATION ON STATUS: PATENT APPLICATION AND GRANTING PROCEDURE IN GENERAL,[NO DESCRIPTION IN ORIGINAL LANGUAGE],Z,CLASSIFICATION PENDING,PENDING,False
4516,US,SULP,+,SURCHARGE FOR LATE PAYMENT,SURCHARGE FOR LATE PAYMENT,U,PAYMENT,UNKNOWN,False
4517,US,WDB1,-,REEXAMINATION: THIS PATENT WAS WITHDRAWN PRIOR TO ISSUE,REEXAMINATION: THIS PATENT WAS WITHDRAWN PRIOR TO ISSUE,L,IP RIGHT REVIEW REQUEST,PENDING,False
4518,US,WDR,-,PATENT WITHDRAWN ACCORDING TO LISTING ISSUED BY THE USPTO ON PRS-DATE,PATENT WITHDRAWN ACCORDING TO LISTING ISSUED BY THE USPTO ON PRS-DATE,H,IP RIGHT CESSATION,DEAD,False
4519,US,X,-,NO DOCUMENT PUBLISHED,NO DOCUMENT PUBLISHED,Q,DOCUMENT PUBLICATION,PENDING,False
4520,US,XAS,,NOT ANY MORE IN US ASSIGNMENT DATABASE,NOT ANY MORE IN US ASSIGNMENT DATABASE,R,PARTY DATA CHANGE,NEUTRAL,False
4521,US,XB,-,PATENT (REEXAMINATION CERTIFICATE) NOT ISSUED,PATENT (REEXAMINATION CERTIFICATE) NOT ISSUED,,,PENDING,False
4522,US,XX,,MISCELLANEOUS:,MISCELLANEOUS:,Z,CLASSIFICATION PENDING,NEUTRAL,False
4523,US,ZAAA,,NOTICE OF ALLOWANCE AND FEES DUE,NOTICE OF ALLOWANCE AND FEES DUE (PTOL-85),D,SEARCH AND EXAMINATION,PENDING,False
4524,US,ZAAB,,NOTICE OF ALLOWANCE MAILED,MAIL NOTICE OF ALLOWANCE,D,SEARCH AND EXAMINATION,PENDING,False
4525,UY,104,-,APPLICATION DEEMED TO BE WITHDRAWN (NO SUBSTANTIVE EXAMINATION FEE PAID),RESOLUCION ABANDONO PATENTE (NO PAGO EXAMEN FONDO),B,APPLICATION DISCONTINUATION,DEAD,False
4526,UY,105,-,APPLICATION DEEMED TO BE WITHDRAWN (NO GRANT FEE PAID),RESOLUCION DESISTIDA PATENTE (NO PAGO CONCESION),B,APPLICATION DISCONTINUATION,DEAD,False
4527,UY,109,-,APPLICATION DEEMED TO BE WITHDRAWN,RESOLUCION ABANDONO PATENTE,B,APPLICATION DISCONTINUATION,DEAD,False
4528,UY,110,+,PATENT GRANTED,ASIGNACION DE NUMERO DE PATENTE,F,IP RIGHT GRANT,ALIVE,True
4529,UY,ABAN,-,APPLICATION DEEMED TO BE WITHDRAWN (NO PUBLICATION FEE PAID),RESOLUCION ABANDONO PATENTE (NO PAGO PUBLICACION),B,APPLICATION DISCONTINUATION,DEAD,False
4530,UY,DESI,-,APPLICATION DEEMED TO BE WITHDRAWN,RESOLUCION DESISTIDA PATENTE,B,APPLICATION DISCONTINUATION,DEAD,False
4531,UY,RDES,-,APPLICATION REFUSED,RESOLUCION DESESTIMACION PATENTE,B,APPLICATION DISCONTINUATION,DEAD,False
4532,UY,VENC,-,PATENT EXPIRED,VENCIMIENTO DE VIGENCIA,H,IP RIGHT CESSATION,DEAD,False
4533,WO,121,,EP: THE EPO HAS BEEN INFORMED BY WIPO THAT EP WAS DESIGNATED IN THIS APPLICATION,EP: THE EPO HAS BEEN INFORMED BY WIPO THAT EP WAS DESIGNATED IN THIS APPLICATION,W,OTHER,PENDING,False
4534,WO,122,-,EP: PCT APPLICATION NON-ENTRY IN EUROPEAN PHASE,EP: PCT ANMELDUNG NICHT IN EUROPAEISCHE PHASE EINGETRETEN,A,APPLICATION FILING,PENDING,False
4535,WO,32PN,-,EP: PUBLIC NOTIFICATION IN THE EP BULLETIN AS ADDRESS OF THE ADRESSEE CANNOT BE ESTABLISHED,"EP: PUBLIC NOTIFICATION UNDER RULE 80 EPC, NOTIFIED IN THE EP BULLETIN",W,OTHER,UNKNOWN,False
4536,WO,708H,,GB: DETERMINATION BEFORE GRANT OF UK ENTITLEMENT (SECTION 8(1)/1977),GB: DETERMINATION BEFORE GRANT OF UK ENTITLEMENT (SECTION 8(1)/1977),,,NEUTRAL,False
4537,WO,710B,,GB: PROCEEDING UNDER RULE 110(4) PATENTS ACT 1977,GB: PROCEEDING UNDER RULE 110(4) PATENTS ACT 1977,,,NEUTRAL,False
4538,WO,712F,,GB: DETERMINATION OF FOREIGN ENTITLEMENT (SECTION 12(1)/1977),GB: DETERMINATION OF FOREIGN ENTITLEMENT (SECTION 12(1)/1977),D,SEARCH AND EXAMINATION,PENDING,False
4539,WO,712G,,GB: DETERMINATION OF FOREIGN ENTITLEMENT (SECT. 12(1)/1977) WITHDRAWN,GB: DETERMINATION OF FOREIGN ENTITLEMENT (SECT. 12(1)/1977) WITHDRAWN,W,OTHER,NEUTRAL,False
4540,WO,712J,,GB: REFERENCE DECIDED BY THE COMPTROLLER - REF. UNDER SECT. 12(1) DETERMINATION OF FOREIGN ENTITLEMENT,GB: REFERENCE DECIDED BY THE COMPTROLLER - REF. UNDER SECT. 12(1) DETERMINATION OF FOREIGN ENTITLEMENT,D,SEARCH AND EXAMINATION,PENDING,False
4541,WO,713B,,GB: PROCEEDING UNDER SECTION 13(1) PATENTS ACT 1977,GB: PROCEEDING UNDER SECTION 13(1) PATENTS ACT 1977,W,OTHER,NEUTRAL,False
4542,WO,713C,,GB: PROC. UNDER SECT. 13(3) PAT. ACT 1977,GB: PROC. UNDER SECT. 13(3) PAT. ACT 1977,W,OTHER,NEUTRAL,False
4543,WO,713D,,GB: PROCEEDINGS UNDER SECT. 13(1) PAT. ACT 1977 ** APPLICATION FILED,GB: PROC. UNDER SECT. 13(1) PAT. ACT 1977 ** APPL. FILED,W,OTHER,PENDING,False
4544,WO,713F,,GB: APPLICATION FOR MENTION OF INVENTOR (SECT. 13(1)/1977) ALLOWED,GB: APPLICATION FOR MENTION OF INVENTOR (SECT. 13(1)/1977) ALLOWED,W,OTHER,PENDING,False
4545,WO,713H,,GB: APPLICATION FILED FOR A PERSON NOT BE MENTIONED AS AN INVENTOR - SECTION 13(3) PAT. ACTS 1972,GB: APPLICATION FILED FOR A PERSON NOT BE MENTIONED AS AN INVENTOR - SECTION 13(3) PAT. ACTS 1972,W,OTHER,PENDING,False
4546,WO,AK,+,DESIGNATED STATES,DESIGNATED STATES,W,OTHER,UNKNOWN,False
4547,WO,AL,+,DESIGNATED COUNTRIES FOR REGIONAL PATENTS,DESIGNATED COUNTRIES FOR REGIONAL PATENTS,W,OTHER,UNKNOWN,False
4548,WO,AN,+,ELECTED STATES,ELECTED STATES,,,UNKNOWN,False
4549,WO,B,+,LATER PUBLICATION OF AMENDED CLAIMS,LATER PUB. OF AMENDED CLAIMS,T,ADMINISTRATIVE PROCEDURE ADJUSTMENT,PENDING,False
4550,WO,CFP,,CORRECTED VERSION OF A PAMPHLET FRONT PAGE,CORRECTED VERSION OF A PAMPHLET FRONT PAGE,P,RE-PUBLICATION OF DOCUMENT AFTER MODIFICATION,PENDING,False
4551,WO,COP,,CORRECTED VERSION OF PAMPHLET,CORRECTED VERSION OF PAMPHLET,P,RE-PUBLICATION OF DOCUMENT AFTER MODIFICATION,PENDING,False
4552,WO,CR1,,CORRECTION OF ENTRY IN SECTION I,CORRECTION OF ENTRY IN SECT. I,Y,CORRECTION AND DELETION OF EVENT INFORMATION,NEUTRAL,False
4553,WO,D17,,DECLARATION UNDER ARTICLE 17(2)A,DECLARATION UNDER ARTICLE 17(2)A,D,SEARCH AND EXAMINATION,PENDING,False
4554,WO,DFPE,,REQUEST FOR PRELIMINARY EXAMINATION FILED PRIOR TO EXPIRATION OF 19TH MONTH FROM PRIORITY DATE (PCT APPLICATION FILED BEFORE 20040101),REQUEST FOR PRELIMINARY EXAMINATION FILED PRIOR TO EXPIRATION OF 19TH MONTH FROM PRIORITY DATE (PCT APPLICATION FILED BEFORE 20040101),D,SEARCH AND EXAMINATION,PENDING,False
4555,WO,DPE1,,REQUEST FOR PRELIMINARY EXAMINATION FILED AFTER EXPIRATION OF 19TH MONTH FROM PRIORITY DATE (PCT APPLICATION FILED FROM 20040101),REQUEST FOR PRELIMINARY EXAMINATION FILED AFTER EXPIRATION OF 19TH MONTH FROM PRIORITY DATE (PCT APPLICATION FILED FROM 20040101),D,SEARCH AND EXAMINATION,PENDING,False
4556,WO,DPE2,,REQUEST FOR PRELIMINARY EXAMINATION FILED BEFORE EXPIRATION OF 19TH MONTH FROM PRIORITY DATE (PCT APPLICATION FILED FROM 20040101),REQUEST FOR PRELIMINARY EXAMINATION FILED BEFORE EXPIRATION OF 19TH MONTH FROM PRIORITY DATE (PCT APPLICATION FILED FROM 20040101),D,SEARCH AND EXAMINATION,PENDING,False
4557,WO,DPEN,,REQUEST FOR PRELIMINARY EXAMINATION FILED PRIOR TO EXPIRATION OF 19TH MONTH FROM PRIORITY DATE (PCT APPLICATION FILED FROM 20040101),REQUEST FOR PRELIMINARY EXAMINATION FILED PRIOR TO EXPIRATION OF 19TH MONTH FROM PRIORITY DATE (PCT APPLICATION FILED AFTER 20040101),D,SEARCH AND EXAMINATION,PENDING,False
4558,WO,EF,+,FR: CONVERSION TO FRENCH PATENT APPLICATION,FR: TRANSFORMEE EN DEMANDE DE BREVET FRANCAIS,,,PENDING,False
4559,WO,EFNL,+,NL: LAYING OPEN TO PUBLIC INSPECTION OF TRANSLATIONS INTO THE NETHERLANDS LANGUAGE OF CLAIMS OF A EUROPEAN PATENT APPLICATION,"NL: IN HET OCTROOIREGISTER INGESCHREVEN IN HET NEDERLANDS GESTELDE VERTALINGEN VAN CONCLUSIES, BEHORENDE BIJ EUROPESE OCTROOIA",W,OTHER,PENDING,False
4560,WO,EL,+,FR: TRANSLATION OF CLAIMS FILED,FR: TRADUCTION DES REVENDICATIONS A ETE REMISE,W,OTHER,NEUTRAL,False
4561,WO,EM,+,FR: REVISED TRANSLATION OF CLAIMS FILED,FR: TRADUCTION REVISEE DES REVENDICATIONS A ETE REMISE,,,NEUTRAL,False
4562,WO,ENP,,ENTRY INTO THE NATIONAL PHASE,ENTRY INTO THE NATIONAL PHASE,A,APPLICATION FILING,PENDING,False
4563,WO,ENPC,-,"CORRECTION TO FORMER ANNOUNCEMENT OF ENTRY INTO NATIONAL PHASE, PCT APPLICATION DID NOT ENTER INTO THE NATIONAL PHASE","CORRECTION TO FORMER ANNOUNCEMENT OF ENTRY INTO NATIONAL PHASE, PCT APPLICATION DID NOT ENTER INTO THE NATIONAL PHASE",Y,CORRECTION AND DELETION OF EVENT INFORMATION,PENDING,False
4564,WO,ENPW,-,STARTED TO ENTER NATIONAL PHASE AND WAS WITHDRAWN OR FAILED FOR OTHER REASONS,STARTED TO ENTER NATIONAL PHASE AND WAS WITHDRAWN OR FAILED FOR OTHER REASONS,B,APPLICATION DISCONTINUATION,DEAD,False
4565,WO,ENPZ,+,FORMER ANNOUNCEMENT OF THE WITHDRAWAL OF THE ENTRY INTO THE NATIONAL PHASE WAS WRONG,FORMER ANNOUNCEMENT OF THE WITHDRAWAL OF THE ENTRY INTO THE NATIONAL PHASE WAS WRONG,Y,CORRECTION AND DELETION OF EVENT INFORMATION,NEUTRAL,False
4566,WO,ERR,,ERRATUM:,ERRATUM:,Y,CORRECTION AND DELETION OF EVENT INFORMATION,NEUTRAL,False
4567,WO,ET4,,FR: EP REQUESTED - TRANSLATION OF CLAIMS RECEIVED BY INPI,FR: DEMANDE DE BREV. EUR. - TRADUCTIONS DES REVENDICATIONS REMISES A L'INPI,W,OTHER,NEUTRAL,False
4568,WO,EX32,,EXTENSION UNDER RULE 32 EFFECTED AFTER COMPLETION OF TECHNICAL PREPARATION FOR INTERNATIONAL PUBLICATION,EXTENSION UNDER RULE 32 EFFECTED AFTER COMPLETION OF TECHNICAL PREPARATION FOR INTERNATIONAL PUBLICATION,W,OTHER,PENDING,False
4569,WO,GBC,+,GB: TRANSLATION OF CLAIMS FILED FOR EP (GB SECTION 78(7)/1977),GB: TRANSLATION OF CLAIMS FILED FOR EP (GB SECTION 78(7)/1977),W,OTHER,NEUTRAL,False
4570,WO,IECL,+,IE: TRANSLATION OF CLAIMS FILED FOR EP (IE SECTION 120(6)),IE: TRANSLATION OF CLAIMS FILED FOR EP (IE SECTION 120(6)),W,OTHER,NEUTRAL,False
4571,WO,LE,,LATER ELECTION FOR INTERNATIONAL APPLICATION FILED PRIOR TO EXPIRATION OF 19TH MONTH FROM PRIORITY DATE,LATER ELECTION FOR INTERNATIONAL APPL. FILED PRIOR TO EXPIRATION OF 19TH MONTH FROM PRIORITY DATE,,,PENDING,False
4572,WO,LE32,,LATER ELECTION FOR INTERNATIONAL APPLICATION FILED PRIOR TO EXPIRATION OF 19TH MONTH FROM PRIORITY DATE OR ACCORDING TO RULE 32.2 (B),LATER ELECTION FOR INTERNATIONAL APPLICATION FILED PRIOR TO EXPIRATION OF 19TH MONTH FROM PRIORITY DATE OR ACCORDING TO RULE 32.2(B),T,ADMINISTRATIVE PROCEDURE ADJUSTMENT,PENDING,False
4573,WO,NENP,,NON-ENTRY INTO THE NATIONAL PHASE,NON-ENTRY INTO THE NATIONAL PHASE,A,APPLICATION FILING,PENDING,False
4574,WO,NLE,+,NL: NOTIFICATIONS CONCERNING APPLICATIONS,NL: RUBRIEK E,,,PENDING,False
4575,WO,RCW,,DECLARATION BY THE RECEIVING OFFICE THAT THE INTERNATIONAL APPLICATION IS CONSIDERED WITHDRAWN,DECLARATION BY THE RECEIVING OFFICE THAT THE INTERNATIONAL APPLICATION IS CONSIDERED WITHDRAWN,,,PENDING,False
4576,WO,REEP,+,REQUEST FOR ENTRY INTO THE EUROPEAN PHASE,REQUEST FOR ENTRY INTO THE EUROPEAN PHASE,A,APPLICATION FILING,PENDING,False
4577,WO,REF,+,CORRESPONDS TO,CORRESPONDS TO,W,OTHER,NEUTRAL,False
4578,WO,REG,,REFERENCE TO NATIONAL CODE,REFERENCE TO NATIONAL CODE,,,NEUTRAL,False
4579,WO,RET,+,DE TRANSLATION (DE OG PART 6B),DE TRANSLATION (DE OG PART 6B),W,OTHER,UNKNOWN,False
4580,WO,TCAT,+,AT: TRANSLATION OF CLAIMS FILED,TRANSLATION OF CLAIMS IN AT SUBMITTED,W,OTHER,NEUTRAL,False
4581,WO,TCNL,+,NL: TRANSLATION OF PATENT CLAIMS OF A EUROPEAN PATENT APPLICATION FILED,NL: TRANSLATION OF PATENT CLAIMS OF A EUROPEAN PATENT APPLICATION FILED,W,OTHER,PENDING,False
4582,WO,WA,-,WITHDRAWAL OF INTERNATIONAL APPLICATION,WITHDRAWAL OF INTERNATIONAL APPLICATION,B,APPLICATION DISCONTINUATION,DEAD,False
4583,WO,WD,-,WITHDRAWAL OF DESIGNATIONS AFTER INTERNATIONAL PUBLICATION,WITHDRAWAL OF DESIGNATIONS AFTER INTERNATIONAL PUB.,W,OTHER,DEAD,False
4584,WO,WPC,-,WITHDRAWAL OF PRIORITY CLAIMS AFTER COMPLETION OF THE TECHNICAL PREPARATIONS FOR INTERNATIONAL PUBLICATION,WITHDRAWAL OF PRIORITY CLAIMS AFTER COMPLETION OF THE TECHNICAL PREPARATIONS FOR INTERNATIONAL PUBLICATION,W,OTHER,DEAD,False
4585,WO,WR,+,LATER PUBLICATION OF A REVISED VERSION OF AN INTERNATIONAL SEARCH REPORT,LATER PUB. OF A REVISED VERSION OF AN INTERNATIONAL SEARCH REPORT,T,ADMINISTRATIVE PROCEDURE ADJUSTMENT,PENDING,False
4586,WO,WRT,+,LATER PUBLICATION OF A REVISED VERSION OF AN INTERNATIONAL SEARCH REPORT TRANSLATION,LATER PUB. OF A REVISED VERSION OF AN INTERNATIONAL SEARCH REPORT TRANSLATION,T,ADMINISTRATIVE PROCEDURE ADJUSTMENT,PENDING,False
4587,WO,WS,+,LATER PUBLICATION OF A SUPPLEMENTARY INTERNATIONAL SEARCH REPORT,LATER PUB. OF A SUPPLEMENTARY INTERNATIONAL SEARCH REPORT,T,ADMINISTRATIVE PROCEDURE ADJUSTMENT,PENDING,False
4588,WO,WSNC,+,LATER PUBLICATION OF A SUPPLEMENTARY INTERNATIONAL SEARCH REPORT TOGETHER WITH A SUPPL. SEARCH REPORT ESTABLISHED BY NON-COMPETENT AUTHORITY,LATER PUB. OF A SUPPLEMENTARY INTERNATIONAL SEARCH REPORT TOGETHER WITH A SUPPL. SEARCH REPORT ESTABLISHED BY NON-COMPETENT AU,T,ADMINISTRATIVE PROCEDURE ADJUSTMENT,PENDING,False
4589,WO,WWC,,WIPO INFORMATION: CONTINUATION OF PROCESSING AFTER REFUSAL OR WITHDRAWAL,WIPO INFORMATION: CONTINUATION OF PROCESSING AFTER REFUSAL OR WITHDRAWAL,C,APPLICATION REVIVAL,PENDING,False
4590,WO,WWD,,WIPO INFORMATION: DIVISIONAL OF INITIAL PCT APPLICATION,WIPO INFORMATION: DIVISIONAL OF INITIAL PCT APPLICATION,A,APPLICATION FILING,PENDING,False
4591,WO,WWE,+,WIPO INFORMATION: ENTRY INTO NATIONAL PHASE,WIPO INFORMATION: ENTRY INTO NATIONAL PHASE,A,APPLICATION FILING,PENDING,False
4592,WO,WWG,+,WIPO INFORMATION: GRANT IN NATIONAL OFFICE,WIPO INFORMATION: GRANT IN NATIONAL OFFICE,F,IP RIGHT GRANT,ALIVE,False
4593,WO,WWP,+,WIPO INFORMATION: PUBLISHED IN NATIONAL OFFICE,WIPO INFORMATION: PUBLISHED IN NATIONAL OFFICE,Q,DOCUMENT PUBLICATION,PENDING,False
4594,WO,WWR,-,WIPO INFORMATION: REFUSED IN NATIONAL OFFICE,WIPO INFORMATION: REFUSED IN NATIONAL OFFICE,B,APPLICATION DISCONTINUATION,DEAD,False
4595,WO,WWW,-,WIPO INFORMATION: WITHDRAWN IN NATIONAL OFFICE,WIPO INFORMATION: WITHDRAWN IN NATIONAL OFFICE,B,APPLICATION DISCONTINUATION,DEAD,False
4596,WO,WWX,-,FORMER PCT APPLICATION EXPIRED IN NATIONAL OFFICE,FORMER PCT APPLICATION EXPIRED IN NATIONAL OFFICE,Z,CLASSIFICATION PENDING,DEAD,False
4597,WO,X,-,NO DOCUMENT PUBLISHED UNDER THIS NUMBER,NO DOCUMENT PUBLISHED UNDER THIS NUMBER,,,UNKNOWN,False
4598,WO,XX,,MISCELLANEOUS:,MISCELLANEOUS:,Z,CLASSIFICATION PENDING,NEUTRAL,False
